ISO-10303-21;
HEADER;
/* Generated by software containing ST-Developer
 * from STEP Tools, Inc. (www.steptools.com) 
 */

FILE_DESCRIPTION(
/* description */ (''),
/* implementation_level */ '2;1');

FILE_NAME(
/* name */ 'TurnTable 340mm.stp',
/* time_stamp */ '2025-07-29T09:40:26+07:00',
/* author */ ('payo'),
/* organization */ (''),
/* preprocessor_version */ 'ST-DEVELOPER v19.2',
/* originating_system */ 'Autodesk Inventor 2024',
/* authorisation */ '');

FILE_SCHEMA (('AUTOMOTIVE_DESIGN { 1 0 10303 214 3 1 1 }'));
ENDSEC;

DATA;
#10=MECHANICAL_DESIGN_GEOMETRIC_PRESENTATION_REPRESENTATION('',(#104,#105,
#106,#107,#108),#10666);
#11=CONTEXT_DEPENDENT_OVER_RIDING_STYLED_ITEM('',(#10721),#10693,#108,(#25));
#12=MAPPED_ITEM('',#13,#6073);
#13=REPRESENTATION_MAP(#6073,#10692);
#14=ITEM_DEFINED_TRANSFORMATION($,$,#5505,#6062);
#15=ITEM_DEFINED_TRANSFORMATION($,$,#5685,#6063);
#16=ITEM_DEFINED_TRANSFORMATION($,$,#5728,#6064);
#17=ITEM_DEFINED_TRANSFORMATION($,$,#6019,#6065);
#18=ITEM_DEFINED_TRANSFORMATION($,$,#6019,#6066);
#19=ITEM_DEFINED_TRANSFORMATION($,$,#6019,#6067);
#20=ITEM_DEFINED_TRANSFORMATION($,$,#6019,#6068);
#21=ITEM_DEFINED_TRANSFORMATION($,$,#6019,#6069);
#22=ITEM_DEFINED_TRANSFORMATION($,$,#6019,#6070);
#23=ITEM_DEFINED_TRANSFORMATION($,$,#6019,#6071);
#24=ITEM_DEFINED_TRANSFORMATION($,$,#6019,#6072);
#25=(
REPRESENTATION_RELATIONSHIP($,$,#10693,#10692)
REPRESENTATION_RELATIONSHIP_WITH_TRANSFORMATION(#14)
SHAPE_REPRESENTATION_RELATIONSHIP()
);
#26=(
REPRESENTATION_RELATIONSHIP($,$,#10694,#10692)
REPRESENTATION_RELATIONSHIP_WITH_TRANSFORMATION(#15)
SHAPE_REPRESENTATION_RELATIONSHIP()
);
#27=(
REPRESENTATION_RELATIONSHIP($,$,#10695,#10692)
REPRESENTATION_RELATIONSHIP_WITH_TRANSFORMATION(#16)
SHAPE_REPRESENTATION_RELATIONSHIP()
);
#28=(
REPRESENTATION_RELATIONSHIP($,$,#10696,#10692)
REPRESENTATION_RELATIONSHIP_WITH_TRANSFORMATION(#17)
SHAPE_REPRESENTATION_RELATIONSHIP()
);
#29=(
REPRESENTATION_RELATIONSHIP($,$,#10696,#10692)
REPRESENTATION_RELATIONSHIP_WITH_TRANSFORMATION(#18)
SHAPE_REPRESENTATION_RELATIONSHIP()
);
#30=(
REPRESENTATION_RELATIONSHIP($,$,#10696,#10692)
REPRESENTATION_RELATIONSHIP_WITH_TRANSFORMATION(#19)
SHAPE_REPRESENTATION_RELATIONSHIP()
);
#31=(
REPRESENTATION_RELATIONSHIP($,$,#10696,#10692)
REPRESENTATION_RELATIONSHIP_WITH_TRANSFORMATION(#20)
SHAPE_REPRESENTATION_RELATIONSHIP()
);
#32=(
REPRESENTATION_RELATIONSHIP($,$,#10696,#10692)
REPRESENTATION_RELATIONSHIP_WITH_TRANSFORMATION(#21)
SHAPE_REPRESENTATION_RELATIONSHIP()
);
#33=(
REPRESENTATION_RELATIONSHIP($,$,#10696,#10692)
REPRESENTATION_RELATIONSHIP_WITH_TRANSFORMATION(#22)
SHAPE_REPRESENTATION_RELATIONSHIP()
);
#34=(
REPRESENTATION_RELATIONSHIP($,$,#10696,#10692)
REPRESENTATION_RELATIONSHIP_WITH_TRANSFORMATION(#23)
SHAPE_REPRESENTATION_RELATIONSHIP()
);
#35=(
REPRESENTATION_RELATIONSHIP($,$,#10696,#10692)
REPRESENTATION_RELATIONSHIP_WITH_TRANSFORMATION(#24)
SHAPE_REPRESENTATION_RELATIONSHIP()
);
#36=CONTEXT_DEPENDENT_SHAPE_REPRESENTATION(#25,#10681);
#37=CONTEXT_DEPENDENT_SHAPE_REPRESENTATION(#26,#10682);
#38=CONTEXT_DEPENDENT_SHAPE_REPRESENTATION(#27,#10683);
#39=CONTEXT_DEPENDENT_SHAPE_REPRESENTATION(#28,#10684);
#40=CONTEXT_DEPENDENT_SHAPE_REPRESENTATION(#29,#10685);
#41=CONTEXT_DEPENDENT_SHAPE_REPRESENTATION(#30,#10686);
#42=CONTEXT_DEPENDENT_SHAPE_REPRESENTATION(#31,#10687);
#43=CONTEXT_DEPENDENT_SHAPE_REPRESENTATION(#32,#10688);
#44=CONTEXT_DEPENDENT_SHAPE_REPRESENTATION(#33,#10689);
#45=CONTEXT_DEPENDENT_SHAPE_REPRESENTATION(#34,#10690);
#46=CONTEXT_DEPENDENT_SHAPE_REPRESENTATION(#35,#10691);
#47=NEXT_ASSEMBLY_USAGE_OCCURRENCE('Base:1','Base:1','Base:1',#10698,#10699,
'Base:1');
#48=NEXT_ASSEMBLY_USAGE_OCCURRENCE('Bearing Lock:1','Bearing Lock:1',
'Bearing Lock:1',#10698,#10700,'Bearing Lock:1');
#49=NEXT_ASSEMBLY_USAGE_OCCURRENCE('Plate 340:1','Plate 340:1',
'Plate 340:1',#10698,#10701,'Plate 340:1');
#50=NEXT_ASSEMBLY_USAGE_OCCURRENCE('Target 340:1','Target 340:1',
'Target 340:1',#10698,#10702,'Target 340:1');
#51=NEXT_ASSEMBLY_USAGE_OCCURRENCE('Target 340:2','Target 340:2',
'Target 340:2',#10698,#10702,'Target 340:2');
#52=NEXT_ASSEMBLY_USAGE_OCCURRENCE('Target 340:3','Target 340:3',
'Target 340:3',#10698,#10702,'Target 340:3');
#53=NEXT_ASSEMBLY_USAGE_OCCURRENCE('Target 340:4','Target 340:4',
'Target 340:4',#10698,#10702,'Target 340:4');
#54=NEXT_ASSEMBLY_USAGE_OCCURRENCE('Target 340:5','Target 340:5',
'Target 340:5',#10698,#10702,'Target 340:5');
#55=NEXT_ASSEMBLY_USAGE_OCCURRENCE('Target 340:6','Target 340:6',
'Target 340:6',#10698,#10702,'Target 340:6');
#56=NEXT_ASSEMBLY_USAGE_OCCURRENCE('Target 340:7','Target 340:7',
'Target 340:7',#10698,#10702,'Target 340:7');
#57=NEXT_ASSEMBLY_USAGE_OCCURRENCE('Target 340:8','Target 340:8',
'Target 340:8',#10698,#10702,'Target 340:8');
#58=ELLIPSE('',#6038,6.93635913587487,6.);
#59=ELLIPSE('',#6039,2.40370085030933,2.);
#60=ELLIPSE('',#6042,13.3662160142681,6.);
#61=ELLIPSE('',#6049,6.21335262607671,6.);
#62=ELLIPSE('',#6050,13.3662160142681,6.);
#63=ELLIPSE('',#6054,2.40370085030933,2.);
#64=(
BOUNDED_CURVE()
B_SPLINE_CURVE(2,(#9596,#9597,#9598),.UNSPECIFIED.,.F.,.F.)
B_SPLINE_CURVE_WITH_KNOTS((3,3),(1.37086712833747,1.52918419435873),
 .UNSPECIFIED.)
CURVE()
GEOMETRIC_REPRESENTATION_ITEM()
RATIONAL_B_SPLINE_CURVE((1.00010265688745,1.00005725620174,1.))
REPRESENTATION_ITEM('')
);
#65=(
BOUNDED_CURVE()
B_SPLINE_CURVE(2,(#9602,#9603,#9604),.UNSPECIFIED.,.F.,.F.)
B_SPLINE_CURVE_WITH_KNOTS((3,3),(0.,0.158317066019438),.UNSPECIFIED.)
CURVE()
GEOMETRIC_REPRESENTATION_ITEM()
RATIONAL_B_SPLINE_CURVE((1.,1.00005725620131,1.00010265688668))
REPRESENTATION_ITEM('')
);
#66=(
BOUNDED_CURVE()
B_SPLINE_CURVE(2,(#9740,#9741,#9742),.UNSPECIFIED.,.F.,.F.)
B_SPLINE_CURVE_WITH_KNOTS((3,3),(1.37086712832278,1.52918419434285),
 .UNSPECIFIED.)
CURVE()
GEOMETRIC_REPRESENTATION_ITEM()
RATIONAL_B_SPLINE_CURVE((1.00010265688691,1.00005725620144,1.))
REPRESENTATION_ITEM('')
);
#67=(
BOUNDED_CURVE()
B_SPLINE_CURVE(2,(#9744,#9745,#9746),.UNSPECIFIED.,.F.,.F.)
B_SPLINE_CURVE_WITH_KNOTS((3,3),(0.,0.158317066022553),.UNSPECIFIED.)
CURVE()
GEOMETRIC_REPRESENTATION_ITEM()
RATIONAL_B_SPLINE_CURVE((1.,1.00005725620169,1.00010265688735))
REPRESENTATION_ITEM('')
);
#68=(
BOUNDED_CURVE()
B_SPLINE_CURVE(2,(#9756,#9757,#9758),.UNSPECIFIED.,.F.,.F.)
B_SPLINE_CURVE_WITH_KNOTS((3,3),(1.37086712833799,1.52918419435873),
 .UNSPECIFIED.)
CURVE()
GEOMETRIC_REPRESENTATION_ITEM()
RATIONAL_B_SPLINE_CURVE((1.00010265688769,1.00005725620188,1.))
REPRESENTATION_ITEM('')
);
#69=(
BOUNDED_CURVE()
B_SPLINE_CURVE(2,(#9760,#9761,#9762),.UNSPECIFIED.,.F.,.F.)
B_SPLINE_CURVE_WITH_KNOTS((3,3),(0.,0.158317066019321),.UNSPECIFIED.)
CURVE()
GEOMETRIC_REPRESENTATION_ITEM()
RATIONAL_B_SPLINE_CURVE((1.,1.00005725620159,1.00010265688717))
REPRESENTATION_ITEM('')
);
#70=(
BOUNDED_CURVE()
B_SPLINE_CURVE(2,(#9772,#9773,#9774),.UNSPECIFIED.,.F.,.F.)
B_SPLINE_CURVE_WITH_KNOTS((3,3),(1.37086712832293,1.52918419434285),
 .UNSPECIFIED.)
CURVE()
GEOMETRIC_REPRESENTATION_ITEM()
RATIONAL_B_SPLINE_CURVE((1.00010265688726,1.00005725620164,1.))
REPRESENTATION_ITEM('')
);
#71=(
BOUNDED_CURVE()
B_SPLINE_CURVE(2,(#9776,#9777,#9778),.UNSPECIFIED.,.F.,.F.)
B_SPLINE_CURVE_WITH_KNOTS((3,3),(0.,0.158317066022424),.UNSPECIFIED.)
CURVE()
GEOMETRIC_REPRESENTATION_ITEM()
RATIONAL_B_SPLINE_CURVE((1.,1.00005725620159,1.00010265688717))
REPRESENTATION_ITEM('')
);
#72=(
BOUNDED_CURVE()
B_SPLINE_CURVE(2,(#9788,#9789,#9790),.UNSPECIFIED.,.F.,.F.)
B_SPLINE_CURVE_WITH_KNOTS((3,3),(1.37086712833748,1.52918419435873),
 .UNSPECIFIED.)
CURVE()
GEOMETRIC_REPRESENTATION_ITEM()
RATIONAL_B_SPLINE_CURVE((1.00010265688758,1.00005725620182,1.))
REPRESENTATION_ITEM('')
);
#73=(
BOUNDED_CURVE()
B_SPLINE_CURVE(2,(#9792,#9793,#9794),.UNSPECIFIED.,.F.,.F.)
B_SPLINE_CURVE_WITH_KNOTS((3,3),(0.,0.158317066019764),.UNSPECIFIED.)
CURVE()
GEOMETRIC_REPRESENTATION_ITEM()
RATIONAL_B_SPLINE_CURVE((1.,1.00005725620142,1.00010265688687))
REPRESENTATION_ITEM('')
);
#74=(
BOUNDED_CURVE()
B_SPLINE_CURVE(2,(#9804,#9805,#9806),.UNSPECIFIED.,.F.,.F.)
B_SPLINE_CURVE_WITH_KNOTS((3,3),(1.37086712832319,1.52918419434285),
 .UNSPECIFIED.)
CURVE()
GEOMETRIC_REPRESENTATION_ITEM()
RATIONAL_B_SPLINE_CURVE((1.00010265688678,1.00005725620137,1.))
REPRESENTATION_ITEM('')
);
#75=(
BOUNDED_CURVE()
B_SPLINE_CURVE(2,(#9808,#9809,#9810),.UNSPECIFIED.,.F.,.F.)
B_SPLINE_CURVE_WITH_KNOTS((3,3),(0.,0.158317066022616),.UNSPECIFIED.)
CURVE()
GEOMETRIC_REPRESENTATION_ITEM()
RATIONAL_B_SPLINE_CURVE((1.,1.00005725620166,1.0001026568873))
REPRESENTATION_ITEM('')
);
#76=(
BOUNDED_CURVE()
B_SPLINE_CURVE(2,(#9820,#9821,#9822),.UNSPECIFIED.,.F.,.F.)
B_SPLINE_CURVE_WITH_KNOTS((3,3),(1.37086712833703,1.52918419435874),
 .UNSPECIFIED.)
CURVE()
GEOMETRIC_REPRESENTATION_ITEM()
RATIONAL_B_SPLINE_CURVE((1.00010265688709,1.00005725620154,1.))
REPRESENTATION_ITEM('')
);
#77=(
BOUNDED_CURVE()
B_SPLINE_CURVE(2,(#9824,#9825,#9826),.UNSPECIFIED.,.F.,.F.)
B_SPLINE_CURVE_WITH_KNOTS((3,3),(0.,0.15831706601952),.UNSPECIFIED.)
CURVE()
GEOMETRIC_REPRESENTATION_ITEM()
RATIONAL_B_SPLINE_CURVE((1.,1.00005725620161,1.00010265688721))
REPRESENTATION_ITEM('')
);
#78=(
BOUNDED_CURVE()
B_SPLINE_CURVE(2,(#9836,#9837,#9838),.UNSPECIFIED.,.F.,.F.)
B_SPLINE_CURVE_WITH_KNOTS((3,3),(1.3708671283232,1.52918419434285),
 .UNSPECIFIED.)
CURVE()
GEOMETRIC_REPRESENTATION_ITEM()
RATIONAL_B_SPLINE_CURVE((1.00010265688736,1.0000572562017,1.))
REPRESENTATION_ITEM('')
);
#79=(
BOUNDED_CURVE()
B_SPLINE_CURVE(2,(#9840,#9841,#9842),.UNSPECIFIED.,.F.,.F.)
B_SPLINE_CURVE_WITH_KNOTS((3,3),(0.,0.158317066022314),.UNSPECIFIED.)
CURVE()
GEOMETRIC_REPRESENTATION_ITEM()
RATIONAL_B_SPLINE_CURVE((1.,1.00005725620173,1.00010265688742))
REPRESENTATION_ITEM('')
);
#80=(
BOUNDED_CURVE()
B_SPLINE_CURVE(2,(#9852,#9853,#9854),.UNSPECIFIED.,.F.,.F.)
B_SPLINE_CURVE_WITH_KNOTS((3,3),(1.37086712833712,1.52918419435873),
 .UNSPECIFIED.)
CURVE()
GEOMETRIC_REPRESENTATION_ITEM()
RATIONAL_B_SPLINE_CURVE((1.00010265688774,1.00005725620191,1.))
REPRESENTATION_ITEM('')
);
#81=(
BOUNDED_CURVE()
B_SPLINE_CURVE(2,(#9856,#9857,#9858),.UNSPECIFIED.,.F.,.F.)
B_SPLINE_CURVE_WITH_KNOTS((3,3),(0.,0.158317066019594),.UNSPECIFIED.)
CURVE()
GEOMETRIC_REPRESENTATION_ITEM()
RATIONAL_B_SPLINE_CURVE((1.,1.00005725620144,1.00010265688691))
REPRESENTATION_ITEM('')
);
#82=(
BOUNDED_CURVE()
B_SPLINE_CURVE(2,(#9868,#9869,#9870),.UNSPECIFIED.,.F.,.F.)
B_SPLINE_CURVE_WITH_KNOTS((3,3),(1.3708671283225,1.52918419434285),
 .UNSPECIFIED.)
CURVE()
GEOMETRIC_REPRESENTATION_ITEM()
RATIONAL_B_SPLINE_CURVE((1.00010265688625,1.00005725620108,1.))
REPRESENTATION_ITEM('')
);
#83=(
BOUNDED_CURVE()
B_SPLINE_CURVE(2,(#9872,#9873,#9874),.UNSPECIFIED.,.F.,.F.)
B_SPLINE_CURVE_WITH_KNOTS((3,3),(0.,0.158317066022533),.UNSPECIFIED.)
CURVE()
GEOMETRIC_REPRESENTATION_ITEM()
RATIONAL_B_SPLINE_CURVE((1.,1.00005725620174,1.00010265688745))
REPRESENTATION_ITEM('')
);
#84=(
BOUNDED_CURVE()
B_SPLINE_CURVE(2,(#9888,#9889,#9890),.UNSPECIFIED.,.F.,.F.)
B_SPLINE_CURVE_WITH_KNOTS((3,3),(1.37086712833724,1.52918419435873),
 .UNSPECIFIED.)
CURVE()
GEOMETRIC_REPRESENTATION_ITEM()
RATIONAL_B_SPLINE_CURVE((1.00010265688678,1.00005725620137,1.))
REPRESENTATION_ITEM('')
);
#85=(
BOUNDED_CURVE()
B_SPLINE_CURVE(2,(#9892,#9893,#9894),.UNSPECIFIED.,.F.,.F.)
B_SPLINE_CURVE_WITH_KNOTS((3,3),(0.,0.158317066019745),.UNSPECIFIED.)
CURVE()
GEOMETRIC_REPRESENTATION_ITEM()
RATIONAL_B_SPLINE_CURVE((1.,1.0000572562014,1.00010265688683))
REPRESENTATION_ITEM('')
);
#86=(
BOUNDED_CURVE()
B_SPLINE_CURVE(2,(#9908,#9909,#9910),.UNSPECIFIED.,.F.,.F.)
B_SPLINE_CURVE_WITH_KNOTS((3,3),(1.37086712832321,1.52918419434288),
 .UNSPECIFIED.)
CURVE()
GEOMETRIC_REPRESENTATION_ITEM()
RATIONAL_B_SPLINE_CURVE((1.00010265688748,1.00005725620176,1.))
REPRESENTATION_ITEM('')
);
#87=(
BOUNDED_CURVE()
B_SPLINE_CURVE(2,(#9912,#9913,#9914),.UNSPECIFIED.,.F.,.F.)
B_SPLINE_CURVE_WITH_KNOTS((3,3),(0.,0.15831706602232),.UNSPECIFIED.)
CURVE()
GEOMETRIC_REPRESENTATION_ITEM()
RATIONAL_B_SPLINE_CURVE((1.,1.00005725620175,1.00010265688746))
REPRESENTATION_ITEM('')
);
#88=(
BOUNDED_CURVE()
B_SPLINE_CURVE(2,(#9928,#9929,#9930),.UNSPECIFIED.,.F.,.F.)
B_SPLINE_CURVE_WITH_KNOTS((3,3),(1.37086712833747,1.52918419435873),
 .UNSPECIFIED.)
CURVE()
GEOMETRIC_REPRESENTATION_ITEM()
RATIONAL_B_SPLINE_CURVE((1.00010265688745,1.00005725620174,1.))
REPRESENTATION_ITEM('')
);
#89=(
BOUNDED_CURVE()
B_SPLINE_CURVE(2,(#9932,#9933,#9934),.UNSPECIFIED.,.F.,.F.)
B_SPLINE_CURVE_WITH_KNOTS((3,3),(0.,0.158317066019438),.UNSPECIFIED.)
CURVE()
GEOMETRIC_REPRESENTATION_ITEM()
RATIONAL_B_SPLINE_CURVE((1.,1.00005725620131,1.00010265688668))
REPRESENTATION_ITEM('')
);
#90=(
BOUNDED_CURVE()
B_SPLINE_CURVE(2,(#9948,#9949,#9950),.UNSPECIFIED.,.F.,.F.)
B_SPLINE_CURVE_WITH_KNOTS((3,3),(1.37086712832278,1.52918419434285),
 .UNSPECIFIED.)
CURVE()
GEOMETRIC_REPRESENTATION_ITEM()
RATIONAL_B_SPLINE_CURVE((1.00010265688691,1.00005725620144,1.))
REPRESENTATION_ITEM('')
);
#91=(
BOUNDED_CURVE()
B_SPLINE_CURVE(2,(#9952,#9953,#9954),.UNSPECIFIED.,.F.,.F.)
B_SPLINE_CURVE_WITH_KNOTS((3,3),(0.,0.158317066022553),.UNSPECIFIED.)
CURVE()
GEOMETRIC_REPRESENTATION_ITEM()
RATIONAL_B_SPLINE_CURVE((1.,1.00005725620169,1.00010265688735))
REPRESENTATION_ITEM('')
);
#92=(
BOUNDED_CURVE()
B_SPLINE_CURVE(2,(#9968,#9969,#9970),.UNSPECIFIED.,.F.,.F.)
B_SPLINE_CURVE_WITH_KNOTS((3,3),(1.37086712833799,1.52918419435873),
 .UNSPECIFIED.)
CURVE()
GEOMETRIC_REPRESENTATION_ITEM()
RATIONAL_B_SPLINE_CURVE((1.00010265688769,1.00005725620188,1.))
REPRESENTATION_ITEM('')
);
#93=(
BOUNDED_CURVE()
B_SPLINE_CURVE(2,(#9972,#9973,#9974),.UNSPECIFIED.,.F.,.F.)
B_SPLINE_CURVE_WITH_KNOTS((3,3),(0.,0.158317066019321),.UNSPECIFIED.)
CURVE()
GEOMETRIC_REPRESENTATION_ITEM()
RATIONAL_B_SPLINE_CURVE((1.,1.00005725620159,1.00010265688717))
REPRESENTATION_ITEM('')
);
#94=(
BOUNDED_CURVE()
B_SPLINE_CURVE(2,(#9988,#9989,#9990),.UNSPECIFIED.,.F.,.F.)
B_SPLINE_CURVE_WITH_KNOTS((3,3),(1.37086712832305,1.52918419434288),
 .UNSPECIFIED.)
CURVE()
GEOMETRIC_REPRESENTATION_ITEM()
RATIONAL_B_SPLINE_CURVE((1.00010265688732,1.00005725620167,1.))
REPRESENTATION_ITEM('')
);
#95=(
BOUNDED_CURVE()
B_SPLINE_CURVE(2,(#9992,#9993,#9994),.UNSPECIFIED.,.F.,.F.)
B_SPLINE_CURVE_WITH_KNOTS((3,3),(0.,0.15831706602232),.UNSPECIFIED.)
CURVE()
GEOMETRIC_REPRESENTATION_ITEM()
RATIONAL_B_SPLINE_CURVE((1.,1.00005725620175,1.00010265688746))
REPRESENTATION_ITEM('')
);
#96=SHAPE_REPRESENTATION_RELATIONSHIP('SRR','None',#10693,#100);
#97=SHAPE_REPRESENTATION_RELATIONSHIP('SRR','None',#10694,#101);
#98=SHAPE_REPRESENTATION_RELATIONSHIP('SRR','None',#10695,#102);
#99=SHAPE_REPRESENTATION_RELATIONSHIP('SRR','None',#10696,#103);
#100=ADVANCED_BREP_SHAPE_REPRESENTATION('',(#109),#10662);
#101=ADVANCED_BREP_SHAPE_REPRESENTATION('',(#110),#10663);
#102=ADVANCED_BREP_SHAPE_REPRESENTATION('',(#111),#10664);
#103=ADVANCED_BREP_SHAPE_REPRESENTATION('',(#112),#10665);
#104=STYLED_ITEM('',(#10721),#109);
#105=STYLED_ITEM('',(#10721),#110);
#106=STYLED_ITEM('',(#10721),#111);
#107=STYLED_ITEM('',(#10721),#112);
#108=STYLED_ITEM('',(#10723),#12);
#109=MANIFOLD_SOLID_BREP('Solid1',#5422);
#110=MANIFOLD_SOLID_BREP('Solid1',#5423);
#111=MANIFOLD_SOLID_BREP('Solid1',#5424);
#112=MANIFOLD_SOLID_BREP('Solid1',#5425);
#113=B_SPLINE_SURFACE_WITH_KNOTS('',3,3,((#8321,#8322,#8323,#8324,#8325,
#8326,#8327,#8328,#8329,#8330,#8331,#8332,#8333,#8334,#8335,#8336,#8337,
#8338,#8339,#8340,#8341,#8342,#8343,#8344,#8345,#8346,#8347,#8348,#8349,
#8350,#8351,#8352,#8353),(#8354,#8355,#8356,#8357,#8358,#8359,#8360,#8361,
#8362,#8363,#8364,#8365,#8366,#8367,#8368,#8369,#8370,#8371,#8372,#8373,
#8374,#8375,#8376,#8377,#8378,#8379,#8380,#8381,#8382,#8383,#8384,#8385,
#8386),(#8387,#8388,#8389,#8390,#8391,#8392,#8393,#8394,#8395,#8396,#8397,
#8398,#8399,#8400,#8401,#8402,#8403,#8404,#8405,#8406,#8407,#8408,#8409,
#8410,#8411,#8412,#8413,#8414,#8415,#8416,#8417,#8418,#8419),(#8420,#8421,
#8422,#8423,#8424,#8425,#8426,#8427,#8428,#8429,#8430,#8431,#8432,#8433,
#8434,#8435,#8436,#8437,#8438,#8439,#8440,#8441,#8442,#8443,#8444,#8445,
#8446,#8447,#8448,#8449,#8450,#8451,#8452)),.UNSPECIFIED.,.F.,.F.,.F.,(4,
4),(4,1,1,1,1,1,1,1,1,1,1,1,1,1,1,1,1,1,1,1,1,1,1,1,1,1,1,1,1,1,4),(0.,
0.225358983848623),(0.,0.481710873550435,0.96342174710087,1.4451326206513,
1.92684349420174,2.40855436775217,2.89026524130261,3.37197611485304,3.85368698840348,
4.33539786195391,4.81710873550435,5.29881960905478,5.78053048260522,6.26224135615565,
6.74395222970609,7.22566310325652,7.70737397680696,8.18908485035739,8.67079572390783,
9.15250659745826,9.6342174710087,10.1159283445591,10.5976392181096,11.07935009166,
11.5610609652104,12.0427718387609,12.5244827123113,13.0061935858617,13.4879044594122,
13.9696153329626,14.451326206513),.UNSPECIFIED.);
#114=B_SPLINE_SURFACE_WITH_KNOTS('',3,3,((#8533,#8534,#8535,#8536,#8537,
#8538,#8539,#8540,#8541,#8542,#8543,#8544,#8545,#8546,#8547,#8548,#8549,
#8550,#8551,#8552,#8553,#8554,#8555,#8556,#8557,#8558,#8559,#8560,#8561,
#8562,#8563,#8564,#8565),(#8566,#8567,#8568,#8569,#8570,#8571,#8572,#8573,
#8574,#8575,#8576,#8577,#8578,#8579,#8580,#8581,#8582,#8583,#8584,#8585,
#8586,#8587,#8588,#8589,#8590,#8591,#8592,#8593,#8594,#8595,#8596,#8597,
#8598),(#8599,#8600,#8601,#8602,#8603,#8604,#8605,#8606,#8607,#8608,#8609,
#8610,#8611,#8612,#8613,#8614,#8615,#8616,#8617,#8618,#8619,#8620,#8621,
#8622,#8623,#8624,#8625,#8626,#8627,#8628,#8629,#8630,#8631),(#8632,#8633,
#8634,#8635,#8636,#8637,#8638,#8639,#8640,#8641,#8642,#8643,#8644,#8645,
#8646,#8647,#8648,#8649,#8650,#8651,#8652,#8653,#8654,#8655,#8656,#8657,
#8658,#8659,#8660,#8661,#8662,#8663,#8664)),.UNSPECIFIED.,.F.,.F.,.F.,(4,
4),(4,1,1,1,1,1,1,1,1,1,1,1,1,1,1,1,1,1,1,1,1,1,1,1,1,1,1,1,1,1,4),(0.,
0.225358983848623),(0.,0.481710873550435,0.96342174710087,1.4451326206513,
1.92684349420174,2.40855436775217,2.89026524130261,3.37197611485304,3.85368698840348,
4.33539786195391,4.81710873550435,5.29881960905478,5.78053048260522,6.26224135615565,
6.74395222970609,7.22566310325652,7.70737397680696,8.18908485035739,8.67079572390783,
9.15250659745826,9.6342174710087,10.1159283445591,10.5976392181096,11.07935009166,
11.5610609652104,12.0427718387609,12.5244827123113,13.0061935858617,13.4879044594122,
13.9696153329626,14.451326206513),.UNSPECIFIED.);
#115=B_SPLINE_SURFACE_WITH_KNOTS('',3,3,((#8903,#8904,#8905,#8906,#8907,
#8908,#8909,#8910,#8911,#8912,#8913,#8914,#8915,#8916,#8917,#8918,#8919,
#8920,#8921,#8922,#8923,#8924,#8925,#8926,#8927,#8928,#8929,#8930,#8931,
#8932,#8933,#8934,#8935,#8936,#8937,#8938,#8939,#8940,#8941),(#8942,#8943,
#8944,#8945,#8946,#8947,#8948,#8949,#8950,#8951,#8952,#8953,#8954,#8955,
#8956,#8957,#8958,#8959,#8960,#8961,#8962,#8963,#8964,#8965,#8966,#8967,
#8968,#8969,#8970,#8971,#8972,#8973,#8974,#8975,#8976,#8977,#8978,#8979,
#8980),(#8981,#8982,#8983,#8984,#8985,#8986,#8987,#8988,#8989,#8990,#8991,
#8992,#8993,#8994,#8995,#8996,#8997,#8998,#8999,#9000,#9001,#9002,#9003,
#9004,#9005,#9006,#9007,#9008,#9009,#9010,#9011,#9012,#9013,#9014,#9015,
#9016,#9017,#9018,#9019),(#9020,#9021,#9022,#9023,#9024,#9025,#9026,#9027,
#9028,#9029,#9030,#9031,#9032,#9033,#9034,#9035,#9036,#9037,#9038,#9039,
#9040,#9041,#9042,#9043,#9044,#9045,#9046,#9047,#9048,#9049,#9050,#9051,
#9052,#9053,#9054,#9055,#9056,#9057,#9058)),.UNSPECIFIED.,.F.,.F.,.F.,(4,
4),(4,1,1,1,1,1,1,1,1,1,1,1,1,1,1,1,1,1,1,1,1,1,1,1,1,1,1,1,1,1,1,1,1,1,
1,1,4),(0.,0.3),(0.,0.498665500569808,0.997331001139617,1.49599650170942,
1.99466200227923,2.49332750284904,2.99199300341885,3.49065850398866,3.98932400455847,
4.48798950512827,4.98665500569808,5.48532050626789,5.9839860068377,6.48265150740751,
6.98131700797732,7.47998250854713,7.97864800911693,8.47731350968674,8.97597901025655,
9.47464451082636,9.97331001139617,10.471975511966,10.9706410125358,11.4693065131056,
11.9679720136754,12.4666375142452,12.965303014815,13.4639685153848,13.9626340159546,
14.4612995165244,14.9599650170942,15.4586305176641,15.9572960182339,16.4559615188037,
16.9546270193735,17.4532925199433,17.9519580205131),.UNSPECIFIED.);
#116=B_SPLINE_SURFACE_WITH_KNOTS('',3,3,((#9278,#9279,#9280,#9281,#9282,
#9283,#9284,#9285,#9286,#9287,#9288,#9289,#9290,#9291,#9292,#9293,#9294,
#9295,#9296,#9297,#9298,#9299,#9300,#9301,#9302,#9303,#9304,#9305,#9306,
#9307,#9308,#9309,#9310,#9311,#9312),(#9313,#9314,#9315,#9316,#9317,#9318,
#9319,#9320,#9321,#9322,#9323,#9324,#9325,#9326,#9327,#9328,#9329,#9330,
#9331,#9332,#9333,#9334,#9335,#9336,#9337,#9338,#9339,#9340,#9341,#9342,
#9343,#9344,#9345,#9346,#9347),(#9348,#9349,#9350,#9351,#9352,#9353,#9354,
#9355,#9356,#9357,#9358,#9359,#9360,#9361,#9362,#9363,#9364,#9365,#9366,
#9367,#9368,#9369,#9370,#9371,#9372,#9373,#9374,#9375,#9376,#9377,#9378,
#9379,#9380,#9381,#9382),(#9383,#9384,#9385,#9386,#9387,#9388,#9389,#9390,
#9391,#9392,#9393,#9394,#9395,#9396,#9397,#9398,#9399,#9400,#9401,#9402,
#9403,#9404,#9405,#9406,#9407,#9408,#9409,#9410,#9411,#9412,#9413,#9414,
#9415,#9416,#9417)),.UNSPECIFIED.,.F.,.F.,.F.,(4,4),(4,1,1,1,1,1,1,1,1,
1,1,1,1,1,1,1,1,1,1,1,1,1,1,1,1,1,1,1,1,1,1,1,4),(0.,0.3),(0.,0.476848884919879,
0.953697769839758,1.43054665475964,1.90739553967952,2.3842444245994,2.86109330951927,
3.33794219443915,3.81479107935903,4.29163996427891,4.76848884919879,5.24533773411867,
5.72218661903855,6.19903550395843,6.67588438887831,7.15273327379819,7.62958215871807,
8.10643104363795,8.58327992855783,9.0601288134777,9.53697769839758,10.0138265833175,
10.4906754682373,10.9675243531572,11.4443732380771,11.921222122997,12.3980710079169,
12.8749198928367,13.3517687777566,13.8286176626765,14.3054665475964,14.7823154325163,
15.2591643174361),.UNSPECIFIED.);
#117=FACE_BOUND('',#649,.T.);
#118=FACE_BOUND('',#658,.T.);
#119=FACE_BOUND('',#724,.T.);
#120=FACE_BOUND('',#732,.T.);
#121=FACE_BOUND('',#742,.T.);
#122=FACE_BOUND('',#746,.T.);
#123=FACE_BOUND('',#747,.T.);
#124=FACE_BOUND('',#761,.T.);
#125=FACE_BOUND('',#764,.T.);
#126=FACE_BOUND('',#895,.T.);
#127=FACE_BOUND('',#903,.T.);
#128=FACE_BOUND('',#915,.T.);
#129=FACE_BOUND('',#916,.T.);
#130=FACE_BOUND('',#917,.T.);
#131=FACE_BOUND('',#918,.T.);
#132=FACE_BOUND('',#919,.T.);
#133=CONICAL_SURFACE('',#5513,9.59999999999998,0.78539816339745);
#134=CONICAL_SURFACE('',#5517,9.60000000000001,0.78539816339745);
#135=CONICAL_SURFACE('',#5521,9.60000000000001,0.78539816339745);
#136=CONICAL_SURFACE('',#5525,9.6,0.78539816339745);
#137=CONICAL_SURFACE('',#5535,5.5,0.785398163397448);
#138=CONICAL_SURFACE('',#5539,3.5,0.785398163397447);
#139=CONICAL_SURFACE('',#5543,3.5,0.78539816339745);
#140=CONICAL_SURFACE('',#5547,5.5,0.785398163397448);
#141=CONICAL_SURFACE('',#5571,5.5,0.785398163397447);
#142=CONICAL_SURFACE('',#5574,3.5,0.785398163397446);
#143=CONICAL_SURFACE('',#5577,3.5,0.785398163397446);
#144=CONICAL_SURFACE('',#5580,5.5,0.785398163397448);
#145=CONICAL_SURFACE('',#5582,5.5,0.785398163397448);
#146=CONICAL_SURFACE('',#5585,3.5,0.785398163397446);
#147=CONICAL_SURFACE('',#5588,3.5,0.785398163397446);
#148=CONICAL_SURFACE('',#5591,5.5,0.785398163397447);
#149=CONICAL_SURFACE('',#5593,5.5,0.785398163397447);
#150=CONICAL_SURFACE('',#5596,3.5,0.78539816339745);
#151=CONICAL_SURFACE('',#5599,3.5,0.78539816339745);
#152=CONICAL_SURFACE('',#5602,5.5,0.785398163397447);
#153=CONICAL_SURFACE('',#5605,8.99999999999998,0.785398163397447);
#154=CONICAL_SURFACE('',#5607,9.,0.785398163397447);
#155=CONICAL_SURFACE('',#5610,9.00000000000001,0.785398163397447);
#156=CONICAL_SURFACE('',#5613,9.00000000000001,0.785398163397449);
#157=CONICAL_SURFACE('',#5671,48.7,0.785398163397446);
#158=CONICAL_SURFACE('',#5691,26.5,0.785398163397448);
#159=CONICAL_SURFACE('',#5699,29.,0.785398163397451);
#160=CONICAL_SURFACE('',#5708,8.,0.785398163397448);
#161=CONICAL_SURFACE('',#5713,8.,0.785398163397448);
#162=CONICAL_SURFACE('',#5718,3.75,1.02974425867665);
#163=CONICAL_SURFACE('',#5719,3.75,1.02974425867665);
#164=CONICAL_SURFACE('',#5729,169.5,0.785398163397455);
#165=CONICAL_SURFACE('',#5749,169.5,0.785398163397438);
#166=CONICAL_SURFACE('',#5752,169.5,0.785398163397455);
#167=CONICAL_SURFACE('',#5755,169.5,0.785398163397438);
#168=CONICAL_SURFACE('',#5758,169.5,0.785398163397455);
#169=CONICAL_SURFACE('',#5761,169.5,0.785398163397438);
#170=CONICAL_SURFACE('',#5764,169.5,0.785398163397455);
#171=CONICAL_SURFACE('',#5767,169.5,0.785398163397438);
#172=CONICAL_SURFACE('',#5770,169.5,0.785398163397455);
#173=CONICAL_SURFACE('',#5773,169.5,0.785398163397438);
#174=CONICAL_SURFACE('',#5778,169.5,0.785398163397455);
#175=CONICAL_SURFACE('',#5783,169.5,0.785398163397455);
#176=CONICAL_SURFACE('',#5788,169.5,0.785398163397455);
#177=CONICAL_SURFACE('',#5793,169.5,0.785398163397438);
#178=CONICAL_SURFACE('',#5798,169.5,0.785398163397455);
#179=CONICAL_SURFACE('',#5803,169.5,0.785398163397455);
#180=CONICAL_SURFACE('',#5975,61.7,0.785398163397448);
#181=CONICAL_SURFACE('',#6044,3.5,0.785398163397448);
#182=PLANE('',#5512);
#183=PLANE('',#5516);
#184=PLANE('',#5520);
#185=PLANE('',#5524);
#186=PLANE('',#5530);
#187=PLANE('',#5533);
#188=PLANE('',#5534);
#189=PLANE('',#5538);
#190=PLANE('',#5542);
#191=PLANE('',#5546);
#192=PLANE('',#5550);
#193=PLANE('',#5573);
#194=PLANE('',#5576);
#195=PLANE('',#5579);
#196=PLANE('',#5584);
#197=PLANE('',#5587);
#198=PLANE('',#5590);
#199=PLANE('',#5595);
#200=PLANE('',#5598);
#201=PLANE('',#5601);
#202=PLANE('',#5604);
#203=PLANE('',#5606);
#204=PLANE('',#5609);
#205=PLANE('',#5612);
#206=PLANE('',#5617);
#207=PLANE('',#5622);
#208=PLANE('',#5625);
#209=PLANE('',#5628);
#210=PLANE('',#5631);
#211=PLANE('',#5634);
#212=PLANE('',#5637);
#213=PLANE('',#5641);
#214=PLANE('',#5644);
#215=PLANE('',#5647);
#216=PLANE('',#5659);
#217=PLANE('',#5662);
#218=PLANE('',#5667);
#219=PLANE('',#5668);
#220=PLANE('',#5669);
#221=PLANE('',#5670);
#222=PLANE('',#5673);
#223=PLANE('',#5676);
#224=PLANE('',#5677);
#225=PLANE('',#5679);
#226=PLANE('',#5681);
#227=PLANE('',#5683);
#228=PLANE('',#5695);
#229=PLANE('',#5703);
#230=PLANE('',#5720);
#231=PLANE('',#5721);
#232=PLANE('',#5724);
#233=PLANE('',#5727);
#234=PLANE('',#5732);
#235=PLANE('',#5733);
#236=PLANE('',#5751);
#237=PLANE('',#5754);
#238=PLANE('',#5757);
#239=PLANE('',#5760);
#240=PLANE('',#5763);
#241=PLANE('',#5766);
#242=PLANE('',#5769);
#243=PLANE('',#5772);
#244=PLANE('',#5777);
#245=PLANE('',#5782);
#246=PLANE('',#5787);
#247=PLANE('',#5792);
#248=PLANE('',#5797);
#249=PLANE('',#5802);
#250=PLANE('',#5807);
#251=PLANE('',#5808);
#252=PLANE('',#5809);
#253=PLANE('',#5810);
#254=PLANE('',#5811);
#255=PLANE('',#5812);
#256=PLANE('',#5813);
#257=PLANE('',#5814);
#258=PLANE('',#5815);
#259=PLANE('',#5816);
#260=PLANE('',#5817);
#261=PLANE('',#5818);
#262=PLANE('',#5819);
#263=PLANE('',#5820);
#264=PLANE('',#5821);
#265=PLANE('',#5822);
#266=PLANE('',#5823);
#267=PLANE('',#5824);
#268=PLANE('',#5825);
#269=PLANE('',#5826);
#270=PLANE('',#5827);
#271=PLANE('',#5828);
#272=PLANE('',#5829);
#273=PLANE('',#5830);
#274=PLANE('',#5831);
#275=PLANE('',#5832);
#276=PLANE('',#5833);
#277=PLANE('',#5834);
#278=PLANE('',#5835);
#279=PLANE('',#5852);
#280=PLANE('',#5853);
#281=PLANE('',#5854);
#282=PLANE('',#5855);
#283=PLANE('',#5859);
#284=PLANE('',#5865);
#285=PLANE('',#5870);
#286=PLANE('',#5884);
#287=PLANE('',#5892);
#288=PLANE('',#5904);
#289=PLANE('',#5912);
#290=PLANE('',#5924);
#291=PLANE('',#5932);
#292=PLANE('',#5944);
#293=PLANE('',#5952);
#294=PLANE('',#5964);
#295=PLANE('',#5972);
#296=PLANE('',#5985);
#297=PLANE('',#5987);
#298=PLANE('',#5988);
#299=PLANE('',#5989);
#300=PLANE('',#5990);
#301=PLANE('',#5991);
#302=PLANE('',#5994);
#303=PLANE('',#5998);
#304=PLANE('',#6002);
#305=PLANE('',#6006);
#306=PLANE('',#6010);
#307=PLANE('',#6012);
#308=PLANE('',#6014);
#309=PLANE('',#6020);
#310=PLANE('',#6021);
#311=PLANE('',#6022);
#312=PLANE('',#6023);
#313=PLANE('',#6024);
#314=PLANE('',#6025);
#315=PLANE('',#6035);
#316=PLANE('',#6036);
#317=PLANE('',#6037);
#318=PLANE('',#6040);
#319=PLANE('',#6041);
#320=PLANE('',#6043);
#321=PLANE('',#6047);
#322=PLANE('',#6051);
#323=PLANE('',#6052);
#324=PLANE('',#6056);
#325=PLANE('',#6057);
#326=PLANE('',#6058);
#327=PLANE('',#6059);
#328=PLANE('',#6060);
#329=PLANE('',#6061);
#330=FACE_OUTER_BOUND('',#632,.T.);
#331=FACE_OUTER_BOUND('',#633,.T.);
#332=FACE_OUTER_BOUND('',#634,.T.);
#333=FACE_OUTER_BOUND('',#635,.T.);
#334=FACE_OUTER_BOUND('',#636,.T.);
#335=FACE_OUTER_BOUND('',#637,.T.);
#336=FACE_OUTER_BOUND('',#638,.T.);
#337=FACE_OUTER_BOUND('',#639,.T.);
#338=FACE_OUTER_BOUND('',#640,.T.);
#339=FACE_OUTER_BOUND('',#641,.T.);
#340=FACE_OUTER_BOUND('',#642,.T.);
#341=FACE_OUTER_BOUND('',#643,.T.);
#342=FACE_OUTER_BOUND('',#644,.T.);
#343=FACE_OUTER_BOUND('',#645,.T.);
#344=FACE_OUTER_BOUND('',#646,.T.);
#345=FACE_OUTER_BOUND('',#647,.T.);
#346=FACE_OUTER_BOUND('',#648,.T.);
#347=FACE_OUTER_BOUND('',#650,.T.);
#348=FACE_OUTER_BOUND('',#651,.T.);
#349=FACE_OUTER_BOUND('',#652,.T.);
#350=FACE_OUTER_BOUND('',#653,.T.);
#351=FACE_OUTER_BOUND('',#654,.T.);
#352=FACE_OUTER_BOUND('',#655,.T.);
#353=FACE_OUTER_BOUND('',#656,.T.);
#354=FACE_OUTER_BOUND('',#657,.T.);
#355=FACE_OUTER_BOUND('',#659,.T.);
#356=FACE_OUTER_BOUND('',#660,.T.);
#357=FACE_OUTER_BOUND('',#661,.T.);
#358=FACE_OUTER_BOUND('',#662,.T.);
#359=FACE_OUTER_BOUND('',#663,.T.);
#360=FACE_OUTER_BOUND('',#664,.T.);
#361=FACE_OUTER_BOUND('',#665,.T.);
#362=FACE_OUTER_BOUND('',#666,.T.);
#363=FACE_OUTER_BOUND('',#667,.T.);
#364=FACE_OUTER_BOUND('',#668,.T.);
#365=FACE_OUTER_BOUND('',#669,.T.);
#366=FACE_OUTER_BOUND('',#670,.T.);
#367=FACE_OUTER_BOUND('',#671,.T.);
#368=FACE_OUTER_BOUND('',#672,.T.);
#369=FACE_OUTER_BOUND('',#673,.T.);
#370=FACE_OUTER_BOUND('',#674,.T.);
#371=FACE_OUTER_BOUND('',#675,.T.);
#372=FACE_OUTER_BOUND('',#676,.T.);
#373=FACE_OUTER_BOUND('',#677,.T.);
#374=FACE_OUTER_BOUND('',#678,.T.);
#375=FACE_OUTER_BOUND('',#679,.T.);
#376=FACE_OUTER_BOUND('',#680,.T.);
#377=FACE_OUTER_BOUND('',#681,.T.);
#378=FACE_OUTER_BOUND('',#682,.T.);
#379=FACE_OUTER_BOUND('',#683,.T.);
#380=FACE_OUTER_BOUND('',#684,.T.);
#381=FACE_OUTER_BOUND('',#685,.T.);
#382=FACE_OUTER_BOUND('',#686,.T.);
#383=FACE_OUTER_BOUND('',#687,.T.);
#384=FACE_OUTER_BOUND('',#688,.T.);
#385=FACE_OUTER_BOUND('',#689,.T.);
#386=FACE_OUTER_BOUND('',#690,.T.);
#387=FACE_OUTER_BOUND('',#691,.T.);
#388=FACE_OUTER_BOUND('',#692,.T.);
#389=FACE_OUTER_BOUND('',#693,.T.);
#390=FACE_OUTER_BOUND('',#694,.T.);
#391=FACE_OUTER_BOUND('',#695,.T.);
#392=FACE_OUTER_BOUND('',#696,.T.);
#393=FACE_OUTER_BOUND('',#697,.T.);
#394=FACE_OUTER_BOUND('',#698,.T.);
#395=FACE_OUTER_BOUND('',#699,.T.);
#396=FACE_OUTER_BOUND('',#700,.T.);
#397=FACE_OUTER_BOUND('',#701,.T.);
#398=FACE_OUTER_BOUND('',#702,.T.);
#399=FACE_OUTER_BOUND('',#703,.T.);
#400=FACE_OUTER_BOUND('',#704,.T.);
#401=FACE_OUTER_BOUND('',#705,.T.);
#402=FACE_OUTER_BOUND('',#706,.T.);
#403=FACE_OUTER_BOUND('',#707,.T.);
#404=FACE_OUTER_BOUND('',#708,.T.);
#405=FACE_OUTER_BOUND('',#709,.T.);
#406=FACE_OUTER_BOUND('',#710,.T.);
#407=FACE_OUTER_BOUND('',#711,.T.);
#408=FACE_OUTER_BOUND('',#712,.T.);
#409=FACE_OUTER_BOUND('',#713,.T.);
#410=FACE_OUTER_BOUND('',#714,.T.);
#411=FACE_OUTER_BOUND('',#715,.T.);
#412=FACE_OUTER_BOUND('',#716,.T.);
#413=FACE_OUTER_BOUND('',#717,.T.);
#414=FACE_OUTER_BOUND('',#718,.T.);
#415=FACE_OUTER_BOUND('',#719,.T.);
#416=FACE_OUTER_BOUND('',#720,.T.);
#417=FACE_OUTER_BOUND('',#721,.T.);
#418=FACE_OUTER_BOUND('',#722,.T.);
#419=FACE_OUTER_BOUND('',#723,.T.);
#420=FACE_OUTER_BOUND('',#725,.T.);
#421=FACE_OUTER_BOUND('',#726,.T.);
#422=FACE_OUTER_BOUND('',#727,.T.);
#423=FACE_OUTER_BOUND('',#728,.T.);
#424=FACE_OUTER_BOUND('',#729,.T.);
#425=FACE_OUTER_BOUND('',#730,.T.);
#426=FACE_OUTER_BOUND('',#731,.T.);
#427=FACE_OUTER_BOUND('',#733,.T.);
#428=FACE_OUTER_BOUND('',#734,.T.);
#429=FACE_OUTER_BOUND('',#735,.T.);
#430=FACE_OUTER_BOUND('',#736,.T.);
#431=FACE_OUTER_BOUND('',#737,.T.);
#432=FACE_OUTER_BOUND('',#738,.T.);
#433=FACE_OUTER_BOUND('',#739,.T.);
#434=FACE_OUTER_BOUND('',#740,.T.);
#435=FACE_OUTER_BOUND('',#741,.T.);
#436=FACE_OUTER_BOUND('',#743,.T.);
#437=FACE_OUTER_BOUND('',#744,.T.);
#438=FACE_OUTER_BOUND('',#745,.T.);
#439=FACE_OUTER_BOUND('',#748,.T.);
#440=FACE_OUTER_BOUND('',#749,.T.);
#441=FACE_OUTER_BOUND('',#750,.T.);
#442=FACE_OUTER_BOUND('',#751,.T.);
#443=FACE_OUTER_BOUND('',#752,.T.);
#444=FACE_OUTER_BOUND('',#753,.T.);
#445=FACE_OUTER_BOUND('',#754,.T.);
#446=FACE_OUTER_BOUND('',#755,.T.);
#447=FACE_OUTER_BOUND('',#756,.T.);
#448=FACE_OUTER_BOUND('',#757,.T.);
#449=FACE_OUTER_BOUND('',#758,.T.);
#450=FACE_OUTER_BOUND('',#759,.T.);
#451=FACE_OUTER_BOUND('',#760,.T.);
#452=FACE_OUTER_BOUND('',#762,.T.);
#453=FACE_OUTER_BOUND('',#763,.T.);
#454=FACE_OUTER_BOUND('',#765,.T.);
#455=FACE_OUTER_BOUND('',#766,.T.);
#456=FACE_OUTER_BOUND('',#767,.T.);
#457=FACE_OUTER_BOUND('',#768,.T.);
#458=FACE_OUTER_BOUND('',#769,.T.);
#459=FACE_OUTER_BOUND('',#770,.T.);
#460=FACE_OUTER_BOUND('',#771,.T.);
#461=FACE_OUTER_BOUND('',#772,.T.);
#462=FACE_OUTER_BOUND('',#773,.T.);
#463=FACE_OUTER_BOUND('',#774,.T.);
#464=FACE_OUTER_BOUND('',#775,.T.);
#465=FACE_OUTER_BOUND('',#776,.T.);
#466=FACE_OUTER_BOUND('',#777,.T.);
#467=FACE_OUTER_BOUND('',#778,.T.);
#468=FACE_OUTER_BOUND('',#779,.T.);
#469=FACE_OUTER_BOUND('',#780,.T.);
#470=FACE_OUTER_BOUND('',#781,.T.);
#471=FACE_OUTER_BOUND('',#782,.T.);
#472=FACE_OUTER_BOUND('',#783,.T.);
#473=FACE_OUTER_BOUND('',#784,.T.);
#474=FACE_OUTER_BOUND('',#785,.T.);
#475=FACE_OUTER_BOUND('',#786,.T.);
#476=FACE_OUTER_BOUND('',#787,.T.);
#477=FACE_OUTER_BOUND('',#788,.T.);
#478=FACE_OUTER_BOUND('',#789,.T.);
#479=FACE_OUTER_BOUND('',#790,.T.);
#480=FACE_OUTER_BOUND('',#791,.T.);
#481=FACE_OUTER_BOUND('',#792,.T.);
#482=FACE_OUTER_BOUND('',#793,.T.);
#483=FACE_OUTER_BOUND('',#794,.T.);
#484=FACE_OUTER_BOUND('',#795,.T.);
#485=FACE_OUTER_BOUND('',#796,.T.);
#486=FACE_OUTER_BOUND('',#797,.T.);
#487=FACE_OUTER_BOUND('',#798,.T.);
#488=FACE_OUTER_BOUND('',#799,.T.);
#489=FACE_OUTER_BOUND('',#800,.T.);
#490=FACE_OUTER_BOUND('',#801,.T.);
#491=FACE_OUTER_BOUND('',#802,.T.);
#492=FACE_OUTER_BOUND('',#803,.T.);
#493=FACE_OUTER_BOUND('',#804,.T.);
#494=FACE_OUTER_BOUND('',#805,.T.);
#495=FACE_OUTER_BOUND('',#806,.T.);
#496=FACE_OUTER_BOUND('',#807,.T.);
#497=FACE_OUTER_BOUND('',#808,.T.);
#498=FACE_OUTER_BOUND('',#809,.T.);
#499=FACE_OUTER_BOUND('',#810,.T.);
#500=FACE_OUTER_BOUND('',#811,.T.);
#501=FACE_OUTER_BOUND('',#812,.T.);
#502=FACE_OUTER_BOUND('',#813,.T.);
#503=FACE_OUTER_BOUND('',#814,.T.);
#504=FACE_OUTER_BOUND('',#815,.T.);
#505=FACE_OUTER_BOUND('',#816,.T.);
#506=FACE_OUTER_BOUND('',#817,.T.);
#507=FACE_OUTER_BOUND('',#818,.T.);
#508=FACE_OUTER_BOUND('',#819,.T.);
#509=FACE_OUTER_BOUND('',#820,.T.);
#510=FACE_OUTER_BOUND('',#821,.T.);
#511=FACE_OUTER_BOUND('',#822,.T.);
#512=FACE_OUTER_BOUND('',#823,.T.);
#513=FACE_OUTER_BOUND('',#824,.T.);
#514=FACE_OUTER_BOUND('',#825,.T.);
#515=FACE_OUTER_BOUND('',#826,.T.);
#516=FACE_OUTER_BOUND('',#827,.T.);
#517=FACE_OUTER_BOUND('',#828,.T.);
#518=FACE_OUTER_BOUND('',#829,.T.);
#519=FACE_OUTER_BOUND('',#830,.T.);
#520=FACE_OUTER_BOUND('',#831,.T.);
#521=FACE_OUTER_BOUND('',#832,.T.);
#522=FACE_OUTER_BOUND('',#833,.T.);
#523=FACE_OUTER_BOUND('',#834,.T.);
#524=FACE_OUTER_BOUND('',#835,.T.);
#525=FACE_OUTER_BOUND('',#836,.T.);
#526=FACE_OUTER_BOUND('',#837,.T.);
#527=FACE_OUTER_BOUND('',#838,.T.);
#528=FACE_OUTER_BOUND('',#839,.T.);
#529=FACE_OUTER_BOUND('',#840,.T.);
#530=FACE_OUTER_BOUND('',#841,.T.);
#531=FACE_OUTER_BOUND('',#842,.T.);
#532=FACE_OUTER_BOUND('',#843,.T.);
#533=FACE_OUTER_BOUND('',#844,.T.);
#534=FACE_OUTER_BOUND('',#845,.T.);
#535=FACE_OUTER_BOUND('',#846,.T.);
#536=FACE_OUTER_BOUND('',#847,.T.);
#537=FACE_OUTER_BOUND('',#848,.T.);
#538=FACE_OUTER_BOUND('',#849,.T.);
#539=FACE_OUTER_BOUND('',#850,.T.);
#540=FACE_OUTER_BOUND('',#851,.T.);
#541=FACE_OUTER_BOUND('',#852,.T.);
#542=FACE_OUTER_BOUND('',#853,.T.);
#543=FACE_OUTER_BOUND('',#854,.T.);
#544=FACE_OUTER_BOUND('',#855,.T.);
#545=FACE_OUTER_BOUND('',#856,.T.);
#546=FACE_OUTER_BOUND('',#857,.T.);
#547=FACE_OUTER_BOUND('',#858,.T.);
#548=FACE_OUTER_BOUND('',#859,.T.);
#549=FACE_OUTER_BOUND('',#860,.T.);
#550=FACE_OUTER_BOUND('',#861,.T.);
#551=FACE_OUTER_BOUND('',#862,.T.);
#552=FACE_OUTER_BOUND('',#863,.T.);
#553=FACE_OUTER_BOUND('',#864,.T.);
#554=FACE_OUTER_BOUND('',#865,.T.);
#555=FACE_OUTER_BOUND('',#866,.T.);
#556=FACE_OUTER_BOUND('',#867,.T.);
#557=FACE_OUTER_BOUND('',#868,.T.);
#558=FACE_OUTER_BOUND('',#869,.T.);
#559=FACE_OUTER_BOUND('',#870,.T.);
#560=FACE_OUTER_BOUND('',#871,.T.);
#561=FACE_OUTER_BOUND('',#872,.T.);
#562=FACE_OUTER_BOUND('',#873,.T.);
#563=FACE_OUTER_BOUND('',#874,.T.);
#564=FACE_OUTER_BOUND('',#875,.T.);
#565=FACE_OUTER_BOUND('',#876,.T.);
#566=FACE_OUTER_BOUND('',#877,.T.);
#567=FACE_OUTER_BOUND('',#878,.T.);
#568=FACE_OUTER_BOUND('',#879,.T.);
#569=FACE_OUTER_BOUND('',#880,.T.);
#570=FACE_OUTER_BOUND('',#881,.T.);
#571=FACE_OUTER_BOUND('',#882,.T.);
#572=FACE_OUTER_BOUND('',#883,.T.);
#573=FACE_OUTER_BOUND('',#884,.T.);
#574=FACE_OUTER_BOUND('',#885,.T.);
#575=FACE_OUTER_BOUND('',#886,.T.);
#576=FACE_OUTER_BOUND('',#887,.T.);
#577=FACE_OUTER_BOUND('',#888,.T.);
#578=FACE_OUTER_BOUND('',#889,.T.);
#579=FACE_OUTER_BOUND('',#890,.T.);
#580=FACE_OUTER_BOUND('',#891,.T.);
#581=FACE_OUTER_BOUND('',#892,.T.);
#582=FACE_OUTER_BOUND('',#893,.T.);
#583=FACE_OUTER_BOUND('',#894,.T.);
#584=FACE_OUTER_BOUND('',#896,.T.);
#585=FACE_OUTER_BOUND('',#897,.T.);
#586=FACE_OUTER_BOUND('',#898,.T.);
#587=FACE_OUTER_BOUND('',#899,.T.);
#588=FACE_OUTER_BOUND('',#900,.T.);
#589=FACE_OUTER_BOUND('',#901,.T.);
#590=FACE_OUTER_BOUND('',#902,.T.);
#591=FACE_OUTER_BOUND('',#904,.T.);
#592=FACE_OUTER_BOUND('',#905,.T.);
#593=FACE_OUTER_BOUND('',#906,.T.);
#594=FACE_OUTER_BOUND('',#907,.T.);
#595=FACE_OUTER_BOUND('',#908,.T.);
#596=FACE_OUTER_BOUND('',#909,.T.);
#597=FACE_OUTER_BOUND('',#910,.T.);
#598=FACE_OUTER_BOUND('',#911,.T.);
#599=FACE_OUTER_BOUND('',#912,.T.);
#600=FACE_OUTER_BOUND('',#913,.T.);
#601=FACE_OUTER_BOUND('',#914,.T.);
#602=FACE_OUTER_BOUND('',#920,.T.);
#603=FACE_OUTER_BOUND('',#921,.T.);
#604=FACE_OUTER_BOUND('',#922,.T.);
#605=FACE_OUTER_BOUND('',#923,.T.);
#606=FACE_OUTER_BOUND('',#924,.T.);
#607=FACE_OUTER_BOUND('',#925,.T.);
#608=FACE_OUTER_BOUND('',#926,.T.);
#609=FACE_OUTER_BOUND('',#927,.T.);
#610=FACE_OUTER_BOUND('',#928,.T.);
#611=FACE_OUTER_BOUND('',#929,.T.);
#612=FACE_OUTER_BOUND('',#930,.T.);
#613=FACE_OUTER_BOUND('',#931,.T.);
#614=FACE_OUTER_BOUND('',#932,.T.);
#615=FACE_OUTER_BOUND('',#933,.T.);
#616=FACE_OUTER_BOUND('',#934,.T.);
#617=FACE_OUTER_BOUND('',#935,.T.);
#618=FACE_OUTER_BOUND('',#936,.T.);
#619=FACE_OUTER_BOUND('',#937,.T.);
#620=FACE_OUTER_BOUND('',#938,.T.);
#621=FACE_OUTER_BOUND('',#939,.T.);
#622=FACE_OUTER_BOUND('',#940,.T.);
#623=FACE_OUTER_BOUND('',#941,.T.);
#624=FACE_OUTER_BOUND('',#942,.T.);
#625=FACE_OUTER_BOUND('',#943,.T.);
#626=FACE_OUTER_BOUND('',#944,.T.);
#627=FACE_OUTER_BOUND('',#945,.T.);
#628=FACE_OUTER_BOUND('',#946,.T.);
#629=FACE_OUTER_BOUND('',#947,.T.);
#630=FACE_OUTER_BOUND('',#948,.T.);
#631=FACE_OUTER_BOUND('',#949,.T.);
#632=EDGE_LOOP('',(#3451,#3452,#3453,#3454,#3455,#3456,#3457,#3458));
#633=EDGE_LOOP('',(#3459,#3460,#3461,#3462,#3463,#3464));
#634=EDGE_LOOP('',(#3465,#3466,#3467,#3468));
#635=EDGE_LOOP('',(#3469,#3470,#3471,#3472));
#636=EDGE_LOOP('',(#3473,#3474,#3475,#3476));
#637=EDGE_LOOP('',(#3477,#3478,#3479,#3480));
#638=EDGE_LOOP('',(#3481,#3482,#3483,#3484));
#639=EDGE_LOOP('',(#3485,#3486,#3487,#3488));
#640=EDGE_LOOP('',(#3489,#3490,#3491,#3492));
#641=EDGE_LOOP('',(#3493,#3494,#3495,#3496));
#642=EDGE_LOOP('',(#3497,#3498,#3499,#3500));
#643=EDGE_LOOP('',(#3501,#3502,#3503,#3504));
#644=EDGE_LOOP('',(#3505,#3506,#3507,#3508));
#645=EDGE_LOOP('',(#3509,#3510,#3511,#3512));
#646=EDGE_LOOP('',(#3513,#3514,#3515,#3516));
#647=EDGE_LOOP('',(#3517,#3518,#3519,#3520));
#648=EDGE_LOOP('',(#3521,#3522,#3523,#3524,#3525,#3526,#3527,#3528));
#649=EDGE_LOOP('',(#3529));
#650=EDGE_LOOP('',(#3530,#3531,#3532,#3533));
#651=EDGE_LOOP('',(#3534,#3535,#3536,#3537));
#652=EDGE_LOOP('',(#3538,#3539,#3540,#3541));
#653=EDGE_LOOP('',(#3542,#3543,#3544,#3545));
#654=EDGE_LOOP('',(#3546,#3547,#3548,#3549));
#655=EDGE_LOOP('',(#3550,#3551,#3552,#3553));
#656=EDGE_LOOP('',(#3554,#3555,#3556,#3557));
#657=EDGE_LOOP('',(#3558,#3559,#3560,#3561,#3562,#3563,#3564,#3565));
#658=EDGE_LOOP('',(#3566,#3567,#3568,#3569,#3570,#3571,#3572,#3573,#3574,
#3575,#3576,#3577,#3578,#3579,#3580,#3581,#3582,#3583,#3584,#3585,#3586,
#3587,#3588,#3589,#3590,#3591,#3592,#3593,#3594,#3595,#3596,#3597));
#659=EDGE_LOOP('',(#3598,#3599,#3600,#3601));
#660=EDGE_LOOP('',(#3602,#3603,#3604,#3605));
#661=EDGE_LOOP('',(#3606,#3607,#3608,#3609));
#662=EDGE_LOOP('',(#3610,#3611,#3612,#3613));
#663=EDGE_LOOP('',(#3614,#3615,#3616,#3617));
#664=EDGE_LOOP('',(#3618,#3619,#3620,#3621));
#665=EDGE_LOOP('',(#3622,#3623,#3624,#3625));
#666=EDGE_LOOP('',(#3626,#3627,#3628,#3629));
#667=EDGE_LOOP('',(#3630,#3631,#3632,#3633));
#668=EDGE_LOOP('',(#3634,#3635,#3636,#3637));
#669=EDGE_LOOP('',(#3638,#3639,#3640,#3641));
#670=EDGE_LOOP('',(#3642,#3643,#3644,#3645));
#671=EDGE_LOOP('',(#3646,#3647,#3648,#3649));
#672=EDGE_LOOP('',(#3650,#3651,#3652,#3653));
#673=EDGE_LOOP('',(#3654,#3655,#3656,#3657));
#674=EDGE_LOOP('',(#3658,#3659,#3660,#3661));
#675=EDGE_LOOP('',(#3662,#3663,#3664,#3665));
#676=EDGE_LOOP('',(#3666,#3667,#3668,#3669));
#677=EDGE_LOOP('',(#3670,#3671,#3672,#3673));
#678=EDGE_LOOP('',(#3674,#3675,#3676,#3677));
#679=EDGE_LOOP('',(#3678,#3679,#3680,#3681));
#680=EDGE_LOOP('',(#3682,#3683,#3684,#3685));
#681=EDGE_LOOP('',(#3686,#3687,#3688,#3689));
#682=EDGE_LOOP('',(#3690,#3691,#3692,#3693));
#683=EDGE_LOOP('',(#3694,#3695,#3696,#3697));
#684=EDGE_LOOP('',(#3698,#3699,#3700,#3701));
#685=EDGE_LOOP('',(#3702,#3703,#3704,#3705));
#686=EDGE_LOOP('',(#3706,#3707,#3708,#3709));
#687=EDGE_LOOP('',(#3710,#3711,#3712,#3713));
#688=EDGE_LOOP('',(#3714,#3715,#3716,#3717));
#689=EDGE_LOOP('',(#3718,#3719,#3720,#3721));
#690=EDGE_LOOP('',(#3722,#3723,#3724,#3725,#3726,#3727,#3728,#3729));
#691=EDGE_LOOP('',(#3730,#3731,#3732,#3733));
#692=EDGE_LOOP('',(#3734,#3735,#3736,#3737));
#693=EDGE_LOOP('',(#3738,#3739,#3740,#3741));
#694=EDGE_LOOP('',(#3742,#3743,#3744,#3745));
#695=EDGE_LOOP('',(#3746,#3747,#3748,#3749));
#696=EDGE_LOOP('',(#3750,#3751,#3752,#3753));
#697=EDGE_LOOP('',(#3754,#3755,#3756,#3757));
#698=EDGE_LOOP('',(#3758,#3759,#3760,#3761));
#699=EDGE_LOOP('',(#3762,#3763,#3764,#3765));
#700=EDGE_LOOP('',(#3766,#3767,#3768,#3769));
#701=EDGE_LOOP('',(#3770,#3771,#3772,#3773));
#702=EDGE_LOOP('',(#3774,#3775,#3776,#3777));
#703=EDGE_LOOP('',(#3778,#3779,#3780,#3781));
#704=EDGE_LOOP('',(#3782,#3783,#3784,#3785));
#705=EDGE_LOOP('',(#3786,#3787,#3788,#3789));
#706=EDGE_LOOP('',(#3790,#3791,#3792,#3793));
#707=EDGE_LOOP('',(#3794,#3795,#3796,#3797));
#708=EDGE_LOOP('',(#3798,#3799,#3800,#3801,#3802,#3803,#3804,#3805));
#709=EDGE_LOOP('',(#3806,#3807,#3808,#3809,#3810,#3811,#3812,#3813,#3814,
#3815,#3816,#3817,#3818,#3819,#3820,#3821,#3822,#3823,#3824,#3825,#3826,
#3827,#3828,#3829,#3830,#3831,#3832,#3833,#3834));
#710=EDGE_LOOP('',(#3835,#3836,#3837,#3838));
#711=EDGE_LOOP('',(#3839,#3840,#3841,#3842));
#712=EDGE_LOOP('',(#3843,#3844,#3845,#3846));
#713=EDGE_LOOP('',(#3847,#3848,#3849,#3850));
#714=EDGE_LOOP('',(#3851,#3852,#3853,#3854));
#715=EDGE_LOOP('',(#3855,#3856,#3857,#3858,#3859,#3860,#3861,#3862,#3863));
#716=EDGE_LOOP('',(#3864,#3865,#3866,#3867));
#717=EDGE_LOOP('',(#3868,#3869,#3870,#3871));
#718=EDGE_LOOP('',(#3872,#3873,#3874,#3875));
#719=EDGE_LOOP('',(#3876,#3877,#3878,#3879,#3880,#3881,#3882,#3883));
#720=EDGE_LOOP('',(#3884,#3885,#3886,#3887));
#721=EDGE_LOOP('',(#3888,#3889,#3890,#3891));
#722=EDGE_LOOP('',(#3892,#3893,#3894,#3895,#3896));
#723=EDGE_LOOP('',(#3897));
#724=EDGE_LOOP('',(#3898));
#725=EDGE_LOOP('',(#3899,#3900,#3901,#3902,#3903,#3904,#3905,#3906));
#726=EDGE_LOOP('',(#3907,#3908,#3909,#3910));
#727=EDGE_LOOP('',(#3911,#3912,#3913,#3914,#3915,#3916,#3917,#3918));
#728=EDGE_LOOP('',(#3919,#3920,#3921,#3922));
#729=EDGE_LOOP('',(#3923,#3924,#3925,#3926));
#730=EDGE_LOOP('',(#3927,#3928,#3929,#3930));
#731=EDGE_LOOP('',(#3931));
#732=EDGE_LOOP('',(#3932));
#733=EDGE_LOOP('',(#3933,#3934,#3935,#3936));
#734=EDGE_LOOP('',(#3937,#3938,#3939,#3940));
#735=EDGE_LOOP('',(#3941,#3942,#3943,#3944));
#736=EDGE_LOOP('',(#3945,#3946,#3947,#3948));
#737=EDGE_LOOP('',(#3949,#3950,#3951,#3952));
#738=EDGE_LOOP('',(#3953,#3954,#3955,#3956));
#739=EDGE_LOOP('',(#3957,#3958,#3959,#3960,#3961,#3962));
#740=EDGE_LOOP('',(#3963,#3964,#3965,#3966,#3967));
#741=EDGE_LOOP('',(#3968));
#742=EDGE_LOOP('',(#3969));
#743=EDGE_LOOP('',(#3970,#3971,#3972,#3973,#3974));
#744=EDGE_LOOP('',(#3975,#3976,#3977,#3978,#3979));
#745=EDGE_LOOP('',(#3980));
#746=EDGE_LOOP('',(#3981));
#747=EDGE_LOOP('',(#3982));
#748=EDGE_LOOP('',(#3983,#3984,#3985,#3986,#3987));
#749=EDGE_LOOP('',(#3988,#3989,#3990,#3991,#3992));
#750=EDGE_LOOP('',(#3993,#3994,#3995,#3996,#3997));
#751=EDGE_LOOP('',(#3998,#3999,#4000,#4001,#4002));
#752=EDGE_LOOP('',(#4003,#4004,#4005,#4006,#4007));
#753=EDGE_LOOP('',(#4008,#4009,#4010));
#754=EDGE_LOOP('',(#4011,#4012,#4013));
#755=EDGE_LOOP('',(#4014,#4015,#4016,#4017,#4018,#4019,#4020));
#756=EDGE_LOOP('',(#4021,#4022,#4023,#4024,#4025,#4026));
#757=EDGE_LOOP('',(#4027,#4028,#4029));
#758=EDGE_LOOP('',(#4030,#4031,#4032));
#759=EDGE_LOOP('',(#4033,#4034,#4035));
#760=EDGE_LOOP('',(#4036));
#761=EDGE_LOOP('',(#4037,#4038));
#762=EDGE_LOOP('',(#4039,#4040,#4041,#4042));
#763=EDGE_LOOP('',(#4043));
#764=EDGE_LOOP('',(#4044));
#765=EDGE_LOOP('',(#4045,#4046,#4047,#4048));
#766=EDGE_LOOP('',(#4049,#4050,#4051,#4052,#4053));
#767=EDGE_LOOP('',(#4054,#4055,#4056,#4057,#4058,#4059,#4060,#4061,#4062,
#4063,#4064,#4065,#4066,#4067,#4068,#4069,#4070,#4071,#4072,#4073,#4074,
#4075,#4076,#4077,#4078,#4079,#4080,#4081,#4082,#4083,#4084,#4085,#4086,
#4087,#4088,#4089,#4090,#4091,#4092,#4093,#4094,#4095,#4096,#4097,#4098,
#4099,#4100,#4101,#4102,#4103,#4104,#4105,#4106,#4107,#4108,#4109,#4110,
#4111,#4112,#4113,#4114,#4115,#4116,#4117));
#768=EDGE_LOOP('',(#4118,#4119,#4120,#4121));
#769=EDGE_LOOP('',(#4122,#4123,#4124,#4125,#4126));
#770=EDGE_LOOP('',(#4127,#4128,#4129,#4130));
#771=EDGE_LOOP('',(#4131,#4132,#4133,#4134,#4135));
#772=EDGE_LOOP('',(#4136,#4137,#4138,#4139));
#773=EDGE_LOOP('',(#4140,#4141,#4142,#4143,#4144));
#774=EDGE_LOOP('',(#4145,#4146,#4147,#4148));
#775=EDGE_LOOP('',(#4149,#4150,#4151,#4152,#4153));
#776=EDGE_LOOP('',(#4154,#4155,#4156,#4157));
#777=EDGE_LOOP('',(#4158,#4159,#4160,#4161,#4162));
#778=EDGE_LOOP('',(#4163,#4164,#4165,#4166));
#779=EDGE_LOOP('',(#4167,#4168,#4169,#4170,#4171));
#780=EDGE_LOOP('',(#4172,#4173,#4174,#4175));
#781=EDGE_LOOP('',(#4176,#4177,#4178,#4179,#4180));
#782=EDGE_LOOP('',(#4181,#4182,#4183,#4184));
#783=EDGE_LOOP('',(#4185,#4186,#4187,#4188,#4189));
#784=EDGE_LOOP('',(#4190,#4191,#4192,#4193));
#785=EDGE_LOOP('',(#4194,#4195,#4196,#4197));
#786=EDGE_LOOP('',(#4198,#4199,#4200,#4201,#4202));
#787=EDGE_LOOP('',(#4203,#4204,#4205,#4206));
#788=EDGE_LOOP('',(#4207,#4208,#4209,#4210));
#789=EDGE_LOOP('',(#4211,#4212,#4213,#4214,#4215));
#790=EDGE_LOOP('',(#4216,#4217,#4218,#4219));
#791=EDGE_LOOP('',(#4220,#4221,#4222,#4223));
#792=EDGE_LOOP('',(#4224,#4225,#4226,#4227,#4228));
#793=EDGE_LOOP('',(#4229,#4230,#4231,#4232));
#794=EDGE_LOOP('',(#4233,#4234,#4235,#4236));
#795=EDGE_LOOP('',(#4237,#4238,#4239,#4240,#4241));
#796=EDGE_LOOP('',(#4242,#4243,#4244,#4245));
#797=EDGE_LOOP('',(#4246,#4247,#4248,#4249));
#798=EDGE_LOOP('',(#4250,#4251,#4252,#4253,#4254));
#799=EDGE_LOOP('',(#4255,#4256,#4257,#4258));
#800=EDGE_LOOP('',(#4259,#4260,#4261,#4262));
#801=EDGE_LOOP('',(#4263,#4264,#4265,#4266,#4267));
#802=EDGE_LOOP('',(#4268,#4269,#4270,#4271));
#803=EDGE_LOOP('',(#4272,#4273,#4274,#4275));
#804=EDGE_LOOP('',(#4276,#4277,#4278,#4279,#4280));
#805=EDGE_LOOP('',(#4281,#4282,#4283,#4284));
#806=EDGE_LOOP('',(#4285,#4286,#4287,#4288,#4289));
#807=EDGE_LOOP('',(#4290,#4291,#4292,#4293,#4294));
#808=EDGE_LOOP('',(#4295,#4296,#4297,#4298));
#809=EDGE_LOOP('',(#4299,#4300,#4301,#4302));
#810=EDGE_LOOP('',(#4303,#4304,#4305,#4306,#4307));
#811=EDGE_LOOP('',(#4308,#4309,#4310,#4311,#4312));
#812=EDGE_LOOP('',(#4313,#4314,#4315,#4316));
#813=EDGE_LOOP('',(#4317,#4318,#4319,#4320));
#814=EDGE_LOOP('',(#4321,#4322,#4323,#4324,#4325));
#815=EDGE_LOOP('',(#4326,#4327,#4328,#4329,#4330));
#816=EDGE_LOOP('',(#4331,#4332,#4333,#4334));
#817=EDGE_LOOP('',(#4335,#4336,#4337,#4338));
#818=EDGE_LOOP('',(#4339,#4340,#4341,#4342,#4343));
#819=EDGE_LOOP('',(#4344,#4345,#4346,#4347,#4348));
#820=EDGE_LOOP('',(#4349,#4350,#4351,#4352));
#821=EDGE_LOOP('',(#4353,#4354,#4355,#4356));
#822=EDGE_LOOP('',(#4357,#4358,#4359,#4360,#4361));
#823=EDGE_LOOP('',(#4362,#4363,#4364,#4365,#4366));
#824=EDGE_LOOP('',(#4367,#4368,#4369,#4370));
#825=EDGE_LOOP('',(#4371,#4372,#4373,#4374));
#826=EDGE_LOOP('',(#4375,#4376,#4377,#4378,#4379));
#827=EDGE_LOOP('',(#4380,#4381,#4382,#4383,#4384));
#828=EDGE_LOOP('',(#4385,#4386,#4387,#4388));
#829=EDGE_LOOP('',(#4389,#4390,#4391,#4392));
#830=EDGE_LOOP('',(#4393,#4394,#4395,#4396,#4397));
#831=EDGE_LOOP('',(#4398,#4399,#4400,#4401,#4402));
#832=EDGE_LOOP('',(#4403,#4404,#4405,#4406));
#833=EDGE_LOOP('',(#4407,#4408,#4409,#4410));
#834=EDGE_LOOP('',(#4411,#4412,#4413,#4414));
#835=EDGE_LOOP('',(#4415,#4416,#4417,#4418));
#836=EDGE_LOOP('',(#4419,#4420,#4421,#4422));
#837=EDGE_LOOP('',(#4423,#4424,#4425,#4426));
#838=EDGE_LOOP('',(#4427,#4428,#4429,#4430));
#839=EDGE_LOOP('',(#4431,#4432,#4433,#4434));
#840=EDGE_LOOP('',(#4435,#4436,#4437,#4438));
#841=EDGE_LOOP('',(#4439,#4440,#4441,#4442));
#842=EDGE_LOOP('',(#4443,#4444,#4445,#4446,#4447));
#843=EDGE_LOOP('',(#4448,#4449,#4450,#4451));
#844=EDGE_LOOP('',(#4452,#4453,#4454,#4455,#4456));
#845=EDGE_LOOP('',(#4457,#4458,#4459,#4460));
#846=EDGE_LOOP('',(#4461,#4462,#4463,#4464,#4465,#4466,#4467,#4468));
#847=EDGE_LOOP('',(#4469,#4470,#4471,#4472));
#848=EDGE_LOOP('',(#4473,#4474,#4475,#4476));
#849=EDGE_LOOP('',(#4477,#4478,#4479,#4480));
#850=EDGE_LOOP('',(#4481,#4482,#4483,#4484));
#851=EDGE_LOOP('',(#4485,#4486,#4487,#4488));
#852=EDGE_LOOP('',(#4489,#4490,#4491,#4492));
#853=EDGE_LOOP('',(#4493,#4494,#4495,#4496));
#854=EDGE_LOOP('',(#4497,#4498,#4499,#4500));
#855=EDGE_LOOP('',(#4501,#4502,#4503,#4504));
#856=EDGE_LOOP('',(#4505,#4506,#4507,#4508,#4509,#4510,#4511,#4512));
#857=EDGE_LOOP('',(#4513,#4514,#4515,#4516));
#858=EDGE_LOOP('',(#4517,#4518,#4519,#4520));
#859=EDGE_LOOP('',(#4521,#4522,#4523,#4524));
#860=EDGE_LOOP('',(#4525,#4526,#4527,#4528));
#861=EDGE_LOOP('',(#4529,#4530,#4531,#4532));
#862=EDGE_LOOP('',(#4533,#4534,#4535,#4536));
#863=EDGE_LOOP('',(#4537,#4538,#4539,#4540));
#864=EDGE_LOOP('',(#4541,#4542,#4543,#4544,#4545,#4546,#4547,#4548));
#865=EDGE_LOOP('',(#4549,#4550,#4551,#4552));
#866=EDGE_LOOP('',(#4553,#4554,#4555,#4556));
#867=EDGE_LOOP('',(#4557,#4558,#4559,#4560));
#868=EDGE_LOOP('',(#4561,#4562,#4563,#4564));
#869=EDGE_LOOP('',(#4565,#4566,#4567,#4568));
#870=EDGE_LOOP('',(#4569,#4570,#4571,#4572));
#871=EDGE_LOOP('',(#4573,#4574,#4575,#4576));
#872=EDGE_LOOP('',(#4577,#4578,#4579,#4580,#4581,#4582,#4583,#4584));
#873=EDGE_LOOP('',(#4585,#4586,#4587,#4588));
#874=EDGE_LOOP('',(#4589,#4590,#4591,#4592));
#875=EDGE_LOOP('',(#4593,#4594,#4595,#4596));
#876=EDGE_LOOP('',(#4597,#4598,#4599,#4600));
#877=EDGE_LOOP('',(#4601,#4602,#4603,#4604));
#878=EDGE_LOOP('',(#4605,#4606,#4607,#4608));
#879=EDGE_LOOP('',(#4609,#4610,#4611,#4612));
#880=EDGE_LOOP('',(#4613,#4614,#4615,#4616,#4617,#4618,#4619,#4620));
#881=EDGE_LOOP('',(#4621,#4622,#4623,#4624));
#882=EDGE_LOOP('',(#4625,#4626,#4627,#4628));
#883=EDGE_LOOP('',(#4629,#4630,#4631,#4632));
#884=EDGE_LOOP('',(#4633,#4634,#4635,#4636));
#885=EDGE_LOOP('',(#4637,#4638,#4639,#4640));
#886=EDGE_LOOP('',(#4641,#4642,#4643,#4644));
#887=EDGE_LOOP('',(#4645,#4646,#4647,#4648));
#888=EDGE_LOOP('',(#4649,#4650,#4651,#4652,#4653,#4654,#4655,#4656));
#889=EDGE_LOOP('',(#4657,#4658,#4659,#4660));
#890=EDGE_LOOP('',(#4661,#4662,#4663,#4664));
#891=EDGE_LOOP('',(#4665,#4666,#4667,#4668));
#892=EDGE_LOOP('',(#4669,#4670,#4671,#4672));
#893=EDGE_LOOP('',(#4673,#4674,#4675,#4676,#4677,#4678,#4679,#4680,#4681,
#4682,#4683,#4684,#4685,#4686,#4687,#4688));
#894=EDGE_LOOP('',(#4689));
#895=EDGE_LOOP('',(#4690));
#896=EDGE_LOOP('',(#4691,#4692,#4693,#4694));
#897=EDGE_LOOP('',(#4695,#4696,#4697,#4698));
#898=EDGE_LOOP('',(#4699,#4700,#4701,#4702));
#899=EDGE_LOOP('',(#4703,#4704,#4705,#4706));
#900=EDGE_LOOP('',(#4707,#4708,#4709,#4710));
#901=EDGE_LOOP('',(#4711,#4712,#4713,#4714));
#902=EDGE_LOOP('',(#4715,#4716,#4717,#4718,#4719,#4720,#4721,#4722,#4723,
#4724,#4725,#4726,#4727,#4728,#4729,#4730,#4731,#4732,#4733,#4734,#4735,
#4736,#4737,#4738,#4739,#4740,#4741,#4742,#4743,#4744,#4745,#4746,#4747,
#4748,#4749,#4750,#4751,#4752,#4753,#4754,#4755,#4756,#4757,#4758,#4759,
#4760,#4761,#4762,#4763,#4764,#4765,#4766,#4767,#4768,#4769,#4770,#4771,
#4772,#4773,#4774,#4775,#4776,#4777,#4778));
#903=EDGE_LOOP('',(#4779,#4780,#4781,#4782,#4783,#4784,#4785,#4786,#4787,
#4788,#4789,#4790,#4791,#4792,#4793,#4794,#4795,#4796,#4797,#4798,#4799,
#4800,#4801,#4802,#4803,#4804,#4805,#4806,#4807,#4808,#4809,#4810,#4811,
#4812,#4813,#4814,#4815,#4816,#4817,#4818,#4819,#4820,#4821,#4822,#4823,
#4824,#4825,#4826,#4827));
#904=EDGE_LOOP('',(#4828,#4829,#4830,#4831));
#905=EDGE_LOOP('',(#4832));
#906=EDGE_LOOP('',(#4833,#4834,#4835,#4836));
#907=EDGE_LOOP('',(#4837));
#908=EDGE_LOOP('',(#4838,#4839,#4840,#4841));
#909=EDGE_LOOP('',(#4842));
#910=EDGE_LOOP('',(#4843,#4844,#4845,#4846));
#911=EDGE_LOOP('',(#4847));
#912=EDGE_LOOP('',(#4848,#4849,#4850,#4851));
#913=EDGE_LOOP('',(#4852));
#914=EDGE_LOOP('',(#4853));
#915=EDGE_LOOP('',(#4854));
#916=EDGE_LOOP('',(#4855));
#917=EDGE_LOOP('',(#4856));
#918=EDGE_LOOP('',(#4857));
#919=EDGE_LOOP('',(#4858));
#920=EDGE_LOOP('',(#4859,#4860,#4861,#4862));
#921=EDGE_LOOP('',(#4863,#4864,#4865,#4866));
#922=EDGE_LOOP('',(#4867,#4868,#4869,#4870));
#923=EDGE_LOOP('',(#4871,#4872,#4873,#4874));
#924=EDGE_LOOP('',(#4875,#4876,#4877,#4878));
#925=EDGE_LOOP('',(#4879,#4880,#4881,#4882));
#926=EDGE_LOOP('',(#4883,#4884,#4885,#4886));
#927=EDGE_LOOP('',(#4887,#4888,#4889,#4890));
#928=EDGE_LOOP('',(#4891,#4892,#4893,#4894));
#929=EDGE_LOOP('',(#4895,#4896,#4897,#4898));
#930=EDGE_LOOP('',(#4899,#4900,#4901,#4902));
#931=EDGE_LOOP('',(#4903,#4904,#4905,#4906));
#932=EDGE_LOOP('',(#4907,#4908,#4909,#4910,#4911));
#933=EDGE_LOOP('',(#4912,#4913,#4914,#4915,#4916,#4917,#4918,#4919));
#934=EDGE_LOOP('',(#4920,#4921,#4922,#4923));
#935=EDGE_LOOP('',(#4924,#4925,#4926,#4927,#4928,#4929));
#936=EDGE_LOOP('',(#4930,#4931,#4932,#4933));
#937=EDGE_LOOP('',(#4934,#4935,#4936,#4937));
#938=EDGE_LOOP('',(#4938,#4939,#4940,#4941));
#939=EDGE_LOOP('',(#4942,#4943,#4944,#4945,#4946,#4947));
#940=EDGE_LOOP('',(#4948,#4949,#4950,#4951));
#941=EDGE_LOOP('',(#4952,#4953,#4954,#4955,#4956,#4957,#4958,#4959));
#942=EDGE_LOOP('',(#4960,#4961,#4962,#4963));
#943=EDGE_LOOP('',(#4964,#4965,#4966,#4967));
#944=EDGE_LOOP('',(#4968,#4969,#4970,#4971,#4972,#4973));
#945=EDGE_LOOP('',(#4974,#4975,#4976,#4977));
#946=EDGE_LOOP('',(#4978,#4979,#4980,#4981,#4982,#4983,#4984,#4985,#4986,
#4987,#4988,#4989,#4990,#4991));
#947=EDGE_LOOP('',(#4992,#4993,#4994,#4995,#4996,#4997,#4998,#4999,#5000,
#5001,#5002,#5003,#5004,#5005));
#948=EDGE_LOOP('',(#5006,#5007,#5008,#5009,#5010));
#949=EDGE_LOOP('',(#5011,#5012,#5013,#5014,#5015,#5016,#5017,#5018));
#950=CIRCLE('',#5507,10.1);
#951=CIRCLE('',#5509,10.1);
#952=CIRCLE('',#5514,9.19999999999998);
#953=CIRCLE('',#5515,9.99999999999998);
#954=CIRCLE('',#5518,9.20000000000001);
#955=CIRCLE('',#5519,10.);
#956=CIRCLE('',#5522,9.20000000000001);
#957=CIRCLE('',#5523,10.);
#958=CIRCLE('',#5526,9.2);
#959=CIRCLE('',#5527,10.);
#960=CIRCLE('',#5529,10.);
#961=CIRCLE('',#5532,9.99999999999998);
#962=CIRCLE('',#5536,6.);
#963=CIRCLE('',#5537,5.);
#964=CIRCLE('',#5540,3.);
#965=CIRCLE('',#5541,4.);
#966=CIRCLE('',#5544,3.);
#967=CIRCLE('',#5545,4.);
#968=CIRCLE('',#5548,5.);
#969=CIRCLE('',#5549,6.);
#970=CIRCLE('',#5551,7.99999999999999);
#971=CIRCLE('',#5552,8.);
#972=CIRCLE('',#5553,8.00000000000001);
#973=CIRCLE('',#5554,8.00000000000001);
#974=CIRCLE('',#5555,49.2);
#975=CIRCLE('',#5556,6.);
#976=CIRCLE('',#5557,4.);
#977=CIRCLE('',#5558,4.);
#978=CIRCLE('',#5559,6.);
#979=CIRCLE('',#5560,49.2);
#980=CIRCLE('',#5561,6.);
#981=CIRCLE('',#5562,4.);
#982=CIRCLE('',#5563,4.);
#983=CIRCLE('',#5564,6.);
#984=CIRCLE('',#5565,49.2);
#985=CIRCLE('',#5566,6.);
#986=CIRCLE('',#5567,4.);
#987=CIRCLE('',#5568,4.);
#988=CIRCLE('',#5569,6.);
#989=CIRCLE('',#5570,49.2);
#990=CIRCLE('',#5572,5.);
#991=CIRCLE('',#5575,3.);
#992=CIRCLE('',#5578,3.);
#993=CIRCLE('',#5581,5.);
#994=CIRCLE('',#5583,5.);
#995=CIRCLE('',#5586,3.);
#996=CIRCLE('',#5589,3.);
#997=CIRCLE('',#5592,5.);
#998=CIRCLE('',#5594,5.);
#999=CIRCLE('',#5597,3.);
#1000=CIRCLE('',#5600,3.);
#1001=CIRCLE('',#5603,5.);
#1002=CIRCLE('',#5608,10.);
#1003=CIRCLE('',#5611,10.);
#1004=CIRCLE('',#5616,3.);
#1005=CIRCLE('',#5618,3.);
#1006=CIRCLE('',#5619,5.);
#1007=CIRCLE('',#5620,49.2);
#1008=CIRCLE('',#5621,5.);
#1009=CIRCLE('',#5624,3.);
#1010=CIRCLE('',#5627,3.);
#1011=CIRCLE('',#5630,3.);
#1012=CIRCLE('',#5633,3.);
#1013=CIRCLE('',#5636,3.);
#1014=CIRCLE('',#5640,3.);
#1015=CIRCLE('',#5643,5.);
#1016=CIRCLE('',#5646,5.);
#1017=CIRCLE('',#5648,49.2);
#1018=CIRCLE('',#5649,5.);
#1019=CIRCLE('',#5651,49.2);
#1020=CIRCLE('',#5652,49.2);
#1021=CIRCLE('',#5653,49.2);
#1022=CIRCLE('',#5654,49.2);
#1023=CIRCLE('',#5655,49.2);
#1024=CIRCLE('',#5661,5.);
#1025=CIRCLE('',#5663,5.);
#1026=CIRCLE('',#5665,5.);
#1027=CIRCLE('',#5672,48.2);
#1028=CIRCLE('',#5674,45.2);
#1029=CIRCLE('',#5680,45.2);
#1030=CIRCLE('',#5687,10.);
#1031=CIRCLE('',#5690,10.);
#1032=CIRCLE('',#5692,26.7);
#1033=CIRCLE('',#5693,26.7);
#1034=CIRCLE('',#5694,26.3);
#1035=CIRCLE('',#5696,16.);
#1036=CIRCLE('',#5698,26.7);
#1037=CIRCLE('',#5700,28.5);
#1038=CIRCLE('',#5701,29.5);
#1039=CIRCLE('',#5702,29.5);
#1040=CIRCLE('',#5704,8.5);
#1041=CIRCLE('',#5705,8.5);
#1042=CIRCLE('',#5707,29.5);
#1043=CIRCLE('',#5709,7.5);
#1044=CIRCLE('',#5710,7.5);
#1045=CIRCLE('',#5712,7.5);
#1046=CIRCLE('',#5714,7.5);
#1047=CIRCLE('',#5715,7.5);
#1048=CIRCLE('',#5717,7.5);
#1049=CIRCLE('',#5723,10.);
#1050=CIRCLE('',#5725,16.);
#1051=CIRCLE('',#5730,169.);
#1052=CIRCLE('',#5731,170.);
#1053=CIRCLE('',#5734,169.);
#1054=CIRCLE('',#5735,169.);
#1055=CIRCLE('',#5736,169.);
#1056=CIRCLE('',#5737,169.);
#1057=CIRCLE('',#5738,169.);
#1058=CIRCLE('',#5739,169.);
#1059=CIRCLE('',#5740,169.);
#1060=CIRCLE('',#5741,169.);
#1061=CIRCLE('',#5742,169.);
#1062=CIRCLE('',#5743,169.);
#1063=CIRCLE('',#5744,169.);
#1064=CIRCLE('',#5745,169.);
#1065=CIRCLE('',#5746,169.);
#1066=CIRCLE('',#5747,169.);
#1067=CIRCLE('',#5748,169.);
#1068=CIRCLE('',#5750,170.);
#1069=CIRCLE('',#5753,170.);
#1070=CIRCLE('',#5756,170.);
#1071=CIRCLE('',#5759,170.);
#1072=CIRCLE('',#5762,170.);
#1073=CIRCLE('',#5765,170.);
#1074=CIRCLE('',#5768,170.);
#1075=CIRCLE('',#5771,170.);
#1076=CIRCLE('',#5774,170.);
#1077=CIRCLE('',#5776,170.);
#1078=CIRCLE('',#5779,170.);
#1079=CIRCLE('',#5781,170.);
#1080=CIRCLE('',#5784,170.);
#1081=CIRCLE('',#5786,170.);
#1082=CIRCLE('',#5789,170.);
#1083=CIRCLE('',#5791,170.);
#1084=CIRCLE('',#5794,170.);
#1085=CIRCLE('',#5796,170.);
#1086=CIRCLE('',#5799,170.);
#1087=CIRCLE('',#5801,170.);
#1088=CIRCLE('',#5804,170.);
#1089=CIRCLE('',#5806,170.);
#1090=CIRCLE('',#5837,170.);
#1091=CIRCLE('',#5839,170.);
#1092=CIRCLE('',#5841,170.);
#1093=CIRCLE('',#5843,170.);
#1094=CIRCLE('',#5845,170.);
#1095=CIRCLE('',#5847,170.);
#1096=CIRCLE('',#5849,170.);
#1097=CIRCLE('',#5851,170.);
#1098=CIRCLE('',#5857,5.);
#1099=CIRCLE('',#5858,5.);
#1100=CIRCLE('',#5860,5.);
#1101=CIRCLE('',#5861,64.2);
#1102=CIRCLE('',#5862,5.);
#1103=CIRCLE('',#5863,5.);
#1104=CIRCLE('',#5864,164.);
#1105=CIRCLE('',#5867,5.);
#1106=CIRCLE('',#5869,5.);
#1107=CIRCLE('',#5872,5.);
#1108=CIRCLE('',#5874,164.);
#1109=CIRCLE('',#5876,5.);
#1110=CIRCLE('',#5877,5.);
#1111=CIRCLE('',#5879,164.);
#1112=CIRCLE('',#5880,164.);
#1113=CIRCLE('',#5882,5.);
#1114=CIRCLE('',#5883,5.);
#1115=CIRCLE('',#5885,64.2);
#1116=CIRCLE('',#5886,5.);
#1117=CIRCLE('',#5887,5.);
#1118=CIRCLE('',#5889,64.2);
#1119=CIRCLE('',#5891,5.);
#1120=CIRCLE('',#5894,5.);
#1121=CIRCLE('',#5896,5.);
#1122=CIRCLE('',#5897,5.);
#1123=CIRCLE('',#5899,164.);
#1124=CIRCLE('',#5900,164.);
#1125=CIRCLE('',#5902,5.);
#1126=CIRCLE('',#5903,5.);
#1127=CIRCLE('',#5905,64.2);
#1128=CIRCLE('',#5906,5.);
#1129=CIRCLE('',#5907,5.);
#1130=CIRCLE('',#5909,64.2);
#1131=CIRCLE('',#5911,5.);
#1132=CIRCLE('',#5914,5.);
#1133=CIRCLE('',#5916,5.);
#1134=CIRCLE('',#5917,5.);
#1135=CIRCLE('',#5919,164.);
#1136=CIRCLE('',#5920,164.);
#1137=CIRCLE('',#5922,5.);
#1138=CIRCLE('',#5923,5.);
#1139=CIRCLE('',#5925,64.2);
#1140=CIRCLE('',#5926,5.);
#1141=CIRCLE('',#5927,5.);
#1142=CIRCLE('',#5929,64.2);
#1143=CIRCLE('',#5931,5.);
#1144=CIRCLE('',#5934,5.);
#1145=CIRCLE('',#5936,5.);
#1146=CIRCLE('',#5937,5.);
#1147=CIRCLE('',#5939,164.);
#1148=CIRCLE('',#5940,164.);
#1149=CIRCLE('',#5942,5.);
#1150=CIRCLE('',#5943,5.);
#1151=CIRCLE('',#5945,64.2);
#1152=CIRCLE('',#5946,5.);
#1153=CIRCLE('',#5947,5.);
#1154=CIRCLE('',#5949,64.2);
#1155=CIRCLE('',#5951,5.);
#1156=CIRCLE('',#5954,5.);
#1157=CIRCLE('',#5956,5.);
#1158=CIRCLE('',#5957,5.);
#1159=CIRCLE('',#5959,164.);
#1160=CIRCLE('',#5960,164.);
#1161=CIRCLE('',#5962,5.);
#1162=CIRCLE('',#5963,5.);
#1163=CIRCLE('',#5965,64.2);
#1164=CIRCLE('',#5966,5.);
#1165=CIRCLE('',#5967,5.);
#1166=CIRCLE('',#5969,64.2);
#1167=CIRCLE('',#5971,5.);
#1168=CIRCLE('',#5974,5.);
#1169=CIRCLE('',#5976,59.2);
#1170=CIRCLE('',#5977,64.2);
#1171=CIRCLE('',#5978,64.2);
#1172=CIRCLE('',#5979,64.2);
#1173=CIRCLE('',#5980,64.2);
#1174=CIRCLE('',#5981,64.2);
#1175=CIRCLE('',#5982,64.2);
#1176=CIRCLE('',#5983,64.2);
#1177=CIRCLE('',#5984,64.2);
#1178=CIRCLE('',#5986,45.2);
#1179=CIRCLE('',#5993,170.);
#1180=CIRCLE('',#5996,3.1);
#1181=CIRCLE('',#5997,3.1);
#1182=CIRCLE('',#6000,3.1);
#1183=CIRCLE('',#6001,3.1);
#1184=CIRCLE('',#6004,3.1);
#1185=CIRCLE('',#6005,3.1);
#1186=CIRCLE('',#6008,3.1);
#1187=CIRCLE('',#6009,3.1);
#1188=CIRCLE('',#6013,31.2);
#1189=CIRCLE('',#6015,45.2);
#1190=CIRCLE('',#6016,31.2);
#1191=CIRCLE('',#6027,170.1);
#1192=CIRCLE('',#6028,170.1);
#1193=CIRCLE('',#6030,170.1);
#1194=CIRCLE('',#6031,170.1);
#1195=CIRCLE('',#6033,170.1);
#1196=CIRCLE('',#6034,170.1);
#1197=CIRCLE('',#6045,6.);
#1198=CIRCLE('',#6046,1.);
#1199=B_SPLINE_CURVE_WITH_KNOTS('',3,(#7688,#7689,#7690,#7691,#7692,#7693,
#7694),.UNSPECIFIED.,.F.,.F.,(4,1,1,1,4),(12.5663706143592,13.0061935858617,
13.4879044594122,13.9696153329626,14.451326206513),.UNSPECIFIED.);
#1200=B_SPLINE_CURVE_WITH_KNOTS('',3,(#7698,#7699,#7700,#7701,#7702,#7703,
#7704,#7705,#7706,#7707,#7708,#7709,#7710),.UNSPECIFIED.,.F.,.F.,(4,3,3,
3,4),(-14.451326206513,-13.9696153329626,-13.4879044594122,-13.0061935858617,
-12.5663706143592),.UNSPECIFIED.);
#1201=B_SPLINE_CURVE_WITH_KNOTS('',3,(#7714,#7715,#7716,#7717,#7718,#7719,
#7720,#7721,#7722,#7723,#7724,#7725,#7726,#7727,#7728,#7729,#7730,#7731,
#7732,#7733,#7734,#7735,#7736,#7737,#7738,#7739,#7740,#7741,#7742,#7743,
#7744,#7745,#7746,#7747,#7748,#7749,#7750,#7751,#7752,#7753,#7754,#7755,
#7756),.UNSPECIFIED.,.F.,.F.,(4,3,3,3,3,3,3,3,3,3,3,3,3,3,4),(-12.5663706143592,
-12.5244827123113,-12.0427718387609,-11.5610609652104,-11.07935009166,-10.5976392181096,
-10.1159283445591,-9.6342174710087,-9.15250659745826,-8.67079572390783,
-8.18908485035739,-7.70737397680696,-7.22566310325652,-6.74395222970609,
-6.28318530717959),.UNSPECIFIED.);
#1202=B_SPLINE_CURVE_WITH_KNOTS('',3,(#7766,#7767,#7768,#7769,#7770,#7771,
#7772,#7773,#7774,#7775,#7776,#7777,#7778,#7779,#7780,#7781,#7782),
 .UNSPECIFIED.,.F.,.F.,(4,1,1,1,1,1,1,1,1,1,1,1,1,1,4),(0.,0.481710873550435,
0.96342174710087,1.4451326206513,1.92684349420174,2.40855436775217,2.89026524130261,
3.37197611485304,3.85368698840348,4.33539786195391,4.81710873550435,5.29881960905478,
5.78053048260522,6.26224135615565,6.28318530717959),.UNSPECIFIED.);
#1203=B_SPLINE_CURVE_WITH_KNOTS('',3,(#7788,#7789,#7790,#7791,#7792,#7793,
#7794,#7795,#7796,#7797),.UNSPECIFIED.,.F.,.F.,(4,1,1,1,1,1,1,4),(0.,0.481710873550435,
0.96342174710087,1.4451326206513,1.92684349420174,2.40855436775217,2.89026524130261,
3.14159265358979),.UNSPECIFIED.);
#1204=B_SPLINE_CURVE_WITH_KNOTS('',3,(#7800,#7801,#7802,#7803,#7804,#7805,
#7806,#7807,#7808,#7809),.UNSPECIFIED.,.F.,.F.,(4,1,1,1,1,1,1,4),(0.,0.481710873550435,
0.96342174710087,1.4451326206513,1.92684349420174,2.40855436775217,2.89026524130261,
3.14159265358979),.UNSPECIFIED.);
#1205=B_SPLINE_CURVE_WITH_KNOTS('',3,(#7815,#7816,#7817,#7818,#7819,#7820,
#7821,#7822,#7823,#7824,#7825,#7826,#7827,#7828),.UNSPECIFIED.,.F.,.F.,
(4,1,1,1,1,1,1,1,1,1,1,4),(9.42477796076938,9.6342174710087,10.1159283445591,
10.5976392181096,11.07935009166,11.5610609652104,12.0427718387609,12.5244827123113,
13.0061935858617,13.4879044594122,13.9696153329626,14.451326206513),
 .UNSPECIFIED.);
#1206=B_SPLINE_CURVE_WITH_KNOTS('',3,(#7831,#7832,#7833,#7834,#7835,#7836,
#7837,#7838,#7839,#7840,#7841,#7842,#7843,#7844),.UNSPECIFIED.,.F.,.F.,
(4,1,1,1,1,1,1,1,1,1,1,4),(9.42477796076938,9.6342174710087,10.1159283445591,
10.5976392181096,11.07935009166,11.5610609652104,12.0427718387609,12.5244827123113,
13.0061935858617,13.4879044594122,13.9696153329626,14.451326206513),
 .UNSPECIFIED.);
#1207=B_SPLINE_CURVE_WITH_KNOTS('',3,(#7915,#7916,#7917,#7918,#7919,#7920),
 .UNSPECIFIED.,.F.,.F.,(4,2,4),(1.89522516172113,2.13212830693627,2.26439314704841),
 .UNSPECIFIED.);
#1208=B_SPLINE_CURVE_WITH_KNOTS('',3,(#7959,#7960,#7961,#7962,#7963,#7964),
 .UNSPECIFIED.,.F.,.F.,(4,2,4),(1.52605717639384,1.65832201650598,1.89522516172112),
 .UNSPECIFIED.);
#1209=B_SPLINE_CURVE_WITH_KNOTS('',3,(#8035,#8036,#8037,#8038,#8039,#8040),
 .UNSPECIFIED.,.F.,.F.,(4,2,4),(1.89522516172113,2.13212830693627,2.26439314704841),
 .UNSPECIFIED.);
#1210=B_SPLINE_CURVE_WITH_KNOTS('',3,(#8066,#8067,#8068,#8069,#8070,#8071),
 .UNSPECIFIED.,.F.,.F.,(4,2,4),(1.52605717639384,1.65832201650598,1.89522516172112),
 .UNSPECIFIED.);
#1211=B_SPLINE_CURVE_WITH_KNOTS('',3,(#8075,#8076,#8077,#8078,#8079,#8080),
 .UNSPECIFIED.,.F.,.F.,(4,2,4),(1.89522516172113,2.13212830693627,2.26439314704841),
 .UNSPECIFIED.);
#1212=B_SPLINE_CURVE_WITH_KNOTS('',3,(#8106,#8107,#8108,#8109,#8110,#8111),
 .UNSPECIFIED.,.F.,.F.,(4,2,4),(1.52605717639384,1.65832201650598,1.89522516172113),
 .UNSPECIFIED.);
#1213=B_SPLINE_CURVE_WITH_KNOTS('',3,(#8115,#8116,#8117,#8118,#8119,#8120),
 .UNSPECIFIED.,.F.,.F.,(4,2,4),(1.89522516172112,2.13212830693627,2.26439314704841),
 .UNSPECIFIED.);
#1214=B_SPLINE_CURVE_WITH_KNOTS('',3,(#8146,#8147,#8148,#8149,#8150,#8151),
 .UNSPECIFIED.,.F.,.F.,(4,2,4),(1.52605717639384,1.65832201650599,1.89522516172113),
 .UNSPECIFIED.);
#1215=B_SPLINE_CURVE_WITH_KNOTS('',3,(#8454,#8455,#8456,#8457,#8458,#8459,
#8460,#8461,#8462,#8463,#8464,#8465,#8466,#8467,#8468,#8469,#8470,#8471,
#8472,#8473,#8474,#8475,#8476,#8477,#8478,#8479,#8480,#8481,#8482,#8483,
#8484,#8485,#8486,#8487,#8488,#8489,#8490,#8491,#8492,#8493,#8494,#8495,
#8496),.UNSPECIFIED.,.F.,.F.,(4,3,3,3,3,3,3,3,3,3,3,3,3,3,4),(-6.28318530717959,
-6.26224135615565,-5.78053048260522,-5.29881960905478,-4.81710873550435,
-4.33539786195391,-3.85368698840348,-3.37197611485304,-2.89026524130261,
-2.40855436775217,-1.92684349420174,-1.4451326206513,-0.96342174710087,
-0.481710873550435,0.),.UNSPECIFIED.);
#1216=B_SPLINE_CURVE_WITH_KNOTS('',3,(#8498,#8499,#8500,#8501,#8502,#8503,
#8504,#8505,#8506,#8507,#8508,#8509,#8510,#8511,#8512,#8513,#8514),
 .UNSPECIFIED.,.F.,.F.,(4,1,1,1,1,1,1,1,1,1,1,1,1,1,4),(3.14159265358979,
3.37197611485304,3.85368698840348,4.33539786195391,4.81710873550435,5.29881960905478,
5.78053048260522,6.26224135615565,6.74395222970609,7.22566310325652,7.70737397680696,
8.18908485035739,8.67079572390783,9.15250659745826,9.42477796076938),
 .UNSPECIFIED.);
#1217=B_SPLINE_CURVE_WITH_KNOTS('',3,(#8516,#8517,#8518,#8519,#8520,#8521,
#8522,#8523,#8524,#8525,#8526,#8527,#8528,#8529,#8530,#8531,#8532),
 .UNSPECIFIED.,.F.,.F.,(4,1,1,1,1,1,1,1,1,1,1,1,1,1,4),(3.14159265358979,
3.37197611485304,3.85368698840348,4.33539786195391,4.81710873550435,5.29881960905478,
5.78053048260522,6.26224135615565,6.74395222970609,7.22566310325652,7.70737397680696,
8.18908485035739,8.67079572390783,9.15250659745826,9.42477796076938),
 .UNSPECIFIED.);
#1218=B_SPLINE_CURVE_WITH_KNOTS('',3,(#8667,#8668,#8669,#8670,#8671,#8672,
#8673,#8674,#8675,#8676,#8677,#8678,#8679,#8680,#8681,#8682,#8683),
 .UNSPECIFIED.,.F.,.F.,(4,1,1,1,1,1,1,1,1,1,1,1,1,1,4),(6.28318530717959,
6.74395222970609,7.22566310325652,7.70737397680696,8.18908485035739,8.67079572390783,
9.15250659745826,9.6342174710087,10.1159283445591,10.5976392181096,11.07935009166,
11.5610609652104,12.0427718387609,12.5244827123113,12.5663706143592),
 .UNSPECIFIED.);
#1219=B_SPLINE_CURVE_WITH_KNOTS('',3,(#8703,#8704,#8705,#8706,#8707,#8708,
#8709),.UNSPECIFIED.,.F.,.F.,(4,1,1,1,4),(10.9955742875643,11.4443732380771,
11.921222122997,12.3980710079169,12.5663706143592),.UNSPECIFIED.);
#1220=B_SPLINE_CURVE_WITH_KNOTS('',3,(#8712,#8713,#8714,#8715,#8716,#8717,
#8718),.UNSPECIFIED.,.F.,.F.,(4,3,4),(-17.9519580205131,-17.4532925199433,
-17.2787595947439),.UNSPECIFIED.);
#1221=B_SPLINE_CURVE_WITH_KNOTS('',3,(#8723,#8724,#8725,#8726,#8727,#8728,
#8729,#8730,#8731,#8732,#8733,#8734,#8735,#8736,#8737,#8738,#8739,#8740),
 .UNSPECIFIED.,.F.,.F.,(4,1,1,1,1,1,1,1,1,1,1,1,1,1,1,4),(4.71238898038469,
4.76848884919879,5.24533773411867,5.72218661903855,6.19903550395843,6.67588438887831,
7.15273327379819,7.62958215871807,8.10643104363795,8.58327992855783,9.0601288134777,
9.53697769839758,10.0138265833175,10.4906754682373,10.9675243531572,10.9955742875643),
 .UNSPECIFIED.);
#1222=B_SPLINE_CURVE_WITH_KNOTS('',3,(#8741,#8742,#8743,#8744,#8745,#8746,
#8747,#8748,#8749,#8750,#8751,#8752,#8753,#8754,#8755,#8756,#8757,#8758,
#8759,#8760,#8761,#8762,#8763,#8764,#8765,#8766,#8767,#8768,#8769,#8770,
#8771,#8772,#8773,#8774,#8775,#8776,#8777,#8778,#8779,#8780),
 .UNSPECIFIED.,.F.,.F.,(4,3,3,3,3,3,3,3,3,3,3,3,3,4),(-17.2787595947439,
-16.9546270193735,-16.4559615188037,-15.9572960182339,-15.4586305176641,
-14.9599650170942,-14.4612995165244,-13.9626340159546,-13.4639685153848,
-12.965303014815,-12.4666375142452,-11.9679720136754,-11.4693065131056,
-10.9955742875643),.UNSPECIFIED.);
#1223=B_SPLINE_CURVE_WITH_KNOTS('',3,(#8789,#8790,#8791,#8792,#8793,#8794,
#8795,#8796,#8797,#8798,#8799,#8800,#8801),.UNSPECIFIED.,.F.,.F.,(4,1,1,
1,1,1,1,1,1,1,4),(0.,0.476848884919879,0.953697769839758,1.43054665475964,
1.90739553967952,2.3842444245994,2.86109330951927,3.33794219443915,3.81479107935903,
4.29163996427891,4.71238898038469),.UNSPECIFIED.);
#1224=B_SPLINE_CURVE_WITH_KNOTS('',3,(#8802,#8803,#8804,#8805,#8806,#8807,
#8808,#8809,#8810,#8811,#8812,#8813,#8814,#8815,#8816,#8817,#8818,#8819,
#8820,#8821,#8822,#8823,#8824,#8825,#8826,#8827,#8828,#8829,#8830,#8831,
#8832,#8833,#8834,#8835,#8836,#8837,#8838,#8839,#8840,#8841,#8842,#8843,
#8844),.UNSPECIFIED.,.F.,.F.,(4,3,3,3,3,3,3,3,3,3,3,3,3,3,4),(-10.9955742875643,
-10.9706410125358,-10.471975511966,-9.97331001139617,-9.47464451082636,
-8.97597901025655,-8.47731350968674,-7.97864800911693,-7.47998250854713,
-6.98131700797732,-6.48265150740751,-5.9839860068377,-5.48532050626789,
-4.98665500569808,-4.71238898038469),.UNSPECIFIED.);
#1225=B_SPLINE_CURVE_WITH_KNOTS('',3,(#9060,#9061,#9062,#9063,#9064,#9065,
#9066,#9067,#9068,#9069,#9070,#9071,#9072,#9073,#9074,#9075,#9076,#9077,
#9078,#9079,#9080,#9081,#9082,#9083,#9084,#9085,#9086,#9087,#9088,#9089,
#9090,#9091,#9092,#9093,#9094,#9095,#9096,#9097,#9098,#9099,#9100,#9101,
#9102,#9103,#9104,#9105,#9106,#9107,#9108,#9109,#9110,#9111,#9112,#9113,
#9114,#9115,#9116,#9117,#9118,#9119,#9120,#9121,#9122,#9123,#9124,#9125,
#9126,#9127,#9128,#9129,#9130,#9131,#9132,#9133,#9134,#9135,#9136,#9137,
#9138,#9139,#9140,#9141,#9142,#9143,#9144,#9145,#9146,#9147,#9148,#9149,
#9150,#9151,#9152,#9153,#9154,#9155,#9156,#9157,#9158,#9159,#9160,#9161,
#9162,#9163,#9164,#9165,#9166,#9167,#9168,#9169,#9170,#9171,#9172,#9173,
#9174,#9175,#9176,#9177,#9178,#9179,#9180,#9181,#9182,#9183,#9184,#9185,
#9186,#9187,#9188,#9189,#9190,#9191,#9192,#9193,#9194,#9195,#9196,#9197,
#9198,#9199,#9200,#9201,#9202,#9203,#9204,#9205,#9206,#9207,#9208,#9209,
#9210),.UNSPECIFIED.,.F.,.F.,(4,3,3,3,3,3,3,3,3,3,3,3,3,3,3,3,3,3,3,3,3,
3,3,3,3,3,3,3,3,3,3,3,3,3,3,3,3,3,3,3,3,3,3,3,3,3,3,3,3,3,4),(0.,0.0589967960557054,
0.118893146450432,0.151233449005108,0.21073971662652,0.252615127392404,
0.289256111812552,0.29865712971814,0.360428597977002,0.422298960871703,
0.484585492430321,0.54574300275359,0.597939834673025,0.60681125357598,0.669258444334349,
0.732690714257692,0.79705694567075,0.861489246629064,0.912403452369066,
0.921961082247668,0.929243464662426,0.963317658109068,1.02808382919387,
1.09378602802373,1.16013176839677,1.22120471710278,1.24410707286754,1.25567494129679,
1.26557499724273,1.33499928023178,1.40442356322083,1.47231487199723,1.54078253797466,
1.58180451224947,1.5997516259947,1.60950828497555,1.61672359111266,1.68652725356299,
1.75699910740088,1.8278142324662,1.86895833217315,1.9299080503568,1.95657355206214,
1.97389314650294,1.98085822787538,2.05179069067193,2.12375242539508,2.19658555887097,
2.26943739426472,2.34163038495356,2.35655607764229),.UNSPECIFIED.);
#1226=B_SPLINE_CURVE_WITH_KNOTS('',3,(#9212,#9213,#9214,#9215,#9216,#9217,
#9218,#9219,#9220,#9221,#9222,#9223,#9224,#9225,#9226,#9227,#9228,#9229,
#9230,#9231,#9232,#9233,#9234,#9235,#9236,#9237,#9238,#9239,#9240,#9241,
#9242,#9243,#9244,#9245),.UNSPECIFIED.,.F.,.F.,(4,1,1,1,1,1,1,1,1,1,1,1,
1,1,1,1,1,1,1,1,1,1,1,1,1,1,1,1,1,1,1,4),(0.,0.498665500569808,0.997331001139617,
1.49599650170942,1.99466200227923,2.49332750284904,2.99199300341885,3.49065850398866,
3.98932400455847,4.48798950512827,4.98665500569808,5.48532050626789,5.9839860068377,
6.48265150740751,6.98131700797732,7.47998250854713,7.97864800911693,8.47731350968674,
8.97597901025655,9.47464451082636,9.97331001139617,10.471975511966,10.9706410125358,
11.4693065131056,11.9679720136754,12.4666375142452,12.965303014815,13.4639685153848,
13.9626340159546,14.4612995165244,14.9599650170942,15.2591643174361),
 .UNSPECIFIED.);
#1227=B_SPLINE_CURVE_WITH_KNOTS('',3,(#9247,#9248,#9249,#9250,#9251,#9252,
#9253,#9254,#9255,#9256,#9257,#9258,#9259,#9260,#9261,#9262,#9263,#9264,
#9265,#9266,#9267,#9268,#9269,#9270,#9271,#9272,#9273,#9274,#9275,#9276,
#9277),.UNSPECIFIED.,.F.,.F.,(4,3,3,3,3,3,3,3,3,3,4),(-4.71238898038469,
-4.48798950512827,-3.98932400455847,-3.49065850398866,-2.99199300341885,
-2.49332750284904,-1.99466200227923,-1.49599650170942,-0.997331001139617,
-0.498665500569808,0.),.UNSPECIFIED.);
#1228=B_SPLINE_CURVE_WITH_KNOTS('',3,(#9418,#9419,#9420,#9421,#9422,#9423,
#9424,#9425,#9426,#9427,#9428,#9429,#9430,#9431,#9432,#9433,#9434,#9435,
#9436,#9437,#9438,#9439,#9440,#9441,#9442,#9443,#9444,#9445,#9446,#9447,
#9448,#9449,#9450,#9451,#9452,#9453,#9454,#9455,#9456,#9457,#9458,#9459,
#9460,#9461,#9462,#9463,#9464,#9465,#9466,#9467,#9468,#9469,#9470,#9471,
#9472,#9473,#9474,#9475,#9476,#9477,#9478,#9479,#9480,#9481,#9482,#9483,
#9484,#9485,#9486,#9487,#9488,#9489,#9490,#9491,#9492,#9493,#9494,#9495,
#9496,#9497,#9498,#9499,#9500,#9501,#9502,#9503,#9504,#9505,#9506,#9507,
#9508,#9509,#9510,#9511,#9512,#9513,#9514,#9515,#9516,#9517,#9518,#9519,
#9520,#9521,#9522,#9523,#9524,#9525,#9526,#9527,#9528,#9529,#9530,#9531,
#9532,#9533,#9534,#9535,#9536,#9537,#9538,#9539,#9540,#9541,#9542,#9543,
#9544,#9545,#9546,#9547,#9548,#9549,#9550,#9551,#9552,#9553,#9554,#9555,
#9556,#9557,#9558,#9559,#9560,#9561,#9562,#9563,#9564,#9565,#9566,#9567,
#9568,#9569,#9570,#9571,#9572,#9573,#9574,#9575,#9576,#9577,#9578,#9579,
#9580),.UNSPECIFIED.,.F.,.F.,(4,3,3,3,3,3,3,3,3,3,3,3,3,3,3,3,3,3,3,3,3,
3,3,3,3,3,3,3,3,3,3,3,3,3,3,3,3,3,3,3,3,3,3,3,3,3,3,3,3,3,3,3,3,3,4),(0.,
0.0766519940474738,0.149794842300683,0.222429231497142,0.293925485698538,
0.306607976189895,0.363589276357109,0.380726276867476,0.388456824387939,
0.459482296061726,0.530731712683643,0.601359779541965,0.671217356024944,
0.716837866776273,0.739648122151938,0.74819255112666,0.755500516689611,
0.762458377527603,0.831301837565717,0.900464797604495,0.969396905501382,
1.03716828459955,1.07711641814191,1.0940211111065,1.10238637200207,1.1100784783078,
1.17678111776889,1.19696081876901,1.263992209945,1.3308032339472,1.39691546454125,
1.42357205053045,1.4398518235074,1.44717231534548,1.5119063101699,1.57610919618924,
1.61016815245487,1.6748173382272,1.73877103467427,1.75521530229306,1.76580399469146,
1.77351100177368,1.83611611540697,1.89845887056935,1.95983816145223,2.00187931657484,
2.04813555753423,2.06837266295396,2.07648826313137,2.0835627682354,2.14392215218656,
2.20415095805613,2.263853948185,2.32230185284963,2.37192924424998),
 .UNSPECIFIED.);
#1229=LINE('',#7686,#1696);
#1230=LINE('',#7696,#1697);
#1231=LINE('',#7712,#1698);
#1232=LINE('',#7760,#1699);
#1233=LINE('',#7762,#1700);
#1234=LINE('',#7764,#1701);
#1235=LINE('',#7786,#1702);
#1236=LINE('',#7799,#1703);
#1237=LINE('',#7813,#1704);
#1238=LINE('',#7830,#1705);
#1239=LINE('',#7848,#1706);
#1240=LINE('',#7850,#1707);
#1241=LINE('',#7852,#1708);
#1242=LINE('',#7853,#1709);
#1243=LINE('',#7857,#1710);
#1244=LINE('',#7863,#1711);
#1245=LINE('',#7864,#1712);
#1246=LINE('',#7865,#1713);
#1247=LINE('',#7869,#1714);
#1248=LINE('',#7875,#1715);
#1249=LINE('',#7876,#1716);
#1250=LINE('',#7877,#1717);
#1251=LINE('',#7881,#1718);
#1252=LINE('',#7887,#1719);
#1253=LINE('',#7888,#1720);
#1254=LINE('',#7889,#1721);
#1255=LINE('',#7895,#1722);
#1256=LINE('',#7898,#1723);
#1257=LINE('',#7901,#1724);
#1258=LINE('',#7902,#1725);
#1259=LINE('',#7905,#1726);
#1260=LINE('',#7909,#1727);
#1261=LINE('',#7910,#1728);
#1262=LINE('',#7924,#1729);
#1263=LINE('',#7928,#1730);
#1264=LINE('',#7930,#1731);
#1265=LINE('',#7931,#1732);
#1266=LINE('',#7935,#1733);
#1267=LINE('',#7940,#1734);
#1268=LINE('',#7942,#1735);
#1269=LINE('',#7943,#1736);
#1270=LINE('',#7947,#1737);
#1271=LINE('',#7952,#1738);
#1272=LINE('',#7954,#1739);
#1273=LINE('',#7955,#1740);
#1274=LINE('',#7970,#1741);
#1275=LINE('',#7974,#1742);
#1276=LINE('',#7978,#1743);
#1277=LINE('',#7982,#1744);
#1278=LINE('',#7989,#1745);
#1279=LINE('',#7993,#1746);
#1280=LINE('',#7997,#1747);
#1281=LINE('',#8005,#1748);
#1282=LINE('',#8009,#1749);
#1283=LINE('',#8013,#1750);
#1284=LINE('',#8021,#1751);
#1285=LINE('',#8025,#1752);
#1286=LINE('',#8029,#1753);
#1287=LINE('',#8042,#1754);
#1288=LINE('',#8046,#1755);
#1289=LINE('',#8047,#1756);
#1290=LINE('',#8050,#1757);
#1291=LINE('',#8054,#1758);
#1292=LINE('',#8055,#1759);
#1293=LINE('',#8058,#1760);
#1294=LINE('',#8062,#1761);
#1295=LINE('',#8063,#1762);
#1296=LINE('',#8082,#1763);
#1297=LINE('',#8086,#1764);
#1298=LINE('',#8087,#1765);
#1299=LINE('',#8090,#1766);
#1300=LINE('',#8094,#1767);
#1301=LINE('',#8095,#1768);
#1302=LINE('',#8098,#1769);
#1303=LINE('',#8102,#1770);
#1304=LINE('',#8103,#1771);
#1305=LINE('',#8122,#1772);
#1306=LINE('',#8126,#1773);
#1307=LINE('',#8127,#1774);
#1308=LINE('',#8130,#1775);
#1309=LINE('',#8134,#1776);
#1310=LINE('',#8135,#1777);
#1311=LINE('',#8138,#1778);
#1312=LINE('',#8142,#1779);
#1313=LINE('',#8143,#1780);
#1314=LINE('',#8154,#1781);
#1315=LINE('',#8155,#1782);
#1316=LINE('',#8157,#1783);
#1317=LINE('',#8159,#1784);
#1318=LINE('',#8162,#1785);
#1319=LINE('',#8166,#1786);
#1320=LINE('',#8167,#1787);
#1321=LINE('',#8170,#1788);
#1322=LINE('',#8173,#1789);
#1323=LINE('',#8174,#1790);
#1324=LINE('',#8177,#1791);
#1325=LINE('',#8180,#1792);
#1326=LINE('',#8183,#1793);
#1327=LINE('',#8186,#1794);
#1328=LINE('',#8190,#1795);
#1329=LINE('',#8197,#1796);
#1330=LINE('',#8199,#1797);
#1331=LINE('',#8202,#1798);
#1332=LINE('',#8205,#1799);
#1333=LINE('',#8208,#1800);
#1334=LINE('',#8209,#1801);
#1335=LINE('',#8213,#1802);
#1336=LINE('',#8216,#1803);
#1337=LINE('',#8217,#1804);
#1338=LINE('',#8220,#1805);
#1339=LINE('',#8223,#1806);
#1340=LINE('',#8226,#1807);
#1341=LINE('',#8227,#1808);
#1342=LINE('',#8230,#1809);
#1343=LINE('',#8233,#1810);
#1344=LINE('',#8235,#1811);
#1345=LINE('',#8238,#1812);
#1346=LINE('',#8241,#1813);
#1347=LINE('',#8244,#1814);
#1348=LINE('',#8245,#1815);
#1349=LINE('',#8247,#1816);
#1350=LINE('',#8251,#1817);
#1351=LINE('',#8254,#1818);
#1352=LINE('',#8255,#1819);
#1353=LINE('',#8258,#1820);
#1354=LINE('',#8261,#1821);
#1355=LINE('',#8263,#1822);
#1356=LINE('',#8266,#1823);
#1357=LINE('',#8269,#1824);
#1358=LINE('',#8271,#1825);
#1359=LINE('',#8281,#1826);
#1360=LINE('',#8284,#1827);
#1361=LINE('',#8285,#1828);
#1362=LINE('',#8286,#1829);
#1363=LINE('',#8287,#1830);
#1364=LINE('',#8290,#1831);
#1365=LINE('',#8292,#1832);
#1366=LINE('',#8296,#1833);
#1367=LINE('',#8298,#1834);
#1368=LINE('',#8303,#1835);
#1369=LINE('',#8305,#1836);
#1370=LINE('',#8317,#1837);
#1371=LINE('',#8453,#1838);
#1372=LINE('',#8497,#1839);
#1373=LINE('',#8665,#1840);
#1374=LINE('',#8666,#1841);
#1375=LINE('',#8691,#1842);
#1376=LINE('',#8693,#1843);
#1377=LINE('',#8696,#1844);
#1378=LINE('',#8701,#1845);
#1379=LINE('',#8722,#1846);
#1380=LINE('',#8784,#1847);
#1381=LINE('',#8788,#1848);
#1382=LINE('',#8851,#1849);
#1383=LINE('',#8859,#1850);
#1384=LINE('',#8864,#1851);
#1385=LINE('',#8875,#1852);
#1386=LINE('',#8879,#1853);
#1387=LINE('',#8885,#1854);
#1388=LINE('',#8889,#1855);
#1389=LINE('',#8895,#1856);
#1390=LINE('',#8899,#1857);
#1391=LINE('',#8902,#1858);
#1392=LINE('',#9246,#1859);
#1393=LINE('',#9581,#1860);
#1394=LINE('',#9590,#1861);
#1395=LINE('',#9608,#1862);
#1396=LINE('',#9610,#1863);
#1397=LINE('',#9612,#1864);
#1398=LINE('',#9613,#1865);
#1399=LINE('',#9616,#1866);
#1400=LINE('',#9618,#1867);
#1401=LINE('',#9620,#1868);
#1402=LINE('',#9624,#1869);
#1403=LINE('',#9626,#1870);
#1404=LINE('',#9628,#1871);
#1405=LINE('',#9632,#1872);
#1406=LINE('',#9634,#1873);
#1407=LINE('',#9636,#1874);
#1408=LINE('',#9640,#1875);
#1409=LINE('',#9642,#1876);
#1410=LINE('',#9644,#1877);
#1411=LINE('',#9648,#1878);
#1412=LINE('',#9650,#1879);
#1413=LINE('',#9652,#1880);
#1414=LINE('',#9656,#1881);
#1415=LINE('',#9658,#1882);
#1416=LINE('',#9660,#1883);
#1417=LINE('',#9664,#1884);
#1418=LINE('',#9666,#1885);
#1419=LINE('',#9668,#1886);
#1420=LINE('',#9672,#1887);
#1421=LINE('',#9674,#1888);
#1422=LINE('',#9676,#1889);
#1423=LINE('',#9680,#1890);
#1424=LINE('',#9682,#1891);
#1425=LINE('',#9684,#1892);
#1426=LINE('',#9688,#1893);
#1427=LINE('',#9690,#1894);
#1428=LINE('',#9692,#1895);
#1429=LINE('',#9696,#1896);
#1430=LINE('',#9698,#1897);
#1431=LINE('',#9700,#1898);
#1432=LINE('',#9704,#1899);
#1433=LINE('',#9706,#1900);
#1434=LINE('',#9708,#1901);
#1435=LINE('',#9712,#1902);
#1436=LINE('',#9714,#1903);
#1437=LINE('',#9716,#1904);
#1438=LINE('',#9720,#1905);
#1439=LINE('',#9722,#1906);
#1440=LINE('',#9724,#1907);
#1441=LINE('',#9728,#1908);
#1442=LINE('',#9730,#1909);
#1443=LINE('',#9732,#1910);
#1444=LINE('',#9736,#1911);
#1445=LINE('',#9737,#1912);
#1446=LINE('',#9750,#1913);
#1447=LINE('',#9752,#1914);
#1448=LINE('',#9753,#1915);
#1449=LINE('',#9766,#1916);
#1450=LINE('',#9768,#1917);
#1451=LINE('',#9769,#1918);
#1452=LINE('',#9782,#1919);
#1453=LINE('',#9784,#1920);
#1454=LINE('',#9785,#1921);
#1455=LINE('',#9798,#1922);
#1456=LINE('',#9800,#1923);
#1457=LINE('',#9801,#1924);
#1458=LINE('',#9814,#1925);
#1459=LINE('',#9816,#1926);
#1460=LINE('',#9817,#1927);
#1461=LINE('',#9830,#1928);
#1462=LINE('',#9832,#1929);
#1463=LINE('',#9833,#1930);
#1464=LINE('',#9846,#1931);
#1465=LINE('',#9848,#1932);
#1466=LINE('',#9849,#1933);
#1467=LINE('',#9862,#1934);
#1468=LINE('',#9864,#1935);
#1469=LINE('',#9865,#1936);
#1470=LINE('',#9878,#1937);
#1471=LINE('',#9881,#1938);
#1472=LINE('',#9884,#1939);
#1473=LINE('',#9885,#1940);
#1474=LINE('',#9898,#1941);
#1475=LINE('',#9901,#1942);
#1476=LINE('',#9904,#1943);
#1477=LINE('',#9905,#1944);
#1478=LINE('',#9918,#1945);
#1479=LINE('',#9921,#1946);
#1480=LINE('',#9924,#1947);
#1481=LINE('',#9925,#1948);
#1482=LINE('',#9938,#1949);
#1483=LINE('',#9941,#1950);
#1484=LINE('',#9944,#1951);
#1485=LINE('',#9945,#1952);
#1486=LINE('',#9958,#1953);
#1487=LINE('',#9961,#1954);
#1488=LINE('',#9964,#1955);
#1489=LINE('',#9965,#1956);
#1490=LINE('',#9978,#1957);
#1491=LINE('',#9981,#1958);
#1492=LINE('',#9984,#1959);
#1493=LINE('',#9985,#1960);
#1494=LINE('',#9998,#1961);
#1495=LINE('',#10001,#1962);
#1496=LINE('',#10004,#1963);
#1497=LINE('',#10005,#1964);
#1498=LINE('',#10008,#1965);
#1499=LINE('',#10009,#1966);
#1500=LINE('',#10011,#1967);
#1501=LINE('',#10014,#1968);
#1502=LINE('',#10015,#1969);
#1503=LINE('',#10017,#1970);
#1504=LINE('',#10020,#1971);
#1505=LINE('',#10021,#1972);
#1506=LINE('',#10023,#1973);
#1507=LINE('',#10026,#1974);
#1508=LINE('',#10027,#1975);
#1509=LINE('',#10029,#1976);
#1510=LINE('',#10032,#1977);
#1511=LINE('',#10033,#1978);
#1512=LINE('',#10035,#1979);
#1513=LINE('',#10038,#1980);
#1514=LINE('',#10039,#1981);
#1515=LINE('',#10041,#1982);
#1516=LINE('',#10044,#1983);
#1517=LINE('',#10045,#1984);
#1518=LINE('',#10048,#1985);
#1519=LINE('',#10049,#1986);
#1520=LINE('',#10052,#1987);
#1521=LINE('',#10054,#1988);
#1522=LINE('',#10055,#1989);
#1523=LINE('',#10057,#1990);
#1524=LINE('',#10060,#1991);
#1525=LINE('',#10061,#1992);
#1526=LINE('',#10064,#1993);
#1527=LINE('',#10065,#1994);
#1528=LINE('',#10068,#1995);
#1529=LINE('',#10070,#1996);
#1530=LINE('',#10071,#1997);
#1531=LINE('',#10073,#1998);
#1532=LINE('',#10076,#1999);
#1533=LINE('',#10077,#2000);
#1534=LINE('',#10080,#2001);
#1535=LINE('',#10081,#2002);
#1536=LINE('',#10084,#2003);
#1537=LINE('',#10086,#2004);
#1538=LINE('',#10087,#2005);
#1539=LINE('',#10089,#2006);
#1540=LINE('',#10092,#2007);
#1541=LINE('',#10093,#2008);
#1542=LINE('',#10096,#2009);
#1543=LINE('',#10097,#2010);
#1544=LINE('',#10100,#2011);
#1545=LINE('',#10102,#2012);
#1546=LINE('',#10103,#2013);
#1547=LINE('',#10105,#2014);
#1548=LINE('',#10124,#2015);
#1549=LINE('',#10125,#2016);
#1550=LINE('',#10128,#2017);
#1551=LINE('',#10129,#2018);
#1552=LINE('',#10132,#2019);
#1553=LINE('',#10133,#2020);
#1554=LINE('',#10135,#2021);
#1555=LINE('',#10141,#2022);
#1556=LINE('',#10144,#2023);
#1557=LINE('',#10147,#2024);
#1558=LINE('',#10155,#2025);
#1559=LINE('',#10161,#2026);
#1560=LINE('',#10162,#2027);
#1561=LINE('',#10166,#2028);
#1562=LINE('',#10169,#2029);
#1563=LINE('',#10172,#2030);
#1564=LINE('',#10175,#2031);
#1565=LINE('',#10176,#2032);
#1566=LINE('',#10180,#2033);
#1567=LINE('',#10188,#2034);
#1568=LINE('',#10191,#2035);
#1569=LINE('',#10196,#2036);
#1570=LINE('',#10203,#2037);
#1571=LINE('',#10206,#2038);
#1572=LINE('',#10208,#2039);
#1573=LINE('',#10214,#2040);
#1574=LINE('',#10219,#2041);
#1575=LINE('',#10223,#2042);
#1576=LINE('',#10226,#2043);
#1577=LINE('',#10227,#2044);
#1578=LINE('',#10235,#2045);
#1579=LINE('',#10238,#2046);
#1580=LINE('',#10243,#2047);
#1581=LINE('',#10250,#2048);
#1582=LINE('',#10253,#2049);
#1583=LINE('',#10255,#2050);
#1584=LINE('',#10261,#2051);
#1585=LINE('',#10266,#2052);
#1586=LINE('',#10270,#2053);
#1587=LINE('',#10273,#2054);
#1588=LINE('',#10274,#2055);
#1589=LINE('',#10282,#2056);
#1590=LINE('',#10285,#2057);
#1591=LINE('',#10290,#2058);
#1592=LINE('',#10297,#2059);
#1593=LINE('',#10300,#2060);
#1594=LINE('',#10302,#2061);
#1595=LINE('',#10308,#2062);
#1596=LINE('',#10313,#2063);
#1597=LINE('',#10317,#2064);
#1598=LINE('',#10320,#2065);
#1599=LINE('',#10321,#2066);
#1600=LINE('',#10329,#2067);
#1601=LINE('',#10332,#2068);
#1602=LINE('',#10337,#2069);
#1603=LINE('',#10344,#2070);
#1604=LINE('',#10347,#2071);
#1605=LINE('',#10349,#2072);
#1606=LINE('',#10355,#2073);
#1607=LINE('',#10360,#2074);
#1608=LINE('',#10364,#2075);
#1609=LINE('',#10367,#2076);
#1610=LINE('',#10368,#2077);
#1611=LINE('',#10376,#2078);
#1612=LINE('',#10379,#2079);
#1613=LINE('',#10384,#2080);
#1614=LINE('',#10391,#2081);
#1615=LINE('',#10394,#2082);
#1616=LINE('',#10396,#2083);
#1617=LINE('',#10402,#2084);
#1618=LINE('',#10407,#2085);
#1619=LINE('',#10411,#2086);
#1620=LINE('',#10414,#2087);
#1621=LINE('',#10415,#2088);
#1622=LINE('',#10422,#2089);
#1623=LINE('',#10435,#2090);
#1624=LINE('',#10437,#2091);
#1625=LINE('',#10439,#2092);
#1626=LINE('',#10441,#2093);
#1627=LINE('',#10443,#2094);
#1628=LINE('',#10451,#2095);
#1629=LINE('',#10458,#2096);
#1630=LINE('',#10465,#2097);
#1631=LINE('',#10472,#2098);
#1632=LINE('',#10485,#2099);
#1633=LINE('',#10487,#2100);
#1634=LINE('',#10492,#2101);
#1635=LINE('',#10494,#2102);
#1636=LINE('',#10496,#2103);
#1637=LINE('',#10497,#2104);
#1638=LINE('',#10500,#2105);
#1639=LINE('',#10502,#2106);
#1640=LINE('',#10503,#2107);
#1641=LINE('',#10506,#2108);
#1642=LINE('',#10508,#2109);
#1643=LINE('',#10509,#2110);
#1644=LINE('',#10513,#2111);
#1645=LINE('',#10515,#2112);
#1646=LINE('',#10517,#2113);
#1647=LINE('',#10518,#2114);
#1648=LINE('',#10521,#2115);
#1649=LINE('',#10523,#2116);
#1650=LINE('',#10524,#2117);
#1651=LINE('',#10527,#2118);
#1652=LINE('',#10529,#2119);
#1653=LINE('',#10530,#2120);
#1654=LINE('',#10535,#2121);
#1655=LINE('',#10544,#2122);
#1656=LINE('',#10549,#2123);
#1657=LINE('',#10551,#2124);
#1658=LINE('',#10553,#2125);
#1659=LINE('',#10554,#2126);
#1660=LINE('',#10557,#2127);
#1661=LINE('',#10559,#2128);
#1662=LINE('',#10561,#2129);
#1663=LINE('',#10562,#2130);
#1664=LINE('',#10565,#2131);
#1665=LINE('',#10569,#2132);
#1666=LINE('',#10571,#2133);
#1667=LINE('',#10573,#2134);
#1668=LINE('',#10577,#2135);
#1669=LINE('',#10579,#2136);
#1670=LINE('',#10580,#2137);
#1671=LINE('',#10583,#2138);
#1672=LINE('',#10587,#2139);
#1673=LINE('',#10588,#2140);
#1674=LINE('',#10592,#2141);
#1675=LINE('',#10594,#2142);
#1676=LINE('',#10596,#2143);
#1677=LINE('',#10597,#2144);
#1678=LINE('',#10602,#2145);
#1679=LINE('',#10607,#2146);
#1680=LINE('',#10608,#2147);
#1681=LINE('',#10609,#2148);
#1682=LINE('',#10611,#2149);
#1683=LINE('',#10616,#2150);
#1684=LINE('',#10618,#2151);
#1685=LINE('',#10620,#2152);
#1686=LINE('',#10622,#2153);
#1687=LINE('',#10623,#2154);
#1688=LINE('',#10627,#2155);
#1689=LINE('',#10629,#2156);
#1690=LINE('',#10632,#2157);
#1691=LINE('',#10633,#2158);
#1692=LINE('',#10635,#2159);
#1693=LINE('',#10637,#2160);
#1694=LINE('',#10639,#2161);
#1695=LINE('',#10640,#2162);
#1696=VECTOR('',#6080,10.1);
#1697=VECTOR('',#6081,10.);
#1698=VECTOR('',#6082,10.1);
#1699=VECTOR('',#6087,10.1);
#1700=VECTOR('',#6088,10.);
#1701=VECTOR('',#6089,10.1);
#1702=VECTOR('',#6094,8.14833395016046);
#1703=VECTOR('',#6095,10.);
#1704=VECTOR('',#6098,8.14833395016046);
#1705=VECTOR('',#6099,10.);
#1706=VECTOR('',#6102,10.);
#1707=VECTOR('',#6103,10.);
#1708=VECTOR('',#6104,10.);
#1709=VECTOR('',#6105,10.);
#1710=VECTOR('',#6108,10.);
#1711=VECTOR('',#6115,10.);
#1712=VECTOR('',#6116,10.);
#1713=VECTOR('',#6117,10.);
#1714=VECTOR('',#6120,10.);
#1715=VECTOR('',#6127,10.);
#1716=VECTOR('',#6128,10.);
#1717=VECTOR('',#6129,10.);
#1718=VECTOR('',#6132,10.);
#1719=VECTOR('',#6139,10.);
#1720=VECTOR('',#6140,10.);
#1721=VECTOR('',#6141,10.);
#1722=VECTOR('',#6150,10.);
#1723=VECTOR('',#6153,10.);
#1724=VECTOR('',#6156,10.);
#1725=VECTOR('',#6157,10.);
#1726=VECTOR('',#6160,10.);
#1727=VECTOR('',#6165,10.);
#1728=VECTOR('',#6166,10.);
#1729=VECTOR('',#6173,10.);
#1730=VECTOR('',#6178,10.);
#1731=VECTOR('',#6179,10.);
#1732=VECTOR('',#6180,10.);
#1733=VECTOR('',#6183,10.);
#1734=VECTOR('',#6190,10.);
#1735=VECTOR('',#6191,10.);
#1736=VECTOR('',#6192,10.);
#1737=VECTOR('',#6195,10.);
#1738=VECTOR('',#6202,10.);
#1739=VECTOR('',#6203,10.);
#1740=VECTOR('',#6204,10.);
#1741=VECTOR('',#6213,10.);
#1742=VECTOR('',#6216,10.);
#1743=VECTOR('',#6219,10.);
#1744=VECTOR('',#6222,10.);
#1745=VECTOR('',#6229,10.);
#1746=VECTOR('',#6232,10.);
#1747=VECTOR('',#6235,10.);
#1748=VECTOR('',#6242,10.);
#1749=VECTOR('',#6245,10.);
#1750=VECTOR('',#6248,10.);
#1751=VECTOR('',#6255,10.);
#1752=VECTOR('',#6258,10.);
#1753=VECTOR('',#6261,10.);
#1754=VECTOR('',#6268,10.);
#1755=VECTOR('',#6273,10.);
#1756=VECTOR('',#6274,10.);
#1757=VECTOR('',#6277,10.);
#1758=VECTOR('',#6282,10.);
#1759=VECTOR('',#6283,10.);
#1760=VECTOR('',#6286,10.);
#1761=VECTOR('',#6291,10.);
#1762=VECTOR('',#6292,10.);
#1763=VECTOR('',#6299,10.);
#1764=VECTOR('',#6304,10.);
#1765=VECTOR('',#6305,10.);
#1766=VECTOR('',#6308,10.);
#1767=VECTOR('',#6313,10.);
#1768=VECTOR('',#6314,10.);
#1769=VECTOR('',#6317,10.);
#1770=VECTOR('',#6322,10.);
#1771=VECTOR('',#6323,10.);
#1772=VECTOR('',#6330,10.);
#1773=VECTOR('',#6335,10.);
#1774=VECTOR('',#6336,10.);
#1775=VECTOR('',#6339,10.);
#1776=VECTOR('',#6344,10.);
#1777=VECTOR('',#6345,10.);
#1778=VECTOR('',#6348,10.);
#1779=VECTOR('',#6353,10.);
#1780=VECTOR('',#6354,10.);
#1781=VECTOR('',#6361,10.);
#1782=VECTOR('',#6362,10.);
#1783=VECTOR('',#6365,10.);
#1784=VECTOR('',#6368,10.);
#1785=VECTOR('',#6371,10.);
#1786=VECTOR('',#6376,10.);
#1787=VECTOR('',#6377,10.);
#1788=VECTOR('',#6380,10.);
#1789=VECTOR('',#6385,10.);
#1790=VECTOR('',#6386,10.);
#1791=VECTOR('',#6391,10.);
#1792=VECTOR('',#6394,10.);
#1793=VECTOR('',#6397,10.);
#1794=VECTOR('',#6400,10.);
#1795=VECTOR('',#6403,10.);
#1796=VECTOR('',#6410,10.);
#1797=VECTOR('',#6413,10.);
#1798=VECTOR('',#6416,10.);
#1799=VECTOR('',#6419,10.);
#1800=VECTOR('',#6422,10.);
#1801=VECTOR('',#6423,10.);
#1802=VECTOR('',#6428,10.);
#1803=VECTOR('',#6431,10.);
#1804=VECTOR('',#6432,10.);
#1805=VECTOR('',#6435,10.);
#1806=VECTOR('',#6438,10.);
#1807=VECTOR('',#6441,10.);
#1808=VECTOR('',#6442,10.);
#1809=VECTOR('',#6445,10.);
#1810=VECTOR('',#6448,10.);
#1811=VECTOR('',#6451,10.);
#1812=VECTOR('',#6454,10.);
#1813=VECTOR('',#6457,10.);
#1814=VECTOR('',#6460,10.);
#1815=VECTOR('',#6461,10.);
#1816=VECTOR('',#6464,10.);
#1817=VECTOR('',#6469,10.);
#1818=VECTOR('',#6472,10.);
#1819=VECTOR('',#6473,10.);
#1820=VECTOR('',#6476,10.);
#1821=VECTOR('',#6479,10.);
#1822=VECTOR('',#6482,10.);
#1823=VECTOR('',#6485,10.);
#1824=VECTOR('',#6488,10.);
#1825=VECTOR('',#6491,10.);
#1826=VECTOR('',#6502,49.2);
#1827=VECTOR('',#6505,10.);
#1828=VECTOR('',#6506,10.);
#1829=VECTOR('',#6507,10.);
#1830=VECTOR('',#6508,10.);
#1831=VECTOR('',#6511,10.);
#1832=VECTOR('',#6512,10.);
#1833=VECTOR('',#6519,10.);
#1834=VECTOR('',#6522,10.);
#1835=VECTOR('',#6529,10.);
#1836=VECTOR('',#6532,10.);
#1837=VECTOR('',#6553,48.7);
#1838=VECTOR('',#6558,10.);
#1839=VECTOR('',#6559,10.);
#1840=VECTOR('',#6562,10.);
#1841=VECTOR('',#6563,10.);
#1842=VECTOR('',#6576,10.);
#1843=VECTOR('',#6579,10.);
#1844=VECTOR('',#6584,45.2);
#1845=VECTOR('',#6589,10.);
#1846=VECTOR('',#6594,10.);
#1847=VECTOR('',#6597,10.);
#1848=VECTOR('',#6600,10.);
#1849=VECTOR('',#6607,26.5);
#1850=VECTOR('',#6618,26.7);
#1851=VECTOR('',#6623,29.);
#1852=VECTOR('',#6636,29.5);
#1853=VECTOR('',#6641,8.);
#1854=VECTOR('',#6648,7.5);
#1855=VECTOR('',#6653,8.);
#1856=VECTOR('',#6660,7.5);
#1857=VECTOR('',#6665,3.75);
#1858=VECTOR('',#6668,3.75);
#1859=VECTOR('',#6669,10.);
#1860=VECTOR('',#6670,10.);
#1861=VECTOR('',#6685,16.);
#1862=VECTOR('',#6698,10.);
#1863=VECTOR('',#6699,10.);
#1864=VECTOR('',#6700,10.);
#1865=VECTOR('',#6701,10.);
#1866=VECTOR('',#6704,10.);
#1867=VECTOR('',#6705,10.);
#1868=VECTOR('',#6706,10.);
#1869=VECTOR('',#6709,10.);
#1870=VECTOR('',#6710,10.);
#1871=VECTOR('',#6711,10.);
#1872=VECTOR('',#6714,10.);
#1873=VECTOR('',#6715,10.);
#1874=VECTOR('',#6716,10.);
#1875=VECTOR('',#6719,10.);
#1876=VECTOR('',#6720,10.);
#1877=VECTOR('',#6721,10.);
#1878=VECTOR('',#6724,10.);
#1879=VECTOR('',#6725,10.);
#1880=VECTOR('',#6726,10.);
#1881=VECTOR('',#6729,10.);
#1882=VECTOR('',#6730,10.);
#1883=VECTOR('',#6731,10.);
#1884=VECTOR('',#6734,10.);
#1885=VECTOR('',#6735,10.);
#1886=VECTOR('',#6736,10.);
#1887=VECTOR('',#6739,10.);
#1888=VECTOR('',#6740,10.);
#1889=VECTOR('',#6741,10.);
#1890=VECTOR('',#6744,10.);
#1891=VECTOR('',#6745,10.);
#1892=VECTOR('',#6746,10.);
#1893=VECTOR('',#6749,10.);
#1894=VECTOR('',#6750,10.);
#1895=VECTOR('',#6751,10.);
#1896=VECTOR('',#6754,10.);
#1897=VECTOR('',#6755,10.);
#1898=VECTOR('',#6756,10.);
#1899=VECTOR('',#6759,10.);
#1900=VECTOR('',#6760,10.);
#1901=VECTOR('',#6761,10.);
#1902=VECTOR('',#6764,10.);
#1903=VECTOR('',#6765,10.);
#1904=VECTOR('',#6766,10.);
#1905=VECTOR('',#6769,10.);
#1906=VECTOR('',#6770,10.);
#1907=VECTOR('',#6771,10.);
#1908=VECTOR('',#6774,10.);
#1909=VECTOR('',#6775,10.);
#1910=VECTOR('',#6776,10.);
#1911=VECTOR('',#6779,10.);
#1912=VECTOR('',#6780,10.);
#1913=VECTOR('',#6787,10.);
#1914=VECTOR('',#6788,10.);
#1915=VECTOR('',#6789,10.);
#1916=VECTOR('',#6796,10.);
#1917=VECTOR('',#6797,10.);
#1918=VECTOR('',#6798,10.);
#1919=VECTOR('',#6805,10.);
#1920=VECTOR('',#6806,10.);
#1921=VECTOR('',#6807,10.);
#1922=VECTOR('',#6814,10.);
#1923=VECTOR('',#6815,10.);
#1924=VECTOR('',#6816,10.);
#1925=VECTOR('',#6823,10.);
#1926=VECTOR('',#6824,10.);
#1927=VECTOR('',#6825,10.);
#1928=VECTOR('',#6832,10.);
#1929=VECTOR('',#6833,10.);
#1930=VECTOR('',#6834,10.);
#1931=VECTOR('',#6841,10.);
#1932=VECTOR('',#6842,10.);
#1933=VECTOR('',#6843,10.);
#1934=VECTOR('',#6850,10.);
#1935=VECTOR('',#6851,10.);
#1936=VECTOR('',#6852,10.);
#1937=VECTOR('',#6859,10.);
#1938=VECTOR('',#6862,10.);
#1939=VECTOR('',#6865,10.);
#1940=VECTOR('',#6866,10.);
#1941=VECTOR('',#6873,10.);
#1942=VECTOR('',#6876,10.);
#1943=VECTOR('',#6879,10.);
#1944=VECTOR('',#6880,10.);
#1945=VECTOR('',#6887,10.);
#1946=VECTOR('',#6890,10.);
#1947=VECTOR('',#6893,10.);
#1948=VECTOR('',#6894,10.);
#1949=VECTOR('',#6901,10.);
#1950=VECTOR('',#6904,10.);
#1951=VECTOR('',#6907,10.);
#1952=VECTOR('',#6908,10.);
#1953=VECTOR('',#6915,10.);
#1954=VECTOR('',#6918,10.);
#1955=VECTOR('',#6921,10.);
#1956=VECTOR('',#6922,10.);
#1957=VECTOR('',#6929,10.);
#1958=VECTOR('',#6932,10.);
#1959=VECTOR('',#6935,10.);
#1960=VECTOR('',#6936,10.);
#1961=VECTOR('',#6943,10.);
#1962=VECTOR('',#6946,10.);
#1963=VECTOR('',#6949,10.);
#1964=VECTOR('',#6950,10.);
#1965=VECTOR('',#6953,10.);
#1966=VECTOR('',#6954,10.);
#1967=VECTOR('',#6957,10.);
#1968=VECTOR('',#6960,10.);
#1969=VECTOR('',#6961,10.);
#1970=VECTOR('',#6964,10.);
#1971=VECTOR('',#6967,10.);
#1972=VECTOR('',#6968,10.);
#1973=VECTOR('',#6971,10.);
#1974=VECTOR('',#6974,10.);
#1975=VECTOR('',#6975,10.);
#1976=VECTOR('',#6978,10.);
#1977=VECTOR('',#6981,10.);
#1978=VECTOR('',#6982,10.);
#1979=VECTOR('',#6985,10.);
#1980=VECTOR('',#6988,10.);
#1981=VECTOR('',#6989,10.);
#1982=VECTOR('',#6992,10.);
#1983=VECTOR('',#6995,10.);
#1984=VECTOR('',#6996,10.);
#1985=VECTOR('',#6999,10.);
#1986=VECTOR('',#7000,10.);
#1987=VECTOR('',#7003,10.);
#1988=VECTOR('',#7004,10.);
#1989=VECTOR('',#7005,10.);
#1990=VECTOR('',#7008,10.);
#1991=VECTOR('',#7011,10.);
#1992=VECTOR('',#7012,10.);
#1993=VECTOR('',#7015,10.);
#1994=VECTOR('',#7016,10.);
#1995=VECTOR('',#7019,10.);
#1996=VECTOR('',#7020,10.);
#1997=VECTOR('',#7021,10.);
#1998=VECTOR('',#7024,10.);
#1999=VECTOR('',#7027,10.);
#2000=VECTOR('',#7028,10.);
#2001=VECTOR('',#7031,10.);
#2002=VECTOR('',#7032,10.);
#2003=VECTOR('',#7035,10.);
#2004=VECTOR('',#7036,10.);
#2005=VECTOR('',#7037,10.);
#2006=VECTOR('',#7040,10.);
#2007=VECTOR('',#7043,10.);
#2008=VECTOR('',#7044,10.);
#2009=VECTOR('',#7047,10.);
#2010=VECTOR('',#7048,10.);
#2011=VECTOR('',#7051,10.);
#2012=VECTOR('',#7052,10.);
#2013=VECTOR('',#7053,10.);
#2014=VECTOR('',#7056,10.);
#2015=VECTOR('',#7091,10.);
#2016=VECTOR('',#7092,10.);
#2017=VECTOR('',#7095,10.);
#2018=VECTOR('',#7096,10.);
#2019=VECTOR('',#7099,10.);
#2020=VECTOR('',#7100,10.);
#2021=VECTOR('',#7103,10.);
#2022=VECTOR('',#7108,10.);
#2023=VECTOR('',#7111,10.);
#2024=VECTOR('',#7114,10.);
#2025=VECTOR('',#7121,10.);
#2026=VECTOR('',#7128,10.);
#2027=VECTOR('',#7129,10.);
#2028=VECTOR('',#7134,10.);
#2029=VECTOR('',#7137,10.);
#2030=VECTOR('',#7140,10.);
#2031=VECTOR('',#7143,10.);
#2032=VECTOR('',#7144,10.);
#2033=VECTOR('',#7149,10.);
#2034=VECTOR('',#7158,10.);
#2035=VECTOR('',#7161,10.);
#2036=VECTOR('',#7166,10.);
#2037=VECTOR('',#7173,10.);
#2038=VECTOR('',#7176,10.);
#2039=VECTOR('',#7179,10.);
#2040=VECTOR('',#7184,10.);
#2041=VECTOR('',#7191,10.);
#2042=VECTOR('',#7196,10.);
#2043=VECTOR('',#7199,10.);
#2044=VECTOR('',#7200,10.);
#2045=VECTOR('',#7209,10.);
#2046=VECTOR('',#7212,10.);
#2047=VECTOR('',#7217,10.);
#2048=VECTOR('',#7224,10.);
#2049=VECTOR('',#7227,10.);
#2050=VECTOR('',#7230,10.);
#2051=VECTOR('',#7235,10.);
#2052=VECTOR('',#7242,10.);
#2053=VECTOR('',#7247,10.);
#2054=VECTOR('',#7250,10.);
#2055=VECTOR('',#7251,10.);
#2056=VECTOR('',#7260,10.);
#2057=VECTOR('',#7263,10.);
#2058=VECTOR('',#7268,10.);
#2059=VECTOR('',#7275,10.);
#2060=VECTOR('',#7278,10.);
#2061=VECTOR('',#7281,10.);
#2062=VECTOR('',#7286,10.);
#2063=VECTOR('',#7293,10.);
#2064=VECTOR('',#7298,10.);
#2065=VECTOR('',#7301,10.);
#2066=VECTOR('',#7302,10.);
#2067=VECTOR('',#7311,10.);
#2068=VECTOR('',#7314,10.);
#2069=VECTOR('',#7319,10.);
#2070=VECTOR('',#7326,10.);
#2071=VECTOR('',#7329,10.);
#2072=VECTOR('',#7332,10.);
#2073=VECTOR('',#7337,10.);
#2074=VECTOR('',#7344,10.);
#2075=VECTOR('',#7349,10.);
#2076=VECTOR('',#7352,10.);
#2077=VECTOR('',#7353,10.);
#2078=VECTOR('',#7362,10.);
#2079=VECTOR('',#7365,10.);
#2080=VECTOR('',#7370,10.);
#2081=VECTOR('',#7377,10.);
#2082=VECTOR('',#7380,10.);
#2083=VECTOR('',#7383,10.);
#2084=VECTOR('',#7388,10.);
#2085=VECTOR('',#7395,10.);
#2086=VECTOR('',#7400,10.);
#2087=VECTOR('',#7403,10.);
#2088=VECTOR('',#7404,10.);
#2089=VECTOR('',#7413,61.7);
#2090=VECTOR('',#7436,10.);
#2091=VECTOR('',#7439,10.);
#2092=VECTOR('',#7442,10.);
#2093=VECTOR('',#7445,10.);
#2094=VECTOR('',#7448,10.);
#2095=VECTOR('',#7459,3.1);
#2096=VECTOR('',#7468,3.1);
#2097=VECTOR('',#7477,3.1);
#2098=VECTOR('',#7486,3.1);
#2099=VECTOR('',#7505,31.2);
#2100=VECTOR('',#7508,45.2);
#2101=VECTOR('',#7513,10.);
#2102=VECTOR('',#7514,10.);
#2103=VECTOR('',#7515,10.);
#2104=VECTOR('',#7516,10.);
#2105=VECTOR('',#7519,10.);
#2106=VECTOR('',#7520,10.);
#2107=VECTOR('',#7521,10.);
#2108=VECTOR('',#7524,10.);
#2109=VECTOR('',#7525,10.);
#2110=VECTOR('',#7526,10.);
#2111=VECTOR('',#7529,10.);
#2112=VECTOR('',#7530,10.);
#2113=VECTOR('',#7531,10.);
#2114=VECTOR('',#7532,10.);
#2115=VECTOR('',#7535,10.);
#2116=VECTOR('',#7536,10.);
#2117=VECTOR('',#7537,10.);
#2118=VECTOR('',#7540,10.);
#2119=VECTOR('',#7541,10.);
#2120=VECTOR('',#7542,10.);
#2121=VECTOR('',#7547,10.);
#2122=VECTOR('',#7560,10.);
#2123=VECTOR('',#7565,10.);
#2124=VECTOR('',#7566,10.);
#2125=VECTOR('',#7567,10.);
#2126=VECTOR('',#7568,10.);
#2127=VECTOR('',#7571,10.);
#2128=VECTOR('',#7572,10.);
#2129=VECTOR('',#7573,10.);
#2130=VECTOR('',#7574,10.);
#2131=VECTOR('',#7577,10.);
#2132=VECTOR('',#7580,10.);
#2133=VECTOR('',#7581,10.);
#2134=VECTOR('',#7582,10.);
#2135=VECTOR('',#7587,10.);
#2136=VECTOR('',#7588,10.);
#2137=VECTOR('',#7589,10.);
#2138=VECTOR('',#7592,10.);
#2139=VECTOR('',#7595,10.);
#2140=VECTOR('',#7596,10.);
#2141=VECTOR('',#7599,10.);
#2142=VECTOR('',#7600,10.);
#2143=VECTOR('',#7601,10.);
#2144=VECTOR('',#7602,10.);
#2145=VECTOR('',#7607,10.);
#2146=VECTOR('',#7612,10.);
#2147=VECTOR('',#7613,10.);
#2148=VECTOR('',#7614,10.);
#2149=VECTOR('',#7617,10.);
#2150=VECTOR('',#7622,10.);
#2151=VECTOR('',#7625,10.);
#2152=VECTOR('',#7628,10.);
#2153=VECTOR('',#7629,10.);
#2154=VECTOR('',#7630,10.);
#2155=VECTOR('',#7635,10.);
#2156=VECTOR('',#7638,10.);
#2157=VECTOR('',#7641,10.);
#2158=VECTOR('',#7642,10.);
#2159=VECTOR('',#7645,10.);
#2160=VECTOR('',#7648,10.);
#2161=VECTOR('',#7651,10.);
#2162=VECTOR('',#7652,10.);
#2163=VERTEX_POINT('',#7684);
#2164=VERTEX_POINT('',#7685);
#2165=VERTEX_POINT('',#7687);
#2166=VERTEX_POINT('',#7695);
#2167=VERTEX_POINT('',#7697);
#2168=VERTEX_POINT('',#7711);
#2169=VERTEX_POINT('',#7758);
#2170=VERTEX_POINT('',#7759);
#2171=VERTEX_POINT('',#7761);
#2172=VERTEX_POINT('',#7763);
#2173=VERTEX_POINT('',#7784);
#2174=VERTEX_POINT('',#7785);
#2175=VERTEX_POINT('',#7787);
#2176=VERTEX_POINT('',#7798);
#2177=VERTEX_POINT('',#7811);
#2178=VERTEX_POINT('',#7812);
#2179=VERTEX_POINT('',#7814);
#2180=VERTEX_POINT('',#7829);
#2181=VERTEX_POINT('',#7846);
#2182=VERTEX_POINT('',#7847);
#2183=VERTEX_POINT('',#7849);
#2184=VERTEX_POINT('',#7851);
#2185=VERTEX_POINT('',#7855);
#2186=VERTEX_POINT('',#7856);
#2187=VERTEX_POINT('',#7861);
#2188=VERTEX_POINT('',#7862);
#2189=VERTEX_POINT('',#7867);
#2190=VERTEX_POINT('',#7868);
#2191=VERTEX_POINT('',#7873);
#2192=VERTEX_POINT('',#7874);
#2193=VERTEX_POINT('',#7879);
#2194=VERTEX_POINT('',#7880);
#2195=VERTEX_POINT('',#7885);
#2196=VERTEX_POINT('',#7886);
#2197=VERTEX_POINT('',#7894);
#2198=VERTEX_POINT('',#7896);
#2199=VERTEX_POINT('',#7900);
#2200=VERTEX_POINT('',#7904);
#2201=VERTEX_POINT('',#7908);
#2202=VERTEX_POINT('',#7913);
#2203=VERTEX_POINT('',#7914);
#2204=VERTEX_POINT('',#7921);
#2205=VERTEX_POINT('',#7923);
#2206=VERTEX_POINT('',#7927);
#2207=VERTEX_POINT('',#7929);
#2208=VERTEX_POINT('',#7933);
#2209=VERTEX_POINT('',#7934);
#2210=VERTEX_POINT('',#7939);
#2211=VERTEX_POINT('',#7941);
#2212=VERTEX_POINT('',#7945);
#2213=VERTEX_POINT('',#7946);
#2214=VERTEX_POINT('',#7951);
#2215=VERTEX_POINT('',#7953);
#2216=VERTEX_POINT('',#7957);
#2217=VERTEX_POINT('',#7958);
#2218=VERTEX_POINT('',#7968);
#2219=VERTEX_POINT('',#7969);
#2220=VERTEX_POINT('',#7971);
#2221=VERTEX_POINT('',#7973);
#2222=VERTEX_POINT('',#7975);
#2223=VERTEX_POINT('',#7977);
#2224=VERTEX_POINT('',#7979);
#2225=VERTEX_POINT('',#7981);
#2226=VERTEX_POINT('',#7984);
#2227=VERTEX_POINT('',#7986);
#2228=VERTEX_POINT('',#7988);
#2229=VERTEX_POINT('',#7990);
#2230=VERTEX_POINT('',#7992);
#2231=VERTEX_POINT('',#7994);
#2232=VERTEX_POINT('',#7996);
#2233=VERTEX_POINT('',#7998);
#2234=VERTEX_POINT('',#8000);
#2235=VERTEX_POINT('',#8002);
#2236=VERTEX_POINT('',#8004);
#2237=VERTEX_POINT('',#8006);
#2238=VERTEX_POINT('',#8008);
#2239=VERTEX_POINT('',#8010);
#2240=VERTEX_POINT('',#8012);
#2241=VERTEX_POINT('',#8014);
#2242=VERTEX_POINT('',#8016);
#2243=VERTEX_POINT('',#8018);
#2244=VERTEX_POINT('',#8020);
#2245=VERTEX_POINT('',#8022);
#2246=VERTEX_POINT('',#8024);
#2247=VERTEX_POINT('',#8026);
#2248=VERTEX_POINT('',#8028);
#2249=VERTEX_POINT('',#8030);
#2250=VERTEX_POINT('',#8034);
#2251=VERTEX_POINT('',#8041);
#2252=VERTEX_POINT('',#8045);
#2253=VERTEX_POINT('',#8049);
#2254=VERTEX_POINT('',#8053);
#2255=VERTEX_POINT('',#8057);
#2256=VERTEX_POINT('',#8061);
#2257=VERTEX_POINT('',#8065);
#2258=VERTEX_POINT('',#8074);
#2259=VERTEX_POINT('',#8081);
#2260=VERTEX_POINT('',#8085);
#2261=VERTEX_POINT('',#8089);
#2262=VERTEX_POINT('',#8093);
#2263=VERTEX_POINT('',#8097);
#2264=VERTEX_POINT('',#8101);
#2265=VERTEX_POINT('',#8105);
#2266=VERTEX_POINT('',#8114);
#2267=VERTEX_POINT('',#8121);
#2268=VERTEX_POINT('',#8125);
#2269=VERTEX_POINT('',#8129);
#2270=VERTEX_POINT('',#8133);
#2271=VERTEX_POINT('',#8137);
#2272=VERTEX_POINT('',#8141);
#2273=VERTEX_POINT('',#8145);
#2274=VERTEX_POINT('',#8161);
#2275=VERTEX_POINT('',#8165);
#2276=VERTEX_POINT('',#8169);
#2277=VERTEX_POINT('',#8179);
#2278=VERTEX_POINT('',#8181);
#2279=VERTEX_POINT('',#8185);
#2280=VERTEX_POINT('',#8187);
#2281=VERTEX_POINT('',#8189);
#2282=VERTEX_POINT('',#8191);
#2283=VERTEX_POINT('',#8193);
#2284=VERTEX_POINT('',#8195);
#2285=VERTEX_POINT('',#8201);
#2286=VERTEX_POINT('',#8203);
#2287=VERTEX_POINT('',#8207);
#2288=VERTEX_POINT('',#8211);
#2289=VERTEX_POINT('',#8215);
#2290=VERTEX_POINT('',#8219);
#2291=VERTEX_POINT('',#8221);
#2292=VERTEX_POINT('',#8225);
#2293=VERTEX_POINT('',#8229);
#2294=VERTEX_POINT('',#8231);
#2295=VERTEX_POINT('',#8237);
#2296=VERTEX_POINT('',#8239);
#2297=VERTEX_POINT('',#8243);
#2298=VERTEX_POINT('',#8249);
#2299=VERTEX_POINT('',#8253);
#2300=VERTEX_POINT('',#8257);
#2301=VERTEX_POINT('',#8259);
#2302=VERTEX_POINT('',#8265);
#2303=VERTEX_POINT('',#8267);
#2304=VERTEX_POINT('',#8272);
#2305=VERTEX_POINT('',#8276);
#2306=VERTEX_POINT('',#8277);
#2307=VERTEX_POINT('',#8280);
#2308=VERTEX_POINT('',#8282);
#2309=VERTEX_POINT('',#8288);
#2310=VERTEX_POINT('',#8291);
#2311=VERTEX_POINT('',#8301);
#2312=VERTEX_POINT('',#8315);
#2313=VERTEX_POINT('',#8319);
#2314=VERTEX_POINT('',#8688);
#2315=VERTEX_POINT('',#8699);
#2316=VERTEX_POINT('',#8700);
#2317=VERTEX_POINT('',#8702);
#2318=VERTEX_POINT('',#8710);
#2319=VERTEX_POINT('',#8720);
#2320=VERTEX_POINT('',#8721);
#2321=VERTEX_POINT('',#8782);
#2322=VERTEX_POINT('',#8783);
#2323=VERTEX_POINT('',#8785);
#2324=VERTEX_POINT('',#8787);
#2325=VERTEX_POINT('',#8846);
#2326=VERTEX_POINT('',#8847);
#2327=VERTEX_POINT('',#8850);
#2328=VERTEX_POINT('',#8854);
#2329=VERTEX_POINT('',#8857);
#2330=VERTEX_POINT('',#8861);
#2331=VERTEX_POINT('',#8863);
#2332=VERTEX_POINT('',#8865);
#2333=VERTEX_POINT('',#8869);
#2334=VERTEX_POINT('',#8871);
#2335=VERTEX_POINT('',#8874);
#2336=VERTEX_POINT('',#8878);
#2337=VERTEX_POINT('',#8880);
#2338=VERTEX_POINT('',#8884);
#2339=VERTEX_POINT('',#8888);
#2340=VERTEX_POINT('',#8890);
#2341=VERTEX_POINT('',#8894);
#2342=VERTEX_POINT('',#8898);
#2343=VERTEX_POINT('',#8901);
#2344=VERTEX_POINT('',#9059);
#2345=VERTEX_POINT('',#9211);
#2346=VERTEX_POINT('',#9587);
#2347=VERTEX_POINT('',#9594);
#2348=VERTEX_POINT('',#9595);
#2349=VERTEX_POINT('',#9599);
#2350=VERTEX_POINT('',#9601);
#2351=VERTEX_POINT('',#9607);
#2352=VERTEX_POINT('',#9609);
#2353=VERTEX_POINT('',#9611);
#2354=VERTEX_POINT('',#9615);
#2355=VERTEX_POINT('',#9617);
#2356=VERTEX_POINT('',#9619);
#2357=VERTEX_POINT('',#9621);
#2358=VERTEX_POINT('',#9623);
#2359=VERTEX_POINT('',#9625);
#2360=VERTEX_POINT('',#9627);
#2361=VERTEX_POINT('',#9629);
#2362=VERTEX_POINT('',#9631);
#2363=VERTEX_POINT('',#9633);
#2364=VERTEX_POINT('',#9635);
#2365=VERTEX_POINT('',#9637);
#2366=VERTEX_POINT('',#9639);
#2367=VERTEX_POINT('',#9641);
#2368=VERTEX_POINT('',#9643);
#2369=VERTEX_POINT('',#9645);
#2370=VERTEX_POINT('',#9647);
#2371=VERTEX_POINT('',#9649);
#2372=VERTEX_POINT('',#9651);
#2373=VERTEX_POINT('',#9653);
#2374=VERTEX_POINT('',#9655);
#2375=VERTEX_POINT('',#9657);
#2376=VERTEX_POINT('',#9659);
#2377=VERTEX_POINT('',#9661);
#2378=VERTEX_POINT('',#9663);
#2379=VERTEX_POINT('',#9665);
#2380=VERTEX_POINT('',#9667);
#2381=VERTEX_POINT('',#9669);
#2382=VERTEX_POINT('',#9671);
#2383=VERTEX_POINT('',#9673);
#2384=VERTEX_POINT('',#9675);
#2385=VERTEX_POINT('',#9677);
#2386=VERTEX_POINT('',#9679);
#2387=VERTEX_POINT('',#9681);
#2388=VERTEX_POINT('',#9683);
#2389=VERTEX_POINT('',#9685);
#2390=VERTEX_POINT('',#9687);
#2391=VERTEX_POINT('',#9689);
#2392=VERTEX_POINT('',#9691);
#2393=VERTEX_POINT('',#9693);
#2394=VERTEX_POINT('',#9695);
#2395=VERTEX_POINT('',#9697);
#2396=VERTEX_POINT('',#9699);
#2397=VERTEX_POINT('',#9701);
#2398=VERTEX_POINT('',#9703);
#2399=VERTEX_POINT('',#9705);
#2400=VERTEX_POINT('',#9707);
#2401=VERTEX_POINT('',#9709);
#2402=VERTEX_POINT('',#9711);
#2403=VERTEX_POINT('',#9713);
#2404=VERTEX_POINT('',#9715);
#2405=VERTEX_POINT('',#9717);
#2406=VERTEX_POINT('',#9719);
#2407=VERTEX_POINT('',#9721);
#2408=VERTEX_POINT('',#9723);
#2409=VERTEX_POINT('',#9725);
#2410=VERTEX_POINT('',#9727);
#2411=VERTEX_POINT('',#9729);
#2412=VERTEX_POINT('',#9731);
#2413=VERTEX_POINT('',#9733);
#2414=VERTEX_POINT('',#9735);
#2415=VERTEX_POINT('',#9739);
#2416=VERTEX_POINT('',#9743);
#2417=VERTEX_POINT('',#9749);
#2418=VERTEX_POINT('',#9751);
#2419=VERTEX_POINT('',#9755);
#2420=VERTEX_POINT('',#9759);
#2421=VERTEX_POINT('',#9765);
#2422=VERTEX_POINT('',#9767);
#2423=VERTEX_POINT('',#9771);
#2424=VERTEX_POINT('',#9775);
#2425=VERTEX_POINT('',#9781);
#2426=VERTEX_POINT('',#9783);
#2427=VERTEX_POINT('',#9787);
#2428=VERTEX_POINT('',#9791);
#2429=VERTEX_POINT('',#9797);
#2430=VERTEX_POINT('',#9799);
#2431=VERTEX_POINT('',#9803);
#2432=VERTEX_POINT('',#9807);
#2433=VERTEX_POINT('',#9813);
#2434=VERTEX_POINT('',#9815);
#2435=VERTEX_POINT('',#9819);
#2436=VERTEX_POINT('',#9823);
#2437=VERTEX_POINT('',#9829);
#2438=VERTEX_POINT('',#9831);
#2439=VERTEX_POINT('',#9835);
#2440=VERTEX_POINT('',#9839);
#2441=VERTEX_POINT('',#9845);
#2442=VERTEX_POINT('',#9847);
#2443=VERTEX_POINT('',#9851);
#2444=VERTEX_POINT('',#9855);
#2445=VERTEX_POINT('',#9861);
#2446=VERTEX_POINT('',#9863);
#2447=VERTEX_POINT('',#9867);
#2448=VERTEX_POINT('',#9871);
#2449=VERTEX_POINT('',#9877);
#2450=VERTEX_POINT('',#9879);
#2451=VERTEX_POINT('',#9883);
#2452=VERTEX_POINT('',#9887);
#2453=VERTEX_POINT('',#9891);
#2454=VERTEX_POINT('',#9897);
#2455=VERTEX_POINT('',#9899);
#2456=VERTEX_POINT('',#9903);
#2457=VERTEX_POINT('',#9907);
#2458=VERTEX_POINT('',#9911);
#2459=VERTEX_POINT('',#9917);
#2460=VERTEX_POINT('',#9919);
#2461=VERTEX_POINT('',#9923);
#2462=VERTEX_POINT('',#9927);
#2463=VERTEX_POINT('',#9931);
#2464=VERTEX_POINT('',#9937);
#2465=VERTEX_POINT('',#9939);
#2466=VERTEX_POINT('',#9943);
#2467=VERTEX_POINT('',#9947);
#2468=VERTEX_POINT('',#9951);
#2469=VERTEX_POINT('',#9957);
#2470=VERTEX_POINT('',#9959);
#2471=VERTEX_POINT('',#9963);
#2472=VERTEX_POINT('',#9967);
#2473=VERTEX_POINT('',#9971);
#2474=VERTEX_POINT('',#9977);
#2475=VERTEX_POINT('',#9979);
#2476=VERTEX_POINT('',#9983);
#2477=VERTEX_POINT('',#9987);
#2478=VERTEX_POINT('',#9991);
#2479=VERTEX_POINT('',#9997);
#2480=VERTEX_POINT('',#9999);
#2481=VERTEX_POINT('',#10003);
#2482=VERTEX_POINT('',#10007);
#2483=VERTEX_POINT('',#10013);
#2484=VERTEX_POINT('',#10019);
#2485=VERTEX_POINT('',#10025);
#2486=VERTEX_POINT('',#10031);
#2487=VERTEX_POINT('',#10037);
#2488=VERTEX_POINT('',#10043);
#2489=VERTEX_POINT('',#10047);
#2490=VERTEX_POINT('',#10051);
#2491=VERTEX_POINT('',#10053);
#2492=VERTEX_POINT('',#10059);
#2493=VERTEX_POINT('',#10063);
#2494=VERTEX_POINT('',#10067);
#2495=VERTEX_POINT('',#10069);
#2496=VERTEX_POINT('',#10075);
#2497=VERTEX_POINT('',#10079);
#2498=VERTEX_POINT('',#10083);
#2499=VERTEX_POINT('',#10085);
#2500=VERTEX_POINT('',#10091);
#2501=VERTEX_POINT('',#10095);
#2502=VERTEX_POINT('',#10099);
#2503=VERTEX_POINT('',#10101);
#2504=VERTEX_POINT('',#10123);
#2505=VERTEX_POINT('',#10127);
#2506=VERTEX_POINT('',#10131);
#2507=VERTEX_POINT('',#10137);
#2508=VERTEX_POINT('',#10138);
#2509=VERTEX_POINT('',#10140);
#2510=VERTEX_POINT('',#10142);
#2511=VERTEX_POINT('',#10146);
#2512=VERTEX_POINT('',#10148);
#2513=VERTEX_POINT('',#10150);
#2514=VERTEX_POINT('',#10152);
#2515=VERTEX_POINT('',#10154);
#2516=VERTEX_POINT('',#10156);
#2517=VERTEX_POINT('',#10160);
#2518=VERTEX_POINT('',#10164);
#2519=VERTEX_POINT('',#10168);
#2520=VERTEX_POINT('',#10170);
#2521=VERTEX_POINT('',#10174);
#2522=VERTEX_POINT('',#10178);
#2523=VERTEX_POINT('',#10184);
#2524=VERTEX_POINT('',#10185);
#2525=VERTEX_POINT('',#10187);
#2526=VERTEX_POINT('',#10189);
#2527=VERTEX_POINT('',#10193);
#2528=VERTEX_POINT('',#10195);
#2529=VERTEX_POINT('',#10199);
#2530=VERTEX_POINT('',#10200);
#2531=VERTEX_POINT('',#10202);
#2532=VERTEX_POINT('',#10204);
#2533=VERTEX_POINT('',#10209);
#2534=VERTEX_POINT('',#10211);
#2535=VERTEX_POINT('',#10213);
#2536=VERTEX_POINT('',#10217);
#2537=VERTEX_POINT('',#10221);
#2538=VERTEX_POINT('',#10225);
#2539=VERTEX_POINT('',#10231);
#2540=VERTEX_POINT('',#10232);
#2541=VERTEX_POINT('',#10234);
#2542=VERTEX_POINT('',#10236);
#2543=VERTEX_POINT('',#10240);
#2544=VERTEX_POINT('',#10242);
#2545=VERTEX_POINT('',#10246);
#2546=VERTEX_POINT('',#10247);
#2547=VERTEX_POINT('',#10249);
#2548=VERTEX_POINT('',#10251);
#2549=VERTEX_POINT('',#10256);
#2550=VERTEX_POINT('',#10258);
#2551=VERTEX_POINT('',#10260);
#2552=VERTEX_POINT('',#10264);
#2553=VERTEX_POINT('',#10268);
#2554=VERTEX_POINT('',#10272);
#2555=VERTEX_POINT('',#10278);
#2556=VERTEX_POINT('',#10279);
#2557=VERTEX_POINT('',#10281);
#2558=VERTEX_POINT('',#10283);
#2559=VERTEX_POINT('',#10287);
#2560=VERTEX_POINT('',#10289);
#2561=VERTEX_POINT('',#10293);
#2562=VERTEX_POINT('',#10294);
#2563=VERTEX_POINT('',#10296);
#2564=VERTEX_POINT('',#10298);
#2565=VERTEX_POINT('',#10303);
#2566=VERTEX_POINT('',#10305);
#2567=VERTEX_POINT('',#10307);
#2568=VERTEX_POINT('',#10311);
#2569=VERTEX_POINT('',#10315);
#2570=VERTEX_POINT('',#10319);
#2571=VERTEX_POINT('',#10325);
#2572=VERTEX_POINT('',#10326);
#2573=VERTEX_POINT('',#10328);
#2574=VERTEX_POINT('',#10330);
#2575=VERTEX_POINT('',#10334);
#2576=VERTEX_POINT('',#10336);
#2577=VERTEX_POINT('',#10340);
#2578=VERTEX_POINT('',#10341);
#2579=VERTEX_POINT('',#10343);
#2580=VERTEX_POINT('',#10345);
#2581=VERTEX_POINT('',#10350);
#2582=VERTEX_POINT('',#10352);
#2583=VERTEX_POINT('',#10354);
#2584=VERTEX_POINT('',#10358);
#2585=VERTEX_POINT('',#10362);
#2586=VERTEX_POINT('',#10366);
#2587=VERTEX_POINT('',#10372);
#2588=VERTEX_POINT('',#10373);
#2589=VERTEX_POINT('',#10375);
#2590=VERTEX_POINT('',#10377);
#2591=VERTEX_POINT('',#10381);
#2592=VERTEX_POINT('',#10383);
#2593=VERTEX_POINT('',#10387);
#2594=VERTEX_POINT('',#10388);
#2595=VERTEX_POINT('',#10390);
#2596=VERTEX_POINT('',#10392);
#2597=VERTEX_POINT('',#10397);
#2598=VERTEX_POINT('',#10399);
#2599=VERTEX_POINT('',#10401);
#2600=VERTEX_POINT('',#10405);
#2601=VERTEX_POINT('',#10409);
#2602=VERTEX_POINT('',#10413);
#2603=VERTEX_POINT('',#10419);
#2604=VERTEX_POINT('',#10421);
#2605=VERTEX_POINT('',#10432);
#2606=VERTEX_POINT('',#10448);
#2607=VERTEX_POINT('',#10450);
#2608=VERTEX_POINT('',#10455);
#2609=VERTEX_POINT('',#10457);
#2610=VERTEX_POINT('',#10462);
#2611=VERTEX_POINT('',#10464);
#2612=VERTEX_POINT('',#10469);
#2613=VERTEX_POINT('',#10471);
#2614=VERTEX_POINT('',#10477);
#2615=VERTEX_POINT('',#10480);
#2616=VERTEX_POINT('',#10482);
#2617=VERTEX_POINT('',#10490);
#2618=VERTEX_POINT('',#10491);
#2619=VERTEX_POINT('',#10493);
#2620=VERTEX_POINT('',#10495);
#2621=VERTEX_POINT('',#10499);
#2622=VERTEX_POINT('',#10501);
#2623=VERTEX_POINT('',#10505);
#2624=VERTEX_POINT('',#10507);
#2625=VERTEX_POINT('',#10511);
#2626=VERTEX_POINT('',#10512);
#2627=VERTEX_POINT('',#10514);
#2628=VERTEX_POINT('',#10516);
#2629=VERTEX_POINT('',#10520);
#2630=VERTEX_POINT('',#10522);
#2631=VERTEX_POINT('',#10526);
#2632=VERTEX_POINT('',#10528);
#2633=VERTEX_POINT('',#10532);
#2634=VERTEX_POINT('',#10534);
#2635=VERTEX_POINT('',#10541);
#2636=VERTEX_POINT('',#10543);
#2637=VERTEX_POINT('',#10547);
#2638=VERTEX_POINT('',#10548);
#2639=VERTEX_POINT('',#10550);
#2640=VERTEX_POINT('',#10552);
#2641=VERTEX_POINT('',#10556);
#2642=VERTEX_POINT('',#10558);
#2643=VERTEX_POINT('',#10560);
#2644=VERTEX_POINT('',#10564);
#2645=VERTEX_POINT('',#10566);
#2646=VERTEX_POINT('',#10568);
#2647=VERTEX_POINT('',#10570);
#2648=VERTEX_POINT('',#10572);
#2649=VERTEX_POINT('',#10576);
#2650=VERTEX_POINT('',#10578);
#2651=VERTEX_POINT('',#10582);
#2652=VERTEX_POINT('',#10584);
#2653=VERTEX_POINT('',#10586);
#2654=VERTEX_POINT('',#10590);
#2655=VERTEX_POINT('',#10591);
#2656=VERTEX_POINT('',#10593);
#2657=VERTEX_POINT('',#10595);
#2658=VERTEX_POINT('',#10599);
#2659=VERTEX_POINT('',#10601);
#2660=VERTEX_POINT('',#10605);
#2661=VERTEX_POINT('',#10606);
#2662=VERTEX_POINT('',#10612);
#2663=VERTEX_POINT('',#10614);
#2664=VERTEX_POINT('',#10621);
#2665=VERTEX_POINT('',#10625);
#2666=VERTEX_POINT('',#10631);
#2667=EDGE_CURVE('',#2163,#2164,#1229,.T.);
#2668=EDGE_CURVE('',#2164,#2165,#1199,.T.);
#2669=EDGE_CURVE('',#2165,#2166,#1230,.T.);
#2670=EDGE_CURVE('',#2166,#2167,#1200,.T.);
#2671=EDGE_CURVE('',#2167,#2168,#1231,.T.);
#2672=EDGE_CURVE('',#2168,#2168,#950,.T.);
#2673=EDGE_CURVE('',#2167,#2163,#1201,.T.);
#2674=EDGE_CURVE('',#2169,#2170,#1232,.T.);
#2675=EDGE_CURVE('',#2169,#2171,#1233,.T.);
#2676=EDGE_CURVE('',#2172,#2171,#1234,.T.);
#2677=EDGE_CURVE('',#2172,#2172,#951,.T.);
#2678=EDGE_CURVE('',#2171,#2170,#1202,.T.);
#2679=EDGE_CURVE('',#2173,#2174,#1235,.T.);
#2680=EDGE_CURVE('',#2175,#2174,#1203,.T.);
#2681=EDGE_CURVE('',#2175,#2176,#1236,.T.);
#2682=EDGE_CURVE('',#2176,#2173,#1204,.T.);
#2683=EDGE_CURVE('',#2177,#2178,#1237,.T.);
#2684=EDGE_CURVE('',#2177,#2179,#1205,.T.);
#2685=EDGE_CURVE('',#2180,#2179,#1238,.T.);
#2686=EDGE_CURVE('',#2178,#2180,#1206,.T.);
#2687=EDGE_CURVE('',#2181,#2182,#1239,.T.);
#2688=EDGE_CURVE('',#2182,#2183,#1240,.T.);
#2689=EDGE_CURVE('',#2183,#2184,#1241,.T.);
#2690=EDGE_CURVE('',#2184,#2181,#1242,.T.);
#2691=EDGE_CURVE('',#2185,#2186,#1243,.T.);
#2692=EDGE_CURVE('',#2186,#2182,#952,.T.);
#2693=EDGE_CURVE('',#2181,#2185,#953,.T.);
#2694=EDGE_CURVE('',#2187,#2188,#1244,.T.);
#2695=EDGE_CURVE('',#2188,#2186,#1245,.T.);
#2696=EDGE_CURVE('',#2185,#2187,#1246,.T.);
#2697=EDGE_CURVE('',#2189,#2190,#1247,.T.);
#2698=EDGE_CURVE('',#2190,#2188,#954,.T.);
#2699=EDGE_CURVE('',#2187,#2189,#955,.T.);
#2700=EDGE_CURVE('',#2191,#2192,#1248,.T.);
#2701=EDGE_CURVE('',#2192,#2190,#1249,.T.);
#2702=EDGE_CURVE('',#2189,#2191,#1250,.T.);
#2703=EDGE_CURVE('',#2193,#2194,#1251,.T.);
#2704=EDGE_CURVE('',#2194,#2192,#956,.T.);
#2705=EDGE_CURVE('',#2191,#2193,#957,.T.);
#2706=EDGE_CURVE('',#2195,#2196,#1252,.T.);
#2707=EDGE_CURVE('',#2196,#2194,#1253,.T.);
#2708=EDGE_CURVE('',#2193,#2195,#1254,.T.);
#2709=EDGE_CURVE('',#2183,#2196,#958,.T.);
#2710=EDGE_CURVE('',#2195,#2184,#959,.T.);
#2711=EDGE_CURVE('',#2197,#2187,#1255,.T.);
#2712=EDGE_CURVE('',#2198,#2197,#960,.T.);
#2713=EDGE_CURVE('',#2198,#2189,#1256,.T.);
#2714=EDGE_CURVE('',#2199,#2185,#1257,.T.);
#2715=EDGE_CURVE('',#2197,#2199,#1258,.T.);
#2716=EDGE_CURVE('',#2200,#2181,#1259,.T.);
#2717=EDGE_CURVE('',#2199,#2200,#961,.T.);
#2718=EDGE_CURVE('',#2201,#2184,#1260,.T.);
#2719=EDGE_CURVE('',#2200,#2201,#1261,.T.);
#2720=EDGE_CURVE('',#2202,#2203,#1207,.T.);
#2721=EDGE_CURVE('',#2203,#2204,#962,.T.);
#2722=EDGE_CURVE('',#2204,#2205,#1262,.T.);
#2723=EDGE_CURVE('',#2205,#2202,#963,.T.);
#2724=EDGE_CURVE('',#2204,#2206,#1263,.T.);
#2725=EDGE_CURVE('',#2206,#2207,#1264,.T.);
#2726=EDGE_CURVE('',#2207,#2205,#1265,.T.);
#2727=EDGE_CURVE('',#2208,#2209,#1266,.T.);
#2728=EDGE_CURVE('',#2209,#2207,#964,.T.);
#2729=EDGE_CURVE('',#2206,#2208,#965,.T.);
#2730=EDGE_CURVE('',#2208,#2210,#1267,.T.);
#2731=EDGE_CURVE('',#2210,#2211,#1268,.T.);
#2732=EDGE_CURVE('',#2211,#2209,#1269,.T.);
#2733=EDGE_CURVE('',#2212,#2213,#1270,.T.);
#2734=EDGE_CURVE('',#2213,#2211,#966,.T.);
#2735=EDGE_CURVE('',#2210,#2212,#967,.T.);
#2736=EDGE_CURVE('',#2212,#2214,#1271,.T.);
#2737=EDGE_CURVE('',#2214,#2215,#1272,.T.);
#2738=EDGE_CURVE('',#2215,#2213,#1273,.T.);
#2739=EDGE_CURVE('',#2216,#2217,#1208,.T.);
#2740=EDGE_CURVE('',#2217,#2215,#968,.T.);
#2741=EDGE_CURVE('',#2214,#2216,#969,.T.);
#2742=EDGE_CURVE('',#2218,#2219,#1274,.T.);
#2743=EDGE_CURVE('',#2220,#2218,#970,.T.);
#2744=EDGE_CURVE('',#2221,#2220,#1275,.T.);
#2745=EDGE_CURVE('',#2222,#2221,#971,.T.);
#2746=EDGE_CURVE('',#2223,#2222,#1276,.T.);
#2747=EDGE_CURVE('',#2224,#2223,#972,.T.);
#2748=EDGE_CURVE('',#2225,#2224,#1277,.T.);
#2749=EDGE_CURVE('',#2219,#2225,#973,.T.);
#2750=EDGE_CURVE('',#2226,#2203,#974,.T.);
#2751=EDGE_CURVE('',#2227,#2226,#975,.T.);
#2752=EDGE_CURVE('',#2228,#2227,#1278,.T.);
#2753=EDGE_CURVE('',#2229,#2228,#976,.T.);
#2754=EDGE_CURVE('',#2230,#2229,#1279,.T.);
#2755=EDGE_CURVE('',#2231,#2230,#977,.T.);
#2756=EDGE_CURVE('',#2232,#2231,#1280,.T.);
#2757=EDGE_CURVE('',#2233,#2232,#978,.T.);
#2758=EDGE_CURVE('',#2234,#2233,#979,.T.);
#2759=EDGE_CURVE('',#2235,#2234,#980,.T.);
#2760=EDGE_CURVE('',#2236,#2235,#1281,.T.);
#2761=EDGE_CURVE('',#2237,#2236,#981,.T.);
#2762=EDGE_CURVE('',#2238,#2237,#1282,.T.);
#2763=EDGE_CURVE('',#2239,#2238,#982,.T.);
#2764=EDGE_CURVE('',#2240,#2239,#1283,.T.);
#2765=EDGE_CURVE('',#2241,#2240,#983,.T.);
#2766=EDGE_CURVE('',#2242,#2241,#984,.T.);
#2767=EDGE_CURVE('',#2243,#2242,#985,.T.);
#2768=EDGE_CURVE('',#2244,#2243,#1284,.T.);
#2769=EDGE_CURVE('',#2245,#2244,#986,.T.);
#2770=EDGE_CURVE('',#2246,#2245,#1285,.T.);
#2771=EDGE_CURVE('',#2247,#2246,#987,.T.);
#2772=EDGE_CURVE('',#2248,#2247,#1286,.T.);
#2773=EDGE_CURVE('',#2249,#2248,#988,.T.);
#2774=EDGE_CURVE('',#2216,#2249,#989,.T.);
#2775=EDGE_CURVE('',#2250,#2249,#1209,.T.);
#2776=EDGE_CURVE('',#2248,#2251,#1287,.T.);
#2777=EDGE_CURVE('',#2251,#2250,#990,.T.);
#2778=EDGE_CURVE('',#2247,#2252,#1288,.T.);
#2779=EDGE_CURVE('',#2252,#2251,#1289,.T.);
#2780=EDGE_CURVE('',#2246,#2253,#1290,.T.);
#2781=EDGE_CURVE('',#2253,#2252,#991,.T.);
#2782=EDGE_CURVE('',#2245,#2254,#1291,.T.);
#2783=EDGE_CURVE('',#2254,#2253,#1292,.T.);
#2784=EDGE_CURVE('',#2244,#2255,#1293,.T.);
#2785=EDGE_CURVE('',#2255,#2254,#992,.T.);
#2786=EDGE_CURVE('',#2243,#2256,#1294,.T.);
#2787=EDGE_CURVE('',#2256,#2255,#1295,.T.);
#2788=EDGE_CURVE('',#2242,#2257,#1210,.T.);
#2789=EDGE_CURVE('',#2257,#2256,#993,.T.);
#2790=EDGE_CURVE('',#2258,#2241,#1211,.T.);
#2791=EDGE_CURVE('',#2240,#2259,#1296,.T.);
#2792=EDGE_CURVE('',#2259,#2258,#994,.T.);
#2793=EDGE_CURVE('',#2239,#2260,#1297,.T.);
#2794=EDGE_CURVE('',#2260,#2259,#1298,.T.);
#2795=EDGE_CURVE('',#2238,#2261,#1299,.T.);
#2796=EDGE_CURVE('',#2261,#2260,#995,.T.);
#2797=EDGE_CURVE('',#2237,#2262,#1300,.T.);
#2798=EDGE_CURVE('',#2262,#2261,#1301,.T.);
#2799=EDGE_CURVE('',#2236,#2263,#1302,.T.);
#2800=EDGE_CURVE('',#2263,#2262,#996,.T.);
#2801=EDGE_CURVE('',#2235,#2264,#1303,.T.);
#2802=EDGE_CURVE('',#2264,#2263,#1304,.T.);
#2803=EDGE_CURVE('',#2234,#2265,#1212,.T.);
#2804=EDGE_CURVE('',#2265,#2264,#997,.T.);
#2805=EDGE_CURVE('',#2266,#2233,#1213,.T.);
#2806=EDGE_CURVE('',#2232,#2267,#1305,.T.);
#2807=EDGE_CURVE('',#2267,#2266,#998,.T.);
#2808=EDGE_CURVE('',#2231,#2268,#1306,.T.);
#2809=EDGE_CURVE('',#2268,#2267,#1307,.T.);
#2810=EDGE_CURVE('',#2230,#2269,#1308,.T.);
#2811=EDGE_CURVE('',#2269,#2268,#999,.T.);
#2812=EDGE_CURVE('',#2229,#2270,#1309,.T.);
#2813=EDGE_CURVE('',#2270,#2269,#1310,.T.);
#2814=EDGE_CURVE('',#2228,#2271,#1311,.T.);
#2815=EDGE_CURVE('',#2271,#2270,#1000,.T.);
#2816=EDGE_CURVE('',#2227,#2272,#1312,.T.);
#2817=EDGE_CURVE('',#2272,#2271,#1313,.T.);
#2818=EDGE_CURVE('',#2226,#2273,#1214,.T.);
#2819=EDGE_CURVE('',#2273,#2272,#1001,.T.);
#2820=EDGE_CURVE('',#2199,#2218,#1314,.T.);
#2821=EDGE_CURVE('',#2219,#2197,#1315,.T.);
#2822=EDGE_CURVE('',#2200,#2220,#1316,.T.);
#2823=EDGE_CURVE('',#2201,#2221,#1317,.T.);
#2824=EDGE_CURVE('',#2274,#2222,#1318,.T.);
#2825=EDGE_CURVE('',#2201,#2274,#1002,.T.);
#2826=EDGE_CURVE('',#2275,#2223,#1319,.T.);
#2827=EDGE_CURVE('',#2274,#2275,#1320,.T.);
#2828=EDGE_CURVE('',#2276,#2224,#1321,.T.);
#2829=EDGE_CURVE('',#2275,#2276,#1003,.T.);
#2830=EDGE_CURVE('',#2198,#2225,#1322,.T.);
#2831=EDGE_CURVE('',#2276,#2198,#1323,.T.);
#2832=EDGE_CURVE('',#2274,#2195,#1324,.T.);
#2833=EDGE_CURVE('',#2253,#2277,#1325,.T.);
#2834=EDGE_CURVE('',#2278,#2277,#1004,.T.);
#2835=EDGE_CURVE('',#2278,#2252,#1326,.T.);
#2836=EDGE_CURVE('',#2279,#2277,#1327,.T.);
#2837=EDGE_CURVE('',#2279,#2280,#1005,.T.);
#2838=EDGE_CURVE('',#2281,#2280,#1328,.T.);
#2839=EDGE_CURVE('',#2281,#2282,#1006,.T.);
#2840=EDGE_CURVE('',#2283,#2282,#1007,.T.);
#2841=EDGE_CURVE('',#2283,#2284,#1008,.T.);
#2842=EDGE_CURVE('',#2278,#2284,#1329,.T.);
#2843=EDGE_CURVE('',#2279,#2254,#1330,.T.);
#2844=EDGE_CURVE('',#2213,#2285,#1331,.T.);
#2845=EDGE_CURVE('',#2286,#2285,#1009,.T.);
#2846=EDGE_CURVE('',#2286,#2211,#1332,.T.);
#2847=EDGE_CURVE('',#2286,#2287,#1333,.T.);
#2848=EDGE_CURVE('',#2209,#2287,#1334,.T.);
#2849=EDGE_CURVE('',#2288,#2287,#1010,.T.);
#2850=EDGE_CURVE('',#2288,#2207,#1335,.T.);
#2851=EDGE_CURVE('',#2288,#2289,#1336,.T.);
#2852=EDGE_CURVE('',#2205,#2289,#1337,.T.);
#2853=EDGE_CURVE('',#2271,#2290,#1338,.T.);
#2854=EDGE_CURVE('',#2291,#2290,#1011,.T.);
#2855=EDGE_CURVE('',#2291,#2270,#1339,.T.);
#2856=EDGE_CURVE('',#2292,#2272,#1340,.T.);
#2857=EDGE_CURVE('',#2292,#2290,#1341,.T.);
#2858=EDGE_CURVE('',#2269,#2293,#1342,.T.);
#2859=EDGE_CURVE('',#2294,#2293,#1012,.T.);
#2860=EDGE_CURVE('',#2294,#2268,#1343,.T.);
#2861=EDGE_CURVE('',#2291,#2293,#1344,.T.);
#2862=EDGE_CURVE('',#2263,#2295,#1345,.T.);
#2863=EDGE_CURVE('',#2296,#2295,#1013,.T.);
#2864=EDGE_CURVE('',#2296,#2262,#1346,.T.);
#2865=EDGE_CURVE('',#2296,#2297,#1347,.T.);
#2866=EDGE_CURVE('',#2261,#2297,#1348,.T.);
#2867=EDGE_CURVE('',#2255,#2280,#1349,.T.);
#2868=EDGE_CURVE('',#2298,#2297,#1014,.T.);
#2869=EDGE_CURVE('',#2298,#2260,#1350,.T.);
#2870=EDGE_CURVE('',#2298,#2299,#1351,.T.);
#2871=EDGE_CURVE('',#2259,#2299,#1352,.T.);
#2872=EDGE_CURVE('',#2267,#2300,#1353,.T.);
#2873=EDGE_CURVE('',#2301,#2300,#1015,.T.);
#2874=EDGE_CURVE('',#2301,#2266,#1354,.T.);
#2875=EDGE_CURVE('',#2294,#2300,#1355,.T.);
#2876=EDGE_CURVE('',#2265,#2302,#1356,.T.);
#2877=EDGE_CURVE('',#2303,#2302,#1016,.T.);
#2878=EDGE_CURVE('',#2303,#2264,#1357,.T.);
#2879=EDGE_CURVE('',#2303,#2295,#1358,.T.);
#2880=EDGE_CURVE('',#2304,#2302,#1017,.T.);
#2881=EDGE_CURVE('',#2304,#2299,#1018,.T.);
#2882=EDGE_CURVE('',#2305,#2306,#1019,.T.);
#2883=EDGE_CURVE('',#2306,#2305,#1020,.T.);
#2884=EDGE_CURVE('',#2306,#2307,#1359,.T.);
#2885=EDGE_CURVE('',#2307,#2308,#1021,.T.);
#2886=EDGE_CURVE('',#2217,#2308,#1360,.T.);
#2887=EDGE_CURVE('',#2283,#2250,#1361,.T.);
#2888=EDGE_CURVE('',#2257,#2282,#1362,.T.);
#2889=EDGE_CURVE('',#2304,#2258,#1363,.T.);
#2890=EDGE_CURVE('',#2301,#2309,#1022,.T.);
#2891=EDGE_CURVE('',#2273,#2309,#1364,.T.);
#2892=EDGE_CURVE('',#2310,#2202,#1365,.T.);
#2893=EDGE_CURVE('',#2310,#2307,#1023,.T.);
#2894=EDGE_CURVE('',#2281,#2256,#1366,.T.);
#2895=EDGE_CURVE('',#2251,#2284,#1367,.T.);
#2896=EDGE_CURVE('',#2311,#2308,#1024,.T.);
#2897=EDGE_CURVE('',#2311,#2215,#1368,.T.);
#2898=EDGE_CURVE('',#2311,#2285,#1369,.T.);
#2899=EDGE_CURVE('',#2310,#2289,#1025,.T.);
#2900=EDGE_CURVE('',#2292,#2309,#1026,.T.);
#2901=EDGE_CURVE('',#2312,#2312,#1027,.T.);
#2902=EDGE_CURVE('',#2312,#2305,#1370,.T.);
#2903=EDGE_CURVE('',#2313,#2313,#1028,.T.);
#2904=EDGE_CURVE('',#2176,#2169,#1371,.T.);
#2905=EDGE_CURVE('',#2163,#2169,#1215,.T.);
#2906=EDGE_CURVE('',#2179,#2166,#1372,.T.);
#2907=EDGE_CURVE('',#2173,#2177,#1216,.T.);
#2908=EDGE_CURVE('',#2174,#2178,#1217,.T.);
#2909=EDGE_CURVE('',#2171,#2175,#1373,.T.);
#2910=EDGE_CURVE('',#2165,#2180,#1374,.T.);
#2911=EDGE_CURVE('',#2170,#2164,#1218,.T.);
#2912=EDGE_CURVE('',#2314,#2314,#1029,.T.);
#2913=EDGE_CURVE('',#2275,#2193,#1375,.T.);
#2914=EDGE_CURVE('',#2276,#2191,#1376,.T.);
#2915=EDGE_CURVE('',#2313,#2314,#1377,.T.);
#2916=EDGE_CURVE('',#2315,#2316,#1378,.T.);
#2917=EDGE_CURVE('',#2315,#2317,#1219,.T.);
#2918=EDGE_CURVE('',#2317,#2318,#1030,.T.);
#2919=EDGE_CURVE('',#2318,#2316,#1220,.T.);
#2920=EDGE_CURVE('',#2319,#2320,#1379,.T.);
#2921=EDGE_CURVE('',#2319,#2315,#1221,.T.);
#2922=EDGE_CURVE('',#2316,#2320,#1222,.T.);
#2923=EDGE_CURVE('',#2321,#2322,#1380,.T.);
#2924=EDGE_CURVE('',#2323,#2321,#1031,.T.);
#2925=EDGE_CURVE('',#2323,#2324,#1381,.T.);
#2926=EDGE_CURVE('',#2324,#2319,#1223,.T.);
#2927=EDGE_CURVE('',#2320,#2322,#1224,.T.);
#2928=EDGE_CURVE('',#2325,#2326,#1032,.T.);
#2929=EDGE_CURVE('',#2326,#2325,#1033,.T.);
#2930=EDGE_CURVE('',#2325,#2327,#1382,.T.);
#2931=EDGE_CURVE('',#2327,#2327,#1034,.T.);
#2932=EDGE_CURVE('',#2328,#2328,#1035,.T.);
#2933=EDGE_CURVE('',#2329,#2329,#1036,.T.);
#2934=EDGE_CURVE('',#2329,#2326,#1383,.T.);
#2935=EDGE_CURVE('',#2330,#2330,#1037,.T.);
#2936=EDGE_CURVE('',#2330,#2331,#1384,.T.);
#2937=EDGE_CURVE('',#2331,#2332,#1038,.T.);
#2938=EDGE_CURVE('',#2332,#2331,#1039,.T.);
#2939=EDGE_CURVE('',#2333,#2333,#1040,.T.);
#2940=EDGE_CURVE('',#2334,#2334,#1041,.T.);
#2941=EDGE_CURVE('',#2332,#2335,#1385,.T.);
#2942=EDGE_CURVE('',#2335,#2335,#1042,.T.);
#2943=EDGE_CURVE('',#2333,#2336,#1386,.T.);
#2944=EDGE_CURVE('',#2336,#2337,#1043,.T.);
#2945=EDGE_CURVE('',#2337,#2336,#1044,.T.);
#2946=EDGE_CURVE('',#2337,#2338,#1387,.T.);
#2947=EDGE_CURVE('',#2338,#2338,#1045,.T.);
#2948=EDGE_CURVE('',#2334,#2339,#1388,.T.);
#2949=EDGE_CURVE('',#2339,#2340,#1046,.T.);
#2950=EDGE_CURVE('',#2340,#2339,#1047,.T.);
#2951=EDGE_CURVE('',#2340,#2341,#1389,.T.);
#2952=EDGE_CURVE('',#2341,#2341,#1048,.T.);
#2953=EDGE_CURVE('',#2341,#2342,#1390,.T.);
#2954=EDGE_CURVE('',#2338,#2343,#1391,.T.);
#2955=EDGE_CURVE('',#2344,#2318,#1225,.T.);
#2956=EDGE_CURVE('',#2345,#2344,#1226,.T.);
#2957=EDGE_CURVE('',#2323,#2345,#1392,.T.);
#2958=EDGE_CURVE('',#2322,#2323,#1227,.T.);
#2959=EDGE_CURVE('',#2317,#2344,#1228,.T.);
#2960=EDGE_CURVE('',#2345,#2324,#1393,.T.);
#2961=EDGE_CURVE('',#2321,#2323,#1049,.T.);
#2962=EDGE_CURVE('',#2346,#2346,#1050,.T.);
#2963=EDGE_CURVE('',#2328,#2346,#1394,.T.);
#2964=EDGE_CURVE('',#2347,#2348,#64,.T.);
#2965=EDGE_CURVE('',#2348,#2349,#1051,.T.);
#2966=EDGE_CURVE('',#2349,#2350,#65,.T.);
#2967=EDGE_CURVE('',#2350,#2347,#1052,.T.);
#2968=EDGE_CURVE('',#2351,#2349,#1395,.T.);
#2969=EDGE_CURVE('',#2352,#2351,#1396,.T.);
#2970=EDGE_CURVE('',#2353,#2352,#1397,.T.);
#2971=EDGE_CURVE('',#2350,#2353,#1398,.T.);
#2972=EDGE_CURVE('',#2348,#2354,#1399,.T.);
#2973=EDGE_CURVE('',#2354,#2355,#1400,.T.);
#2974=EDGE_CURVE('',#2355,#2356,#1401,.T.);
#2975=EDGE_CURVE('',#2357,#2356,#1053,.T.);
#2976=EDGE_CURVE('',#2357,#2358,#1402,.T.);
#2977=EDGE_CURVE('',#2358,#2359,#1403,.T.);
#2978=EDGE_CURVE('',#2359,#2360,#1404,.T.);
#2979=EDGE_CURVE('',#2361,#2360,#1054,.T.);
#2980=EDGE_CURVE('',#2361,#2362,#1405,.T.);
#2981=EDGE_CURVE('',#2362,#2363,#1406,.T.);
#2982=EDGE_CURVE('',#2363,#2364,#1407,.T.);
#2983=EDGE_CURVE('',#2365,#2364,#1055,.T.);
#2984=EDGE_CURVE('',#2365,#2366,#1408,.T.);
#2985=EDGE_CURVE('',#2366,#2367,#1409,.T.);
#2986=EDGE_CURVE('',#2367,#2368,#1410,.T.);
#2987=EDGE_CURVE('',#2369,#2368,#1056,.T.);
#2988=EDGE_CURVE('',#2369,#2370,#1411,.T.);
#2989=EDGE_CURVE('',#2370,#2371,#1412,.T.);
#2990=EDGE_CURVE('',#2371,#2372,#1413,.T.);
#2991=EDGE_CURVE('',#2373,#2372,#1057,.T.);
#2992=EDGE_CURVE('',#2373,#2374,#1414,.T.);
#2993=EDGE_CURVE('',#2374,#2375,#1415,.T.);
#2994=EDGE_CURVE('',#2375,#2376,#1416,.T.);
#2995=EDGE_CURVE('',#2377,#2376,#1058,.T.);
#2996=EDGE_CURVE('',#2377,#2378,#1417,.T.);
#2997=EDGE_CURVE('',#2378,#2379,#1418,.T.);
#2998=EDGE_CURVE('',#2379,#2380,#1419,.T.);
#2999=EDGE_CURVE('',#2381,#2380,#1059,.T.);
#3000=EDGE_CURVE('',#2381,#2382,#1420,.T.);
#3001=EDGE_CURVE('',#2382,#2383,#1421,.T.);
#3002=EDGE_CURVE('',#2383,#2384,#1422,.T.);
#3003=EDGE_CURVE('',#2385,#2384,#1060,.T.);
#3004=EDGE_CURVE('',#2385,#2386,#1423,.T.);
#3005=EDGE_CURVE('',#2386,#2387,#1424,.T.);
#3006=EDGE_CURVE('',#2387,#2388,#1425,.T.);
#3007=EDGE_CURVE('',#2389,#2388,#1061,.T.);
#3008=EDGE_CURVE('',#2389,#2390,#1426,.T.);
#3009=EDGE_CURVE('',#2390,#2391,#1427,.T.);
#3010=EDGE_CURVE('',#2391,#2392,#1428,.T.);
#3011=EDGE_CURVE('',#2393,#2392,#1062,.T.);
#3012=EDGE_CURVE('',#2393,#2394,#1429,.T.);
#3013=EDGE_CURVE('',#2394,#2395,#1430,.T.);
#3014=EDGE_CURVE('',#2395,#2396,#1431,.T.);
#3015=EDGE_CURVE('',#2397,#2396,#1063,.T.);
#3016=EDGE_CURVE('',#2397,#2398,#1432,.T.);
#3017=EDGE_CURVE('',#2398,#2399,#1433,.T.);
#3018=EDGE_CURVE('',#2399,#2400,#1434,.T.);
#3019=EDGE_CURVE('',#2401,#2400,#1064,.T.);
#3020=EDGE_CURVE('',#2401,#2402,#1435,.T.);
#3021=EDGE_CURVE('',#2402,#2403,#1436,.T.);
#3022=EDGE_CURVE('',#2403,#2404,#1437,.T.);
#3023=EDGE_CURVE('',#2405,#2404,#1065,.T.);
#3024=EDGE_CURVE('',#2405,#2406,#1438,.T.);
#3025=EDGE_CURVE('',#2406,#2407,#1439,.T.);
#3026=EDGE_CURVE('',#2407,#2408,#1440,.T.);
#3027=EDGE_CURVE('',#2409,#2408,#1066,.T.);
#3028=EDGE_CURVE('',#2409,#2410,#1441,.T.);
#3029=EDGE_CURVE('',#2410,#2411,#1442,.T.);
#3030=EDGE_CURVE('',#2411,#2412,#1443,.T.);
#3031=EDGE_CURVE('',#2413,#2412,#1067,.T.);
#3032=EDGE_CURVE('',#2413,#2414,#1444,.T.);
#3033=EDGE_CURVE('',#2414,#2351,#1445,.T.);
#3034=EDGE_CURVE('',#2415,#2413,#66,.T.);
#3035=EDGE_CURVE('',#2412,#2416,#67,.T.);
#3036=EDGE_CURVE('',#2416,#2415,#1068,.T.);
#3037=EDGE_CURVE('',#2417,#2411,#1446,.T.);
#3038=EDGE_CURVE('',#2418,#2417,#1447,.T.);
#3039=EDGE_CURVE('',#2416,#2418,#1448,.T.);
#3040=EDGE_CURVE('',#2419,#2409,#68,.T.);
#3041=EDGE_CURVE('',#2408,#2420,#69,.T.);
#3042=EDGE_CURVE('',#2420,#2419,#1069,.T.);
#3043=EDGE_CURVE('',#2421,#2407,#1449,.T.);
#3044=EDGE_CURVE('',#2422,#2421,#1450,.T.);
#3045=EDGE_CURVE('',#2420,#2422,#1451,.T.);
#3046=EDGE_CURVE('',#2423,#2405,#70,.T.);
#3047=EDGE_CURVE('',#2404,#2424,#71,.T.);
#3048=EDGE_CURVE('',#2424,#2423,#1070,.T.);
#3049=EDGE_CURVE('',#2425,#2403,#1452,.T.);
#3050=EDGE_CURVE('',#2426,#2425,#1453,.T.);
#3051=EDGE_CURVE('',#2424,#2426,#1454,.T.);
#3052=EDGE_CURVE('',#2427,#2401,#72,.T.);
#3053=EDGE_CURVE('',#2400,#2428,#73,.T.);
#3054=EDGE_CURVE('',#2428,#2427,#1071,.T.);
#3055=EDGE_CURVE('',#2429,#2399,#1455,.T.);
#3056=EDGE_CURVE('',#2430,#2429,#1456,.T.);
#3057=EDGE_CURVE('',#2428,#2430,#1457,.T.);
#3058=EDGE_CURVE('',#2431,#2397,#74,.T.);
#3059=EDGE_CURVE('',#2396,#2432,#75,.T.);
#3060=EDGE_CURVE('',#2432,#2431,#1072,.T.);
#3061=EDGE_CURVE('',#2433,#2395,#1458,.T.);
#3062=EDGE_CURVE('',#2434,#2433,#1459,.T.);
#3063=EDGE_CURVE('',#2432,#2434,#1460,.T.);
#3064=EDGE_CURVE('',#2435,#2393,#76,.T.);
#3065=EDGE_CURVE('',#2392,#2436,#77,.T.);
#3066=EDGE_CURVE('',#2436,#2435,#1073,.T.);
#3067=EDGE_CURVE('',#2437,#2391,#1461,.T.);
#3068=EDGE_CURVE('',#2438,#2437,#1462,.T.);
#3069=EDGE_CURVE('',#2436,#2438,#1463,.T.);
#3070=EDGE_CURVE('',#2439,#2389,#78,.T.);
#3071=EDGE_CURVE('',#2388,#2440,#79,.T.);
#3072=EDGE_CURVE('',#2440,#2439,#1074,.T.);
#3073=EDGE_CURVE('',#2441,#2387,#1464,.T.);
#3074=EDGE_CURVE('',#2442,#2441,#1465,.T.);
#3075=EDGE_CURVE('',#2440,#2442,#1466,.T.);
#3076=EDGE_CURVE('',#2443,#2385,#80,.T.);
#3077=EDGE_CURVE('',#2384,#2444,#81,.T.);
#3078=EDGE_CURVE('',#2444,#2443,#1075,.T.);
#3079=EDGE_CURVE('',#2445,#2383,#1467,.T.);
#3080=EDGE_CURVE('',#2446,#2445,#1468,.T.);
#3081=EDGE_CURVE('',#2444,#2446,#1469,.T.);
#3082=EDGE_CURVE('',#2447,#2381,#82,.T.);
#3083=EDGE_CURVE('',#2380,#2448,#83,.T.);
#3084=EDGE_CURVE('',#2448,#2447,#1076,.T.);
#3085=EDGE_CURVE('',#2448,#2449,#1470,.T.);
#3086=EDGE_CURVE('',#2450,#2449,#1077,.T.);
#3087=EDGE_CURVE('',#2450,#2447,#1471,.T.);
#3088=EDGE_CURVE('',#2451,#2379,#1472,.T.);
#3089=EDGE_CURVE('',#2449,#2451,#1473,.T.);
#3090=EDGE_CURVE('',#2452,#2377,#84,.T.);
#3091=EDGE_CURVE('',#2376,#2453,#85,.T.);
#3092=EDGE_CURVE('',#2453,#2452,#1078,.T.);
#3093=EDGE_CURVE('',#2453,#2454,#1474,.T.);
#3094=EDGE_CURVE('',#2455,#2454,#1079,.T.);
#3095=EDGE_CURVE('',#2455,#2452,#1475,.T.);
#3096=EDGE_CURVE('',#2456,#2375,#1476,.T.);
#3097=EDGE_CURVE('',#2454,#2456,#1477,.T.);
#3098=EDGE_CURVE('',#2457,#2373,#86,.T.);
#3099=EDGE_CURVE('',#2372,#2458,#87,.T.);
#3100=EDGE_CURVE('',#2458,#2457,#1080,.T.);
#3101=EDGE_CURVE('',#2458,#2459,#1478,.T.);
#3102=EDGE_CURVE('',#2460,#2459,#1081,.T.);
#3103=EDGE_CURVE('',#2460,#2457,#1479,.T.);
#3104=EDGE_CURVE('',#2461,#2371,#1480,.T.);
#3105=EDGE_CURVE('',#2459,#2461,#1481,.T.);
#3106=EDGE_CURVE('',#2462,#2369,#88,.T.);
#3107=EDGE_CURVE('',#2368,#2463,#89,.T.);
#3108=EDGE_CURVE('',#2463,#2462,#1082,.T.);
#3109=EDGE_CURVE('',#2463,#2464,#1482,.T.);
#3110=EDGE_CURVE('',#2465,#2464,#1083,.T.);
#3111=EDGE_CURVE('',#2465,#2462,#1483,.T.);
#3112=EDGE_CURVE('',#2466,#2367,#1484,.T.);
#3113=EDGE_CURVE('',#2464,#2466,#1485,.T.);
#3114=EDGE_CURVE('',#2467,#2365,#90,.T.);
#3115=EDGE_CURVE('',#2364,#2468,#91,.T.);
#3116=EDGE_CURVE('',#2468,#2467,#1084,.T.);
#3117=EDGE_CURVE('',#2468,#2469,#1486,.T.);
#3118=EDGE_CURVE('',#2470,#2469,#1085,.T.);
#3119=EDGE_CURVE('',#2470,#2467,#1487,.T.);
#3120=EDGE_CURVE('',#2471,#2363,#1488,.T.);
#3121=EDGE_CURVE('',#2469,#2471,#1489,.T.);
#3122=EDGE_CURVE('',#2472,#2361,#92,.T.);
#3123=EDGE_CURVE('',#2360,#2473,#93,.T.);
#3124=EDGE_CURVE('',#2473,#2472,#1086,.T.);
#3125=EDGE_CURVE('',#2473,#2474,#1490,.T.);
#3126=EDGE_CURVE('',#2475,#2474,#1087,.T.);
#3127=EDGE_CURVE('',#2475,#2472,#1491,.T.);
#3128=EDGE_CURVE('',#2476,#2359,#1492,.T.);
#3129=EDGE_CURVE('',#2474,#2476,#1493,.T.);
#3130=EDGE_CURVE('',#2477,#2357,#94,.T.);
#3131=EDGE_CURVE('',#2356,#2478,#95,.T.);
#3132=EDGE_CURVE('',#2478,#2477,#1088,.T.);
#3133=EDGE_CURVE('',#2478,#2479,#1494,.T.);
#3134=EDGE_CURVE('',#2480,#2479,#1089,.T.);
#3135=EDGE_CURVE('',#2480,#2477,#1495,.T.);
#3136=EDGE_CURVE('',#2481,#2355,#1496,.T.);
#3137=EDGE_CURVE('',#2479,#2481,#1497,.T.);
#3138=EDGE_CURVE('',#2482,#2378,#1498,.T.);
#3139=EDGE_CURVE('',#2451,#2482,#1499,.T.);
#3140=EDGE_CURVE('',#2482,#2455,#1500,.T.);
#3141=EDGE_CURVE('',#2483,#2460,#1501,.T.);
#3142=EDGE_CURVE('',#2483,#2374,#1502,.T.);
#3143=EDGE_CURVE('',#2456,#2483,#1503,.T.);
#3144=EDGE_CURVE('',#2484,#2370,#1504,.T.);
#3145=EDGE_CURVE('',#2461,#2484,#1505,.T.);
#3146=EDGE_CURVE('',#2484,#2465,#1506,.T.);
#3147=EDGE_CURVE('',#2485,#2470,#1507,.T.);
#3148=EDGE_CURVE('',#2485,#2366,#1508,.T.);
#3149=EDGE_CURVE('',#2466,#2485,#1509,.T.);
#3150=EDGE_CURVE('',#2486,#2362,#1510,.T.);
#3151=EDGE_CURVE('',#2471,#2486,#1511,.T.);
#3152=EDGE_CURVE('',#2486,#2475,#1512,.T.);
#3153=EDGE_CURVE('',#2487,#2480,#1513,.T.);
#3154=EDGE_CURVE('',#2487,#2358,#1514,.T.);
#3155=EDGE_CURVE('',#2476,#2487,#1515,.T.);
#3156=EDGE_CURVE('',#2488,#2354,#1516,.T.);
#3157=EDGE_CURVE('',#2481,#2488,#1517,.T.);
#3158=EDGE_CURVE('',#2489,#2347,#1518,.T.);
#3159=EDGE_CURVE('',#2488,#2489,#1519,.T.);
#3160=EDGE_CURVE('',#2490,#2415,#1520,.T.);
#3161=EDGE_CURVE('',#2491,#2490,#1521,.T.);
#3162=EDGE_CURVE('',#2491,#2414,#1522,.T.);
#3163=EDGE_CURVE('',#2352,#2491,#1523,.T.);
#3164=EDGE_CURVE('',#2492,#2410,#1524,.T.);
#3165=EDGE_CURVE('',#2417,#2492,#1525,.T.);
#3166=EDGE_CURVE('',#2493,#2419,#1526,.T.);
#3167=EDGE_CURVE('',#2492,#2493,#1527,.T.);
#3168=EDGE_CURVE('',#2494,#2423,#1528,.T.);
#3169=EDGE_CURVE('',#2495,#2494,#1529,.T.);
#3170=EDGE_CURVE('',#2495,#2406,#1530,.T.);
#3171=EDGE_CURVE('',#2421,#2495,#1531,.T.);
#3172=EDGE_CURVE('',#2496,#2402,#1532,.T.);
#3173=EDGE_CURVE('',#2425,#2496,#1533,.T.);
#3174=EDGE_CURVE('',#2497,#2427,#1534,.T.);
#3175=EDGE_CURVE('',#2496,#2497,#1535,.T.);
#3176=EDGE_CURVE('',#2498,#2431,#1536,.T.);
#3177=EDGE_CURVE('',#2499,#2498,#1537,.T.);
#3178=EDGE_CURVE('',#2499,#2398,#1538,.T.);
#3179=EDGE_CURVE('',#2429,#2499,#1539,.T.);
#3180=EDGE_CURVE('',#2500,#2394,#1540,.T.);
#3181=EDGE_CURVE('',#2433,#2500,#1541,.T.);
#3182=EDGE_CURVE('',#2501,#2435,#1542,.T.);
#3183=EDGE_CURVE('',#2500,#2501,#1543,.T.);
#3184=EDGE_CURVE('',#2502,#2439,#1544,.T.);
#3185=EDGE_CURVE('',#2503,#2502,#1545,.T.);
#3186=EDGE_CURVE('',#2503,#2390,#1546,.T.);
#3187=EDGE_CURVE('',#2437,#2503,#1547,.T.);
#3188=EDGE_CURVE('',#2502,#2442,#1090,.T.);
#3189=EDGE_CURVE('',#2501,#2438,#1091,.T.);
#3190=EDGE_CURVE('',#2498,#2434,#1092,.T.);
#3191=EDGE_CURVE('',#2497,#2430,#1093,.T.);
#3192=EDGE_CURVE('',#2494,#2426,#1094,.T.);
#3193=EDGE_CURVE('',#2493,#2422,#1095,.T.);
#3194=EDGE_CURVE('',#2490,#2418,#1096,.T.);
#3195=EDGE_CURVE('',#2489,#2353,#1097,.T.);
#3196=EDGE_CURVE('',#2504,#2386,#1548,.T.);
#3197=EDGE_CURVE('',#2441,#2504,#1549,.T.);
#3198=EDGE_CURVE('',#2505,#2443,#1550,.T.);
#3199=EDGE_CURVE('',#2504,#2505,#1551,.T.);
#3200=EDGE_CURVE('',#2506,#2382,#1552,.T.);
#3201=EDGE_CURVE('',#2445,#2506,#1553,.T.);
#3202=EDGE_CURVE('',#2506,#2450,#1554,.T.);
#3203=EDGE_CURVE('',#2507,#2508,#1098,.T.);
#3204=EDGE_CURVE('',#2507,#2509,#1555,.T.);
#3205=EDGE_CURVE('',#2509,#2510,#1099,.T.);
#3206=EDGE_CURVE('',#2510,#2508,#1556,.T.);
#3207=EDGE_CURVE('',#2511,#2508,#1557,.T.);
#3208=EDGE_CURVE('',#2511,#2512,#1100,.T.);
#3209=EDGE_CURVE('',#2513,#2512,#1101,.T.);
#3210=EDGE_CURVE('',#2513,#2514,#1102,.T.);
#3211=EDGE_CURVE('',#2515,#2514,#1558,.T.);
#3212=EDGE_CURVE('',#2515,#2516,#1103,.T.);
#3213=EDGE_CURVE('',#2507,#2516,#1104,.T.);
#3214=EDGE_CURVE('',#2517,#2510,#1559,.T.);
#3215=EDGE_CURVE('',#2511,#2517,#1560,.T.);
#3216=EDGE_CURVE('',#2518,#2517,#1105,.F.);
#3217=EDGE_CURVE('',#2518,#2512,#1561,.T.);
#3218=EDGE_CURVE('',#2513,#2519,#1562,.T.);
#3219=EDGE_CURVE('',#2520,#2519,#1106,.F.);
#3220=EDGE_CURVE('',#2520,#2514,#1563,.T.);
#3221=EDGE_CURVE('',#2521,#2520,#1564,.T.);
#3222=EDGE_CURVE('',#2515,#2521,#1565,.T.);
#3223=EDGE_CURVE('',#2521,#2522,#1107,.T.);
#3224=EDGE_CURVE('',#2522,#2516,#1566,.T.);
#3225=EDGE_CURVE('',#2509,#2522,#1108,.T.);
#3226=EDGE_CURVE('',#2523,#2524,#1109,.T.);
#3227=EDGE_CURVE('',#2523,#2525,#1567,.T.);
#3228=EDGE_CURVE('',#2525,#2526,#1110,.T.);
#3229=EDGE_CURVE('',#2526,#2524,#1568,.T.);
#3230=EDGE_CURVE('',#2523,#2527,#1111,.T.);
#3231=EDGE_CURVE('',#2528,#2527,#1569,.T.);
#3232=EDGE_CURVE('',#2525,#2528,#1112,.T.);
#3233=EDGE_CURVE('',#2529,#2530,#1113,.T.);
#3234=EDGE_CURVE('',#2529,#2531,#1570,.T.);
#3235=EDGE_CURVE('',#2532,#2531,#1114,.F.);
#3236=EDGE_CURVE('',#2532,#2530,#1571,.T.);
#3237=EDGE_CURVE('',#2529,#2524,#1572,.T.);
#3238=EDGE_CURVE('',#2533,#2530,#1115,.T.);
#3239=EDGE_CURVE('',#2533,#2534,#1116,.T.);
#3240=EDGE_CURVE('',#2535,#2534,#1573,.T.);
#3241=EDGE_CURVE('',#2535,#2527,#1117,.T.);
#3242=EDGE_CURVE('',#2536,#2532,#1118,.T.);
#3243=EDGE_CURVE('',#2533,#2536,#1574,.T.);
#3244=EDGE_CURVE('',#2537,#2536,#1119,.F.);
#3245=EDGE_CURVE('',#2537,#2534,#1575,.T.);
#3246=EDGE_CURVE('',#2538,#2537,#1576,.T.);
#3247=EDGE_CURVE('',#2535,#2538,#1577,.T.);
#3248=EDGE_CURVE('',#2538,#2528,#1120,.T.);
#3249=EDGE_CURVE('',#2539,#2540,#1121,.T.);
#3250=EDGE_CURVE('',#2539,#2541,#1578,.T.);
#3251=EDGE_CURVE('',#2541,#2542,#1122,.T.);
#3252=EDGE_CURVE('',#2542,#2540,#1579,.T.);
#3253=EDGE_CURVE('',#2539,#2543,#1123,.T.);
#3254=EDGE_CURVE('',#2544,#2543,#1580,.T.);
#3255=EDGE_CURVE('',#2541,#2544,#1124,.T.);
#3256=EDGE_CURVE('',#2545,#2546,#1125,.T.);
#3257=EDGE_CURVE('',#2545,#2547,#1581,.T.);
#3258=EDGE_CURVE('',#2548,#2547,#1126,.F.);
#3259=EDGE_CURVE('',#2548,#2546,#1582,.T.);
#3260=EDGE_CURVE('',#2545,#2540,#1583,.T.);
#3261=EDGE_CURVE('',#2549,#2546,#1127,.T.);
#3262=EDGE_CURVE('',#2549,#2550,#1128,.T.);
#3263=EDGE_CURVE('',#2551,#2550,#1584,.T.);
#3264=EDGE_CURVE('',#2551,#2543,#1129,.T.);
#3265=EDGE_CURVE('',#2552,#2548,#1130,.T.);
#3266=EDGE_CURVE('',#2549,#2552,#1585,.T.);
#3267=EDGE_CURVE('',#2553,#2552,#1131,.F.);
#3268=EDGE_CURVE('',#2553,#2550,#1586,.T.);
#3269=EDGE_CURVE('',#2554,#2553,#1587,.T.);
#3270=EDGE_CURVE('',#2551,#2554,#1588,.T.);
#3271=EDGE_CURVE('',#2554,#2544,#1132,.T.);
#3272=EDGE_CURVE('',#2555,#2556,#1133,.T.);
#3273=EDGE_CURVE('',#2555,#2557,#1589,.T.);
#3274=EDGE_CURVE('',#2557,#2558,#1134,.T.);
#3275=EDGE_CURVE('',#2558,#2556,#1590,.T.);
#3276=EDGE_CURVE('',#2555,#2559,#1135,.T.);
#3277=EDGE_CURVE('',#2560,#2559,#1591,.T.);
#3278=EDGE_CURVE('',#2557,#2560,#1136,.T.);
#3279=EDGE_CURVE('',#2561,#2562,#1137,.T.);
#3280=EDGE_CURVE('',#2561,#2563,#1592,.T.);
#3281=EDGE_CURVE('',#2564,#2563,#1138,.F.);
#3282=EDGE_CURVE('',#2564,#2562,#1593,.T.);
#3283=EDGE_CURVE('',#2561,#2556,#1594,.T.);
#3284=EDGE_CURVE('',#2565,#2562,#1139,.T.);
#3285=EDGE_CURVE('',#2565,#2566,#1140,.T.);
#3286=EDGE_CURVE('',#2567,#2566,#1595,.T.);
#3287=EDGE_CURVE('',#2567,#2559,#1141,.T.);
#3288=EDGE_CURVE('',#2568,#2564,#1142,.T.);
#3289=EDGE_CURVE('',#2565,#2568,#1596,.T.);
#3290=EDGE_CURVE('',#2569,#2568,#1143,.F.);
#3291=EDGE_CURVE('',#2569,#2566,#1597,.T.);
#3292=EDGE_CURVE('',#2570,#2569,#1598,.T.);
#3293=EDGE_CURVE('',#2567,#2570,#1599,.T.);
#3294=EDGE_CURVE('',#2570,#2560,#1144,.T.);
#3295=EDGE_CURVE('',#2571,#2572,#1145,.T.);
#3296=EDGE_CURVE('',#2571,#2573,#1600,.T.);
#3297=EDGE_CURVE('',#2573,#2574,#1146,.T.);
#3298=EDGE_CURVE('',#2574,#2572,#1601,.T.);
#3299=EDGE_CURVE('',#2571,#2575,#1147,.T.);
#3300=EDGE_CURVE('',#2576,#2575,#1602,.T.);
#3301=EDGE_CURVE('',#2573,#2576,#1148,.T.);
#3302=EDGE_CURVE('',#2577,#2578,#1149,.T.);
#3303=EDGE_CURVE('',#2577,#2579,#1603,.T.);
#3304=EDGE_CURVE('',#2580,#2579,#1150,.F.);
#3305=EDGE_CURVE('',#2580,#2578,#1604,.T.);
#3306=EDGE_CURVE('',#2577,#2572,#1605,.T.);
#3307=EDGE_CURVE('',#2581,#2578,#1151,.T.);
#3308=EDGE_CURVE('',#2581,#2582,#1152,.T.);
#3309=EDGE_CURVE('',#2583,#2582,#1606,.T.);
#3310=EDGE_CURVE('',#2583,#2575,#1153,.T.);
#3311=EDGE_CURVE('',#2584,#2580,#1154,.T.);
#3312=EDGE_CURVE('',#2581,#2584,#1607,.T.);
#3313=EDGE_CURVE('',#2585,#2584,#1155,.F.);
#3314=EDGE_CURVE('',#2585,#2582,#1608,.T.);
#3315=EDGE_CURVE('',#2586,#2585,#1609,.T.);
#3316=EDGE_CURVE('',#2583,#2586,#1610,.T.);
#3317=EDGE_CURVE('',#2586,#2576,#1156,.T.);
#3318=EDGE_CURVE('',#2587,#2588,#1157,.T.);
#3319=EDGE_CURVE('',#2587,#2589,#1611,.T.);
#3320=EDGE_CURVE('',#2589,#2590,#1158,.T.);
#3321=EDGE_CURVE('',#2590,#2588,#1612,.T.);
#3322=EDGE_CURVE('',#2587,#2591,#1159,.T.);
#3323=EDGE_CURVE('',#2592,#2591,#1613,.T.);
#3324=EDGE_CURVE('',#2589,#2592,#1160,.T.);
#3325=EDGE_CURVE('',#2593,#2594,#1161,.T.);
#3326=EDGE_CURVE('',#2593,#2595,#1614,.T.);
#3327=EDGE_CURVE('',#2596,#2595,#1162,.F.);
#3328=EDGE_CURVE('',#2596,#2594,#1615,.T.);
#3329=EDGE_CURVE('',#2593,#2588,#1616,.T.);
#3330=EDGE_CURVE('',#2597,#2594,#1163,.T.);
#3331=EDGE_CURVE('',#2597,#2598,#1164,.T.);
#3332=EDGE_CURVE('',#2599,#2598,#1617,.T.);
#3333=EDGE_CURVE('',#2599,#2591,#1165,.T.);
#3334=EDGE_CURVE('',#2600,#2596,#1166,.T.);
#3335=EDGE_CURVE('',#2597,#2600,#1618,.T.);
#3336=EDGE_CURVE('',#2601,#2600,#1167,.F.);
#3337=EDGE_CURVE('',#2601,#2598,#1619,.T.);
#3338=EDGE_CURVE('',#2602,#2601,#1620,.T.);
#3339=EDGE_CURVE('',#2599,#2602,#1621,.T.);
#3340=EDGE_CURVE('',#2602,#2592,#1168,.T.);
#3341=EDGE_CURVE('',#2603,#2603,#1169,.T.);
#3342=EDGE_CURVE('',#2603,#2604,#1622,.T.);
#3343=EDGE_CURVE('',#2604,#2552,#1170,.T.);
#3344=EDGE_CURVE('',#2548,#2568,#1171,.T.);
#3345=EDGE_CURVE('',#2564,#2584,#1172,.T.);
#3346=EDGE_CURVE('',#2580,#2600,#1173,.T.);
#3347=EDGE_CURVE('',#2596,#2519,#1174,.T.);
#3348=EDGE_CURVE('',#2519,#2518,#1175,.T.);
#3349=EDGE_CURVE('',#2518,#2536,#1176,.T.);
#3350=EDGE_CURVE('',#2532,#2604,#1177,.T.);
#3351=EDGE_CURVE('',#2605,#2605,#1178,.T.);
#3352=EDGE_CURVE('',#2563,#2558,#1623,.T.);
#3353=EDGE_CURVE('',#2531,#2526,#1624,.T.);
#3354=EDGE_CURVE('',#2595,#2590,#1625,.T.);
#3355=EDGE_CURVE('',#2579,#2574,#1626,.T.);
#3356=EDGE_CURVE('',#2547,#2542,#1627,.T.);
#3357=EDGE_CURVE('',#2505,#2446,#1179,.T.);
#3358=EDGE_CURVE('',#2606,#2606,#1180,.T.);
#3359=EDGE_CURVE('',#2606,#2607,#1628,.T.);
#3360=EDGE_CURVE('',#2607,#2607,#1181,.T.);
#3361=EDGE_CURVE('',#2608,#2608,#1182,.T.);
#3362=EDGE_CURVE('',#2608,#2609,#1629,.T.);
#3363=EDGE_CURVE('',#2609,#2609,#1183,.T.);
#3364=EDGE_CURVE('',#2610,#2610,#1184,.T.);
#3365=EDGE_CURVE('',#2610,#2611,#1630,.T.);
#3366=EDGE_CURVE('',#2611,#2611,#1185,.T.);
#3367=EDGE_CURVE('',#2612,#2612,#1186,.T.);
#3368=EDGE_CURVE('',#2612,#2613,#1631,.T.);
#3369=EDGE_CURVE('',#2613,#2613,#1187,.T.);
#3370=EDGE_CURVE('',#2614,#2614,#1188,.T.);
#3371=EDGE_CURVE('',#2615,#2615,#1189,.T.);
#3372=EDGE_CURVE('',#2616,#2616,#1190,.T.);
#3373=EDGE_CURVE('',#2614,#2616,#1632,.T.);
#3374=EDGE_CURVE('',#2605,#2615,#1633,.T.);
#3375=EDGE_CURVE('',#2617,#2618,#1634,.T.);
#3376=EDGE_CURVE('',#2619,#2617,#1635,.T.);
#3377=EDGE_CURVE('',#2620,#2619,#1636,.T.);
#3378=EDGE_CURVE('',#2618,#2620,#1637,.T.);
#3379=EDGE_CURVE('',#2618,#2621,#1638,.T.);
#3380=EDGE_CURVE('',#2622,#2620,#1639,.T.);
#3381=EDGE_CURVE('',#2621,#2622,#1640,.T.);
#3382=EDGE_CURVE('',#2621,#2623,#1641,.T.);
#3383=EDGE_CURVE('',#2624,#2622,#1642,.T.);
#3384=EDGE_CURVE('',#2623,#2624,#1643,.T.);
#3385=EDGE_CURVE('',#2625,#2626,#1644,.T.);
#3386=EDGE_CURVE('',#2627,#2625,#1645,.T.);
#3387=EDGE_CURVE('',#2628,#2627,#1646,.T.);
#3388=EDGE_CURVE('',#2626,#2628,#1647,.T.);
#3389=EDGE_CURVE('',#2626,#2629,#1648,.T.);
#3390=EDGE_CURVE('',#2630,#2628,#1649,.T.);
#3391=EDGE_CURVE('',#2629,#2630,#1650,.T.);
#3392=EDGE_CURVE('',#2629,#2631,#1651,.T.);
#3393=EDGE_CURVE('',#2632,#2630,#1652,.T.);
#3394=EDGE_CURVE('',#2631,#2632,#1653,.T.);
#3395=EDGE_CURVE('',#2633,#2625,#1191,.T.);
#3396=EDGE_CURVE('',#2634,#2633,#1654,.T.);
#3397=EDGE_CURVE('',#2634,#2627,#1192,.T.);
#3398=EDGE_CURVE('',#2631,#2617,#1193,.T.);
#3399=EDGE_CURVE('',#2632,#2619,#1194,.T.);
#3400=EDGE_CURVE('',#2624,#2635,#1195,.T.);
#3401=EDGE_CURVE('',#2635,#2636,#1655,.T.);
#3402=EDGE_CURVE('',#2623,#2636,#1196,.T.);
#3403=EDGE_CURVE('',#2637,#2638,#1656,.T.);
#3404=EDGE_CURVE('',#2638,#2639,#1657,.T.);
#3405=EDGE_CURVE('',#2639,#2640,#1658,.T.);
#3406=EDGE_CURVE('',#2640,#2637,#1659,.T.);
#3407=EDGE_CURVE('',#2639,#2641,#1660,.T.);
#3408=EDGE_CURVE('',#2642,#2641,#1661,.T.);
#3409=EDGE_CURVE('',#2643,#2642,#1662,.T.);
#3410=EDGE_CURVE('',#2643,#2640,#1663,.T.);
#3411=EDGE_CURVE('',#2638,#2644,#1664,.T.);
#3412=EDGE_CURVE('',#2645,#2644,#58,.T.);
#3413=EDGE_CURVE('',#2645,#2646,#1665,.T.);
#3414=EDGE_CURVE('',#2647,#2646,#1666,.T.);
#3415=EDGE_CURVE('',#2648,#2647,#1667,.T.);
#3416=EDGE_CURVE('',#2641,#2648,#59,.T.);
#3417=EDGE_CURVE('',#2646,#2649,#1668,.T.);
#3418=EDGE_CURVE('',#2649,#2650,#1669,.T.);
#3419=EDGE_CURVE('',#2650,#2647,#1670,.T.);
#3420=EDGE_CURVE('',#2645,#2651,#1671,.T.);
#3421=EDGE_CURVE('',#2652,#2651,#60,.T.);
#3422=EDGE_CURVE('',#2652,#2653,#1672,.T.);
#3423=EDGE_CURVE('',#2649,#2653,#1673,.T.);
#3424=EDGE_CURVE('',#2654,#2655,#1674,.T.);
#3425=EDGE_CURVE('',#2655,#2656,#1675,.T.);
#3426=EDGE_CURVE('',#2656,#2657,#1676,.T.);
#3427=EDGE_CURVE('',#2657,#2654,#1677,.T.);
#3428=EDGE_CURVE('',#2656,#2658,#1197,.T.);
#3429=EDGE_CURVE('',#2658,#2659,#1678,.T.);
#3430=EDGE_CURVE('',#2659,#2657,#1198,.T.);
#3431=EDGE_CURVE('',#2660,#2661,#1679,.T.);
#3432=EDGE_CURVE('',#2661,#2659,#1680,.T.);
#3433=EDGE_CURVE('',#2658,#2660,#1681,.T.);
#3434=EDGE_CURVE('',#2656,#2652,#1682,.T.);
#3435=EDGE_CURVE('',#2651,#2662,#61,.T.);
#3436=EDGE_CURVE('',#2662,#2663,#62,.T.);
#3437=EDGE_CURVE('',#2663,#2658,#1683,.T.);
#3438=EDGE_CURVE('',#2653,#2655,#1684,.T.);
#3439=EDGE_CURVE('',#2636,#2654,#1685,.T.);
#3440=EDGE_CURVE('',#2635,#2664,#1686,.T.);
#3441=EDGE_CURVE('',#2664,#2650,#1687,.T.);
#3442=EDGE_CURVE('',#2642,#2665,#63,.T.);
#3443=EDGE_CURVE('',#2648,#2665,#1688,.T.);
#3444=EDGE_CURVE('',#2644,#2662,#1689,.T.);
#3445=EDGE_CURVE('',#2637,#2666,#1690,.T.);
#3446=EDGE_CURVE('',#2666,#2663,#1691,.T.);
#3447=EDGE_CURVE('',#2666,#2660,#1692,.T.);
#3448=EDGE_CURVE('',#2661,#2633,#1693,.T.);
#3449=EDGE_CURVE('',#2665,#2664,#1694,.T.);
#3450=EDGE_CURVE('',#2643,#2634,#1695,.T.);
#3451=ORIENTED_EDGE('',*,*,#2667,.T.);
#3452=ORIENTED_EDGE('',*,*,#2668,.T.);
#3453=ORIENTED_EDGE('',*,*,#2669,.T.);
#3454=ORIENTED_EDGE('',*,*,#2670,.T.);
#3455=ORIENTED_EDGE('',*,*,#2671,.T.);
#3456=ORIENTED_EDGE('',*,*,#2672,.F.);
#3457=ORIENTED_EDGE('',*,*,#2671,.F.);
#3458=ORIENTED_EDGE('',*,*,#2673,.T.);
#3459=ORIENTED_EDGE('',*,*,#2674,.F.);
#3460=ORIENTED_EDGE('',*,*,#2675,.T.);
#3461=ORIENTED_EDGE('',*,*,#2676,.F.);
#3462=ORIENTED_EDGE('',*,*,#2677,.F.);
#3463=ORIENTED_EDGE('',*,*,#2676,.T.);
#3464=ORIENTED_EDGE('',*,*,#2678,.T.);
#3465=ORIENTED_EDGE('',*,*,#2679,.T.);
#3466=ORIENTED_EDGE('',*,*,#2680,.F.);
#3467=ORIENTED_EDGE('',*,*,#2681,.T.);
#3468=ORIENTED_EDGE('',*,*,#2682,.T.);
#3469=ORIENTED_EDGE('',*,*,#2683,.F.);
#3470=ORIENTED_EDGE('',*,*,#2684,.T.);
#3471=ORIENTED_EDGE('',*,*,#2685,.F.);
#3472=ORIENTED_EDGE('',*,*,#2686,.F.);
#3473=ORIENTED_EDGE('',*,*,#2687,.T.);
#3474=ORIENTED_EDGE('',*,*,#2688,.T.);
#3475=ORIENTED_EDGE('',*,*,#2689,.T.);
#3476=ORIENTED_EDGE('',*,*,#2690,.T.);
#3477=ORIENTED_EDGE('',*,*,#2691,.T.);
#3478=ORIENTED_EDGE('',*,*,#2692,.T.);
#3479=ORIENTED_EDGE('',*,*,#2687,.F.);
#3480=ORIENTED_EDGE('',*,*,#2693,.T.);
#3481=ORIENTED_EDGE('',*,*,#2694,.T.);
#3482=ORIENTED_EDGE('',*,*,#2695,.T.);
#3483=ORIENTED_EDGE('',*,*,#2691,.F.);
#3484=ORIENTED_EDGE('',*,*,#2696,.T.);
#3485=ORIENTED_EDGE('',*,*,#2697,.T.);
#3486=ORIENTED_EDGE('',*,*,#2698,.T.);
#3487=ORIENTED_EDGE('',*,*,#2694,.F.);
#3488=ORIENTED_EDGE('',*,*,#2699,.T.);
#3489=ORIENTED_EDGE('',*,*,#2700,.T.);
#3490=ORIENTED_EDGE('',*,*,#2701,.T.);
#3491=ORIENTED_EDGE('',*,*,#2697,.F.);
#3492=ORIENTED_EDGE('',*,*,#2702,.T.);
#3493=ORIENTED_EDGE('',*,*,#2703,.T.);
#3494=ORIENTED_EDGE('',*,*,#2704,.T.);
#3495=ORIENTED_EDGE('',*,*,#2700,.F.);
#3496=ORIENTED_EDGE('',*,*,#2705,.T.);
#3497=ORIENTED_EDGE('',*,*,#2706,.T.);
#3498=ORIENTED_EDGE('',*,*,#2707,.T.);
#3499=ORIENTED_EDGE('',*,*,#2703,.F.);
#3500=ORIENTED_EDGE('',*,*,#2708,.T.);
#3501=ORIENTED_EDGE('',*,*,#2689,.F.);
#3502=ORIENTED_EDGE('',*,*,#2709,.T.);
#3503=ORIENTED_EDGE('',*,*,#2706,.F.);
#3504=ORIENTED_EDGE('',*,*,#2710,.T.);
#3505=ORIENTED_EDGE('',*,*,#2699,.F.);
#3506=ORIENTED_EDGE('',*,*,#2711,.F.);
#3507=ORIENTED_EDGE('',*,*,#2712,.F.);
#3508=ORIENTED_EDGE('',*,*,#2713,.T.);
#3509=ORIENTED_EDGE('',*,*,#2696,.F.);
#3510=ORIENTED_EDGE('',*,*,#2714,.F.);
#3511=ORIENTED_EDGE('',*,*,#2715,.F.);
#3512=ORIENTED_EDGE('',*,*,#2711,.T.);
#3513=ORIENTED_EDGE('',*,*,#2693,.F.);
#3514=ORIENTED_EDGE('',*,*,#2716,.F.);
#3515=ORIENTED_EDGE('',*,*,#2717,.F.);
#3516=ORIENTED_EDGE('',*,*,#2714,.T.);
#3517=ORIENTED_EDGE('',*,*,#2690,.F.);
#3518=ORIENTED_EDGE('',*,*,#2718,.F.);
#3519=ORIENTED_EDGE('',*,*,#2719,.F.);
#3520=ORIENTED_EDGE('',*,*,#2716,.T.);
#3521=ORIENTED_EDGE('',*,*,#2688,.F.);
#3522=ORIENTED_EDGE('',*,*,#2692,.F.);
#3523=ORIENTED_EDGE('',*,*,#2695,.F.);
#3524=ORIENTED_EDGE('',*,*,#2698,.F.);
#3525=ORIENTED_EDGE('',*,*,#2701,.F.);
#3526=ORIENTED_EDGE('',*,*,#2704,.F.);
#3527=ORIENTED_EDGE('',*,*,#2707,.F.);
#3528=ORIENTED_EDGE('',*,*,#2709,.F.);
#3529=ORIENTED_EDGE('',*,*,#2672,.T.);
#3530=ORIENTED_EDGE('',*,*,#2720,.T.);
#3531=ORIENTED_EDGE('',*,*,#2721,.T.);
#3532=ORIENTED_EDGE('',*,*,#2722,.T.);
#3533=ORIENTED_EDGE('',*,*,#2723,.T.);
#3534=ORIENTED_EDGE('',*,*,#2722,.F.);
#3535=ORIENTED_EDGE('',*,*,#2724,.T.);
#3536=ORIENTED_EDGE('',*,*,#2725,.T.);
#3537=ORIENTED_EDGE('',*,*,#2726,.T.);
#3538=ORIENTED_EDGE('',*,*,#2727,.T.);
#3539=ORIENTED_EDGE('',*,*,#2728,.T.);
#3540=ORIENTED_EDGE('',*,*,#2725,.F.);
#3541=ORIENTED_EDGE('',*,*,#2729,.T.);
#3542=ORIENTED_EDGE('',*,*,#2727,.F.);
#3543=ORIENTED_EDGE('',*,*,#2730,.T.);
#3544=ORIENTED_EDGE('',*,*,#2731,.T.);
#3545=ORIENTED_EDGE('',*,*,#2732,.T.);
#3546=ORIENTED_EDGE('',*,*,#2733,.T.);
#3547=ORIENTED_EDGE('',*,*,#2734,.T.);
#3548=ORIENTED_EDGE('',*,*,#2731,.F.);
#3549=ORIENTED_EDGE('',*,*,#2735,.T.);
#3550=ORIENTED_EDGE('',*,*,#2733,.F.);
#3551=ORIENTED_EDGE('',*,*,#2736,.T.);
#3552=ORIENTED_EDGE('',*,*,#2737,.T.);
#3553=ORIENTED_EDGE('',*,*,#2738,.T.);
#3554=ORIENTED_EDGE('',*,*,#2739,.T.);
#3555=ORIENTED_EDGE('',*,*,#2740,.T.);
#3556=ORIENTED_EDGE('',*,*,#2737,.F.);
#3557=ORIENTED_EDGE('',*,*,#2741,.T.);
#3558=ORIENTED_EDGE('',*,*,#2742,.F.);
#3559=ORIENTED_EDGE('',*,*,#2743,.F.);
#3560=ORIENTED_EDGE('',*,*,#2744,.F.);
#3561=ORIENTED_EDGE('',*,*,#2745,.F.);
#3562=ORIENTED_EDGE('',*,*,#2746,.F.);
#3563=ORIENTED_EDGE('',*,*,#2747,.F.);
#3564=ORIENTED_EDGE('',*,*,#2748,.F.);
#3565=ORIENTED_EDGE('',*,*,#2749,.F.);
#3566=ORIENTED_EDGE('',*,*,#2741,.F.);
#3567=ORIENTED_EDGE('',*,*,#2736,.F.);
#3568=ORIENTED_EDGE('',*,*,#2735,.F.);
#3569=ORIENTED_EDGE('',*,*,#2730,.F.);
#3570=ORIENTED_EDGE('',*,*,#2729,.F.);
#3571=ORIENTED_EDGE('',*,*,#2724,.F.);
#3572=ORIENTED_EDGE('',*,*,#2721,.F.);
#3573=ORIENTED_EDGE('',*,*,#2750,.F.);
#3574=ORIENTED_EDGE('',*,*,#2751,.F.);
#3575=ORIENTED_EDGE('',*,*,#2752,.F.);
#3576=ORIENTED_EDGE('',*,*,#2753,.F.);
#3577=ORIENTED_EDGE('',*,*,#2754,.F.);
#3578=ORIENTED_EDGE('',*,*,#2755,.F.);
#3579=ORIENTED_EDGE('',*,*,#2756,.F.);
#3580=ORIENTED_EDGE('',*,*,#2757,.F.);
#3581=ORIENTED_EDGE('',*,*,#2758,.F.);
#3582=ORIENTED_EDGE('',*,*,#2759,.F.);
#3583=ORIENTED_EDGE('',*,*,#2760,.F.);
#3584=ORIENTED_EDGE('',*,*,#2761,.F.);
#3585=ORIENTED_EDGE('',*,*,#2762,.F.);
#3586=ORIENTED_EDGE('',*,*,#2763,.F.);
#3587=ORIENTED_EDGE('',*,*,#2764,.F.);
#3588=ORIENTED_EDGE('',*,*,#2765,.F.);
#3589=ORIENTED_EDGE('',*,*,#2766,.F.);
#3590=ORIENTED_EDGE('',*,*,#2767,.F.);
#3591=ORIENTED_EDGE('',*,*,#2768,.F.);
#3592=ORIENTED_EDGE('',*,*,#2769,.F.);
#3593=ORIENTED_EDGE('',*,*,#2770,.F.);
#3594=ORIENTED_EDGE('',*,*,#2771,.F.);
#3595=ORIENTED_EDGE('',*,*,#2772,.F.);
#3596=ORIENTED_EDGE('',*,*,#2773,.F.);
#3597=ORIENTED_EDGE('',*,*,#2774,.F.);
#3598=ORIENTED_EDGE('',*,*,#2775,.T.);
#3599=ORIENTED_EDGE('',*,*,#2773,.T.);
#3600=ORIENTED_EDGE('',*,*,#2776,.T.);
#3601=ORIENTED_EDGE('',*,*,#2777,.T.);
#3602=ORIENTED_EDGE('',*,*,#2776,.F.);
#3603=ORIENTED_EDGE('',*,*,#2772,.T.);
#3604=ORIENTED_EDGE('',*,*,#2778,.T.);
#3605=ORIENTED_EDGE('',*,*,#2779,.T.);
#3606=ORIENTED_EDGE('',*,*,#2780,.T.);
#3607=ORIENTED_EDGE('',*,*,#2781,.T.);
#3608=ORIENTED_EDGE('',*,*,#2778,.F.);
#3609=ORIENTED_EDGE('',*,*,#2771,.T.);
#3610=ORIENTED_EDGE('',*,*,#2780,.F.);
#3611=ORIENTED_EDGE('',*,*,#2770,.T.);
#3612=ORIENTED_EDGE('',*,*,#2782,.T.);
#3613=ORIENTED_EDGE('',*,*,#2783,.T.);
#3614=ORIENTED_EDGE('',*,*,#2784,.T.);
#3615=ORIENTED_EDGE('',*,*,#2785,.T.);
#3616=ORIENTED_EDGE('',*,*,#2782,.F.);
#3617=ORIENTED_EDGE('',*,*,#2769,.T.);
#3618=ORIENTED_EDGE('',*,*,#2784,.F.);
#3619=ORIENTED_EDGE('',*,*,#2768,.T.);
#3620=ORIENTED_EDGE('',*,*,#2786,.T.);
#3621=ORIENTED_EDGE('',*,*,#2787,.T.);
#3622=ORIENTED_EDGE('',*,*,#2788,.T.);
#3623=ORIENTED_EDGE('',*,*,#2789,.T.);
#3624=ORIENTED_EDGE('',*,*,#2786,.F.);
#3625=ORIENTED_EDGE('',*,*,#2767,.T.);
#3626=ORIENTED_EDGE('',*,*,#2790,.T.);
#3627=ORIENTED_EDGE('',*,*,#2765,.T.);
#3628=ORIENTED_EDGE('',*,*,#2791,.T.);
#3629=ORIENTED_EDGE('',*,*,#2792,.T.);
#3630=ORIENTED_EDGE('',*,*,#2791,.F.);
#3631=ORIENTED_EDGE('',*,*,#2764,.T.);
#3632=ORIENTED_EDGE('',*,*,#2793,.T.);
#3633=ORIENTED_EDGE('',*,*,#2794,.T.);
#3634=ORIENTED_EDGE('',*,*,#2795,.T.);
#3635=ORIENTED_EDGE('',*,*,#2796,.T.);
#3636=ORIENTED_EDGE('',*,*,#2793,.F.);
#3637=ORIENTED_EDGE('',*,*,#2763,.T.);
#3638=ORIENTED_EDGE('',*,*,#2795,.F.);
#3639=ORIENTED_EDGE('',*,*,#2762,.T.);
#3640=ORIENTED_EDGE('',*,*,#2797,.T.);
#3641=ORIENTED_EDGE('',*,*,#2798,.T.);
#3642=ORIENTED_EDGE('',*,*,#2799,.T.);
#3643=ORIENTED_EDGE('',*,*,#2800,.T.);
#3644=ORIENTED_EDGE('',*,*,#2797,.F.);
#3645=ORIENTED_EDGE('',*,*,#2761,.T.);
#3646=ORIENTED_EDGE('',*,*,#2799,.F.);
#3647=ORIENTED_EDGE('',*,*,#2760,.T.);
#3648=ORIENTED_EDGE('',*,*,#2801,.T.);
#3649=ORIENTED_EDGE('',*,*,#2802,.T.);
#3650=ORIENTED_EDGE('',*,*,#2803,.T.);
#3651=ORIENTED_EDGE('',*,*,#2804,.T.);
#3652=ORIENTED_EDGE('',*,*,#2801,.F.);
#3653=ORIENTED_EDGE('',*,*,#2759,.T.);
#3654=ORIENTED_EDGE('',*,*,#2805,.T.);
#3655=ORIENTED_EDGE('',*,*,#2757,.T.);
#3656=ORIENTED_EDGE('',*,*,#2806,.T.);
#3657=ORIENTED_EDGE('',*,*,#2807,.T.);
#3658=ORIENTED_EDGE('',*,*,#2806,.F.);
#3659=ORIENTED_EDGE('',*,*,#2756,.T.);
#3660=ORIENTED_EDGE('',*,*,#2808,.T.);
#3661=ORIENTED_EDGE('',*,*,#2809,.T.);
#3662=ORIENTED_EDGE('',*,*,#2810,.T.);
#3663=ORIENTED_EDGE('',*,*,#2811,.T.);
#3664=ORIENTED_EDGE('',*,*,#2808,.F.);
#3665=ORIENTED_EDGE('',*,*,#2755,.T.);
#3666=ORIENTED_EDGE('',*,*,#2810,.F.);
#3667=ORIENTED_EDGE('',*,*,#2754,.T.);
#3668=ORIENTED_EDGE('',*,*,#2812,.T.);
#3669=ORIENTED_EDGE('',*,*,#2813,.T.);
#3670=ORIENTED_EDGE('',*,*,#2814,.T.);
#3671=ORIENTED_EDGE('',*,*,#2815,.T.);
#3672=ORIENTED_EDGE('',*,*,#2812,.F.);
#3673=ORIENTED_EDGE('',*,*,#2753,.T.);
#3674=ORIENTED_EDGE('',*,*,#2814,.F.);
#3675=ORIENTED_EDGE('',*,*,#2752,.T.);
#3676=ORIENTED_EDGE('',*,*,#2816,.T.);
#3677=ORIENTED_EDGE('',*,*,#2817,.T.);
#3678=ORIENTED_EDGE('',*,*,#2818,.T.);
#3679=ORIENTED_EDGE('',*,*,#2819,.T.);
#3680=ORIENTED_EDGE('',*,*,#2816,.F.);
#3681=ORIENTED_EDGE('',*,*,#2751,.T.);
#3682=ORIENTED_EDGE('',*,*,#2820,.T.);
#3683=ORIENTED_EDGE('',*,*,#2742,.T.);
#3684=ORIENTED_EDGE('',*,*,#2821,.T.);
#3685=ORIENTED_EDGE('',*,*,#2715,.T.);
#3686=ORIENTED_EDGE('',*,*,#2822,.T.);
#3687=ORIENTED_EDGE('',*,*,#2743,.T.);
#3688=ORIENTED_EDGE('',*,*,#2820,.F.);
#3689=ORIENTED_EDGE('',*,*,#2717,.T.);
#3690=ORIENTED_EDGE('',*,*,#2823,.T.);
#3691=ORIENTED_EDGE('',*,*,#2744,.T.);
#3692=ORIENTED_EDGE('',*,*,#2822,.F.);
#3693=ORIENTED_EDGE('',*,*,#2719,.T.);
#3694=ORIENTED_EDGE('',*,*,#2824,.T.);
#3695=ORIENTED_EDGE('',*,*,#2745,.T.);
#3696=ORIENTED_EDGE('',*,*,#2823,.F.);
#3697=ORIENTED_EDGE('',*,*,#2825,.T.);
#3698=ORIENTED_EDGE('',*,*,#2826,.T.);
#3699=ORIENTED_EDGE('',*,*,#2746,.T.);
#3700=ORIENTED_EDGE('',*,*,#2824,.F.);
#3701=ORIENTED_EDGE('',*,*,#2827,.T.);
#3702=ORIENTED_EDGE('',*,*,#2828,.T.);
#3703=ORIENTED_EDGE('',*,*,#2747,.T.);
#3704=ORIENTED_EDGE('',*,*,#2826,.F.);
#3705=ORIENTED_EDGE('',*,*,#2829,.T.);
#3706=ORIENTED_EDGE('',*,*,#2830,.T.);
#3707=ORIENTED_EDGE('',*,*,#2748,.T.);
#3708=ORIENTED_EDGE('',*,*,#2828,.F.);
#3709=ORIENTED_EDGE('',*,*,#2831,.T.);
#3710=ORIENTED_EDGE('',*,*,#2821,.F.);
#3711=ORIENTED_EDGE('',*,*,#2749,.T.);
#3712=ORIENTED_EDGE('',*,*,#2830,.F.);
#3713=ORIENTED_EDGE('',*,*,#2712,.T.);
#3714=ORIENTED_EDGE('',*,*,#2710,.F.);
#3715=ORIENTED_EDGE('',*,*,#2832,.F.);
#3716=ORIENTED_EDGE('',*,*,#2825,.F.);
#3717=ORIENTED_EDGE('',*,*,#2718,.T.);
#3718=ORIENTED_EDGE('',*,*,#2781,.F.);
#3719=ORIENTED_EDGE('',*,*,#2833,.T.);
#3720=ORIENTED_EDGE('',*,*,#2834,.F.);
#3721=ORIENTED_EDGE('',*,*,#2835,.T.);
#3722=ORIENTED_EDGE('',*,*,#2834,.T.);
#3723=ORIENTED_EDGE('',*,*,#2836,.F.);
#3724=ORIENTED_EDGE('',*,*,#2837,.T.);
#3725=ORIENTED_EDGE('',*,*,#2838,.F.);
#3726=ORIENTED_EDGE('',*,*,#2839,.T.);
#3727=ORIENTED_EDGE('',*,*,#2840,.F.);
#3728=ORIENTED_EDGE('',*,*,#2841,.T.);
#3729=ORIENTED_EDGE('',*,*,#2842,.F.);
#3730=ORIENTED_EDGE('',*,*,#2783,.F.);
#3731=ORIENTED_EDGE('',*,*,#2843,.F.);
#3732=ORIENTED_EDGE('',*,*,#2836,.T.);
#3733=ORIENTED_EDGE('',*,*,#2833,.F.);
#3734=ORIENTED_EDGE('',*,*,#2734,.F.);
#3735=ORIENTED_EDGE('',*,*,#2844,.T.);
#3736=ORIENTED_EDGE('',*,*,#2845,.F.);
#3737=ORIENTED_EDGE('',*,*,#2846,.T.);
#3738=ORIENTED_EDGE('',*,*,#2732,.F.);
#3739=ORIENTED_EDGE('',*,*,#2846,.F.);
#3740=ORIENTED_EDGE('',*,*,#2847,.T.);
#3741=ORIENTED_EDGE('',*,*,#2848,.F.);
#3742=ORIENTED_EDGE('',*,*,#2728,.F.);
#3743=ORIENTED_EDGE('',*,*,#2848,.T.);
#3744=ORIENTED_EDGE('',*,*,#2849,.F.);
#3745=ORIENTED_EDGE('',*,*,#2850,.T.);
#3746=ORIENTED_EDGE('',*,*,#2726,.F.);
#3747=ORIENTED_EDGE('',*,*,#2850,.F.);
#3748=ORIENTED_EDGE('',*,*,#2851,.T.);
#3749=ORIENTED_EDGE('',*,*,#2852,.F.);
#3750=ORIENTED_EDGE('',*,*,#2815,.F.);
#3751=ORIENTED_EDGE('',*,*,#2853,.T.);
#3752=ORIENTED_EDGE('',*,*,#2854,.F.);
#3753=ORIENTED_EDGE('',*,*,#2855,.T.);
#3754=ORIENTED_EDGE('',*,*,#2817,.F.);
#3755=ORIENTED_EDGE('',*,*,#2856,.F.);
#3756=ORIENTED_EDGE('',*,*,#2857,.T.);
#3757=ORIENTED_EDGE('',*,*,#2853,.F.);
#3758=ORIENTED_EDGE('',*,*,#2811,.F.);
#3759=ORIENTED_EDGE('',*,*,#2858,.T.);
#3760=ORIENTED_EDGE('',*,*,#2859,.F.);
#3761=ORIENTED_EDGE('',*,*,#2860,.T.);
#3762=ORIENTED_EDGE('',*,*,#2813,.F.);
#3763=ORIENTED_EDGE('',*,*,#2855,.F.);
#3764=ORIENTED_EDGE('',*,*,#2861,.T.);
#3765=ORIENTED_EDGE('',*,*,#2858,.F.);
#3766=ORIENTED_EDGE('',*,*,#2800,.F.);
#3767=ORIENTED_EDGE('',*,*,#2862,.T.);
#3768=ORIENTED_EDGE('',*,*,#2863,.F.);
#3769=ORIENTED_EDGE('',*,*,#2864,.T.);
#3770=ORIENTED_EDGE('',*,*,#2798,.F.);
#3771=ORIENTED_EDGE('',*,*,#2864,.F.);
#3772=ORIENTED_EDGE('',*,*,#2865,.T.);
#3773=ORIENTED_EDGE('',*,*,#2866,.F.);
#3774=ORIENTED_EDGE('',*,*,#2785,.F.);
#3775=ORIENTED_EDGE('',*,*,#2867,.T.);
#3776=ORIENTED_EDGE('',*,*,#2837,.F.);
#3777=ORIENTED_EDGE('',*,*,#2843,.T.);
#3778=ORIENTED_EDGE('',*,*,#2796,.F.);
#3779=ORIENTED_EDGE('',*,*,#2866,.T.);
#3780=ORIENTED_EDGE('',*,*,#2868,.F.);
#3781=ORIENTED_EDGE('',*,*,#2869,.T.);
#3782=ORIENTED_EDGE('',*,*,#2794,.F.);
#3783=ORIENTED_EDGE('',*,*,#2869,.F.);
#3784=ORIENTED_EDGE('',*,*,#2870,.T.);
#3785=ORIENTED_EDGE('',*,*,#2871,.F.);
#3786=ORIENTED_EDGE('',*,*,#2807,.F.);
#3787=ORIENTED_EDGE('',*,*,#2872,.T.);
#3788=ORIENTED_EDGE('',*,*,#2873,.F.);
#3789=ORIENTED_EDGE('',*,*,#2874,.T.);
#3790=ORIENTED_EDGE('',*,*,#2809,.F.);
#3791=ORIENTED_EDGE('',*,*,#2860,.F.);
#3792=ORIENTED_EDGE('',*,*,#2875,.T.);
#3793=ORIENTED_EDGE('',*,*,#2872,.F.);
#3794=ORIENTED_EDGE('',*,*,#2804,.F.);
#3795=ORIENTED_EDGE('',*,*,#2876,.T.);
#3796=ORIENTED_EDGE('',*,*,#2877,.F.);
#3797=ORIENTED_EDGE('',*,*,#2878,.T.);
#3798=ORIENTED_EDGE('',*,*,#2863,.T.);
#3799=ORIENTED_EDGE('',*,*,#2879,.F.);
#3800=ORIENTED_EDGE('',*,*,#2877,.T.);
#3801=ORIENTED_EDGE('',*,*,#2880,.F.);
#3802=ORIENTED_EDGE('',*,*,#2881,.T.);
#3803=ORIENTED_EDGE('',*,*,#2870,.F.);
#3804=ORIENTED_EDGE('',*,*,#2868,.T.);
#3805=ORIENTED_EDGE('',*,*,#2865,.F.);
#3806=ORIENTED_EDGE('',*,*,#2882,.F.);
#3807=ORIENTED_EDGE('',*,*,#2883,.F.);
#3808=ORIENTED_EDGE('',*,*,#2884,.T.);
#3809=ORIENTED_EDGE('',*,*,#2885,.T.);
#3810=ORIENTED_EDGE('',*,*,#2886,.F.);
#3811=ORIENTED_EDGE('',*,*,#2739,.F.);
#3812=ORIENTED_EDGE('',*,*,#2774,.T.);
#3813=ORIENTED_EDGE('',*,*,#2775,.F.);
#3814=ORIENTED_EDGE('',*,*,#2887,.F.);
#3815=ORIENTED_EDGE('',*,*,#2840,.T.);
#3816=ORIENTED_EDGE('',*,*,#2888,.F.);
#3817=ORIENTED_EDGE('',*,*,#2788,.F.);
#3818=ORIENTED_EDGE('',*,*,#2766,.T.);
#3819=ORIENTED_EDGE('',*,*,#2790,.F.);
#3820=ORIENTED_EDGE('',*,*,#2889,.F.);
#3821=ORIENTED_EDGE('',*,*,#2880,.T.);
#3822=ORIENTED_EDGE('',*,*,#2876,.F.);
#3823=ORIENTED_EDGE('',*,*,#2803,.F.);
#3824=ORIENTED_EDGE('',*,*,#2758,.T.);
#3825=ORIENTED_EDGE('',*,*,#2805,.F.);
#3826=ORIENTED_EDGE('',*,*,#2874,.F.);
#3827=ORIENTED_EDGE('',*,*,#2890,.T.);
#3828=ORIENTED_EDGE('',*,*,#2891,.F.);
#3829=ORIENTED_EDGE('',*,*,#2818,.F.);
#3830=ORIENTED_EDGE('',*,*,#2750,.T.);
#3831=ORIENTED_EDGE('',*,*,#2720,.F.);
#3832=ORIENTED_EDGE('',*,*,#2892,.F.);
#3833=ORIENTED_EDGE('',*,*,#2893,.T.);
#3834=ORIENTED_EDGE('',*,*,#2884,.F.);
#3835=ORIENTED_EDGE('',*,*,#2792,.F.);
#3836=ORIENTED_EDGE('',*,*,#2871,.T.);
#3837=ORIENTED_EDGE('',*,*,#2881,.F.);
#3838=ORIENTED_EDGE('',*,*,#2889,.T.);
#3839=ORIENTED_EDGE('',*,*,#2789,.F.);
#3840=ORIENTED_EDGE('',*,*,#2888,.T.);
#3841=ORIENTED_EDGE('',*,*,#2839,.F.);
#3842=ORIENTED_EDGE('',*,*,#2894,.T.);
#3843=ORIENTED_EDGE('',*,*,#2777,.F.);
#3844=ORIENTED_EDGE('',*,*,#2895,.T.);
#3845=ORIENTED_EDGE('',*,*,#2841,.F.);
#3846=ORIENTED_EDGE('',*,*,#2887,.T.);
#3847=ORIENTED_EDGE('',*,*,#2779,.F.);
#3848=ORIENTED_EDGE('',*,*,#2835,.F.);
#3849=ORIENTED_EDGE('',*,*,#2842,.T.);
#3850=ORIENTED_EDGE('',*,*,#2895,.F.);
#3851=ORIENTED_EDGE('',*,*,#2740,.F.);
#3852=ORIENTED_EDGE('',*,*,#2886,.T.);
#3853=ORIENTED_EDGE('',*,*,#2896,.F.);
#3854=ORIENTED_EDGE('',*,*,#2897,.T.);
#3855=ORIENTED_EDGE('',*,*,#2845,.T.);
#3856=ORIENTED_EDGE('',*,*,#2898,.F.);
#3857=ORIENTED_EDGE('',*,*,#2896,.T.);
#3858=ORIENTED_EDGE('',*,*,#2885,.F.);
#3859=ORIENTED_EDGE('',*,*,#2893,.F.);
#3860=ORIENTED_EDGE('',*,*,#2899,.T.);
#3861=ORIENTED_EDGE('',*,*,#2851,.F.);
#3862=ORIENTED_EDGE('',*,*,#2849,.T.);
#3863=ORIENTED_EDGE('',*,*,#2847,.F.);
#3864=ORIENTED_EDGE('',*,*,#2819,.F.);
#3865=ORIENTED_EDGE('',*,*,#2891,.T.);
#3866=ORIENTED_EDGE('',*,*,#2900,.F.);
#3867=ORIENTED_EDGE('',*,*,#2856,.T.);
#3868=ORIENTED_EDGE('',*,*,#2723,.F.);
#3869=ORIENTED_EDGE('',*,*,#2852,.T.);
#3870=ORIENTED_EDGE('',*,*,#2899,.F.);
#3871=ORIENTED_EDGE('',*,*,#2892,.T.);
#3872=ORIENTED_EDGE('',*,*,#2802,.F.);
#3873=ORIENTED_EDGE('',*,*,#2878,.F.);
#3874=ORIENTED_EDGE('',*,*,#2879,.T.);
#3875=ORIENTED_EDGE('',*,*,#2862,.F.);
#3876=ORIENTED_EDGE('',*,*,#2854,.T.);
#3877=ORIENTED_EDGE('',*,*,#2857,.F.);
#3878=ORIENTED_EDGE('',*,*,#2900,.T.);
#3879=ORIENTED_EDGE('',*,*,#2890,.F.);
#3880=ORIENTED_EDGE('',*,*,#2873,.T.);
#3881=ORIENTED_EDGE('',*,*,#2875,.F.);
#3882=ORIENTED_EDGE('',*,*,#2859,.T.);
#3883=ORIENTED_EDGE('',*,*,#2861,.F.);
#3884=ORIENTED_EDGE('',*,*,#2787,.F.);
#3885=ORIENTED_EDGE('',*,*,#2894,.F.);
#3886=ORIENTED_EDGE('',*,*,#2838,.T.);
#3887=ORIENTED_EDGE('',*,*,#2867,.F.);
#3888=ORIENTED_EDGE('',*,*,#2738,.F.);
#3889=ORIENTED_EDGE('',*,*,#2897,.F.);
#3890=ORIENTED_EDGE('',*,*,#2898,.T.);
#3891=ORIENTED_EDGE('',*,*,#2844,.F.);
#3892=ORIENTED_EDGE('',*,*,#2901,.T.);
#3893=ORIENTED_EDGE('',*,*,#2902,.T.);
#3894=ORIENTED_EDGE('',*,*,#2882,.T.);
#3895=ORIENTED_EDGE('',*,*,#2883,.T.);
#3896=ORIENTED_EDGE('',*,*,#2902,.F.);
#3897=ORIENTED_EDGE('',*,*,#2901,.F.);
#3898=ORIENTED_EDGE('',*,*,#2903,.T.);
#3899=ORIENTED_EDGE('',*,*,#2904,.T.);
#3900=ORIENTED_EDGE('',*,*,#2905,.F.);
#3901=ORIENTED_EDGE('',*,*,#2673,.F.);
#3902=ORIENTED_EDGE('',*,*,#2670,.F.);
#3903=ORIENTED_EDGE('',*,*,#2906,.F.);
#3904=ORIENTED_EDGE('',*,*,#2684,.F.);
#3905=ORIENTED_EDGE('',*,*,#2907,.F.);
#3906=ORIENTED_EDGE('',*,*,#2682,.F.);
#3907=ORIENTED_EDGE('',*,*,#2683,.T.);
#3908=ORIENTED_EDGE('',*,*,#2908,.F.);
#3909=ORIENTED_EDGE('',*,*,#2679,.F.);
#3910=ORIENTED_EDGE('',*,*,#2907,.T.);
#3911=ORIENTED_EDGE('',*,*,#2909,.T.);
#3912=ORIENTED_EDGE('',*,*,#2680,.T.);
#3913=ORIENTED_EDGE('',*,*,#2908,.T.);
#3914=ORIENTED_EDGE('',*,*,#2686,.T.);
#3915=ORIENTED_EDGE('',*,*,#2910,.F.);
#3916=ORIENTED_EDGE('',*,*,#2668,.F.);
#3917=ORIENTED_EDGE('',*,*,#2911,.F.);
#3918=ORIENTED_EDGE('',*,*,#2678,.F.);
#3919=ORIENTED_EDGE('',*,*,#2669,.F.);
#3920=ORIENTED_EDGE('',*,*,#2910,.T.);
#3921=ORIENTED_EDGE('',*,*,#2685,.T.);
#3922=ORIENTED_EDGE('',*,*,#2906,.T.);
#3923=ORIENTED_EDGE('',*,*,#2675,.F.);
#3924=ORIENTED_EDGE('',*,*,#2904,.F.);
#3925=ORIENTED_EDGE('',*,*,#2681,.F.);
#3926=ORIENTED_EDGE('',*,*,#2909,.F.);
#3927=ORIENTED_EDGE('',*,*,#2674,.T.);
#3928=ORIENTED_EDGE('',*,*,#2911,.T.);
#3929=ORIENTED_EDGE('',*,*,#2667,.F.);
#3930=ORIENTED_EDGE('',*,*,#2905,.T.);
#3931=ORIENTED_EDGE('',*,*,#2912,.F.);
#3932=ORIENTED_EDGE('',*,*,#2677,.T.);
#3933=ORIENTED_EDGE('',*,*,#2708,.F.);
#3934=ORIENTED_EDGE('',*,*,#2913,.F.);
#3935=ORIENTED_EDGE('',*,*,#2827,.F.);
#3936=ORIENTED_EDGE('',*,*,#2832,.T.);
#3937=ORIENTED_EDGE('',*,*,#2705,.F.);
#3938=ORIENTED_EDGE('',*,*,#2914,.F.);
#3939=ORIENTED_EDGE('',*,*,#2829,.F.);
#3940=ORIENTED_EDGE('',*,*,#2913,.T.);
#3941=ORIENTED_EDGE('',*,*,#2702,.F.);
#3942=ORIENTED_EDGE('',*,*,#2713,.F.);
#3943=ORIENTED_EDGE('',*,*,#2831,.F.);
#3944=ORIENTED_EDGE('',*,*,#2914,.T.);
#3945=ORIENTED_EDGE('',*,*,#2903,.F.);
#3946=ORIENTED_EDGE('',*,*,#2915,.T.);
#3947=ORIENTED_EDGE('',*,*,#2912,.T.);
#3948=ORIENTED_EDGE('',*,*,#2915,.F.);
#3949=ORIENTED_EDGE('',*,*,#2916,.F.);
#3950=ORIENTED_EDGE('',*,*,#2917,.T.);
#3951=ORIENTED_EDGE('',*,*,#2918,.T.);
#3952=ORIENTED_EDGE('',*,*,#2919,.T.);
#3953=ORIENTED_EDGE('',*,*,#2920,.F.);
#3954=ORIENTED_EDGE('',*,*,#2921,.T.);
#3955=ORIENTED_EDGE('',*,*,#2916,.T.);
#3956=ORIENTED_EDGE('',*,*,#2922,.T.);
#3957=ORIENTED_EDGE('',*,*,#2923,.F.);
#3958=ORIENTED_EDGE('',*,*,#2924,.F.);
#3959=ORIENTED_EDGE('',*,*,#2925,.T.);
#3960=ORIENTED_EDGE('',*,*,#2926,.T.);
#3961=ORIENTED_EDGE('',*,*,#2920,.T.);
#3962=ORIENTED_EDGE('',*,*,#2927,.T.);
#3963=ORIENTED_EDGE('',*,*,#2928,.T.);
#3964=ORIENTED_EDGE('',*,*,#2929,.T.);
#3965=ORIENTED_EDGE('',*,*,#2930,.T.);
#3966=ORIENTED_EDGE('',*,*,#2931,.T.);
#3967=ORIENTED_EDGE('',*,*,#2930,.F.);
#3968=ORIENTED_EDGE('',*,*,#2931,.F.);
#3969=ORIENTED_EDGE('',*,*,#2932,.T.);
#3970=ORIENTED_EDGE('',*,*,#2933,.F.);
#3971=ORIENTED_EDGE('',*,*,#2934,.T.);
#3972=ORIENTED_EDGE('',*,*,#2928,.F.);
#3973=ORIENTED_EDGE('',*,*,#2929,.F.);
#3974=ORIENTED_EDGE('',*,*,#2934,.F.);
#3975=ORIENTED_EDGE('',*,*,#2935,.T.);
#3976=ORIENTED_EDGE('',*,*,#2936,.T.);
#3977=ORIENTED_EDGE('',*,*,#2937,.T.);
#3978=ORIENTED_EDGE('',*,*,#2938,.T.);
#3979=ORIENTED_EDGE('',*,*,#2936,.F.);
#3980=ORIENTED_EDGE('',*,*,#2935,.F.);
#3981=ORIENTED_EDGE('',*,*,#2939,.F.);
#3982=ORIENTED_EDGE('',*,*,#2940,.F.);
#3983=ORIENTED_EDGE('',*,*,#2937,.F.);
#3984=ORIENTED_EDGE('',*,*,#2938,.F.);
#3985=ORIENTED_EDGE('',*,*,#2941,.T.);
#3986=ORIENTED_EDGE('',*,*,#2942,.T.);
#3987=ORIENTED_EDGE('',*,*,#2941,.F.);
#3988=ORIENTED_EDGE('',*,*,#2939,.T.);
#3989=ORIENTED_EDGE('',*,*,#2943,.T.);
#3990=ORIENTED_EDGE('',*,*,#2944,.T.);
#3991=ORIENTED_EDGE('',*,*,#2945,.T.);
#3992=ORIENTED_EDGE('',*,*,#2943,.F.);
#3993=ORIENTED_EDGE('',*,*,#2944,.F.);
#3994=ORIENTED_EDGE('',*,*,#2945,.F.);
#3995=ORIENTED_EDGE('',*,*,#2946,.T.);
#3996=ORIENTED_EDGE('',*,*,#2947,.F.);
#3997=ORIENTED_EDGE('',*,*,#2946,.F.);
#3998=ORIENTED_EDGE('',*,*,#2940,.T.);
#3999=ORIENTED_EDGE('',*,*,#2948,.T.);
#4000=ORIENTED_EDGE('',*,*,#2949,.T.);
#4001=ORIENTED_EDGE('',*,*,#2950,.T.);
#4002=ORIENTED_EDGE('',*,*,#2948,.F.);
#4003=ORIENTED_EDGE('',*,*,#2949,.F.);
#4004=ORIENTED_EDGE('',*,*,#2950,.F.);
#4005=ORIENTED_EDGE('',*,*,#2951,.T.);
#4006=ORIENTED_EDGE('',*,*,#2952,.F.);
#4007=ORIENTED_EDGE('',*,*,#2951,.F.);
#4008=ORIENTED_EDGE('',*,*,#2952,.T.);
#4009=ORIENTED_EDGE('',*,*,#2953,.T.);
#4010=ORIENTED_EDGE('',*,*,#2953,.F.);
#4011=ORIENTED_EDGE('',*,*,#2947,.T.);
#4012=ORIENTED_EDGE('',*,*,#2954,.T.);
#4013=ORIENTED_EDGE('',*,*,#2954,.F.);
#4014=ORIENTED_EDGE('',*,*,#2955,.F.);
#4015=ORIENTED_EDGE('',*,*,#2956,.F.);
#4016=ORIENTED_EDGE('',*,*,#2957,.F.);
#4017=ORIENTED_EDGE('',*,*,#2958,.F.);
#4018=ORIENTED_EDGE('',*,*,#2927,.F.);
#4019=ORIENTED_EDGE('',*,*,#2922,.F.);
#4020=ORIENTED_EDGE('',*,*,#2919,.F.);
#4021=ORIENTED_EDGE('',*,*,#2959,.F.);
#4022=ORIENTED_EDGE('',*,*,#2917,.F.);
#4023=ORIENTED_EDGE('',*,*,#2921,.F.);
#4024=ORIENTED_EDGE('',*,*,#2926,.F.);
#4025=ORIENTED_EDGE('',*,*,#2960,.F.);
#4026=ORIENTED_EDGE('',*,*,#2956,.T.);
#4027=ORIENTED_EDGE('',*,*,#2957,.T.);
#4028=ORIENTED_EDGE('',*,*,#2960,.T.);
#4029=ORIENTED_EDGE('',*,*,#2925,.F.);
#4030=ORIENTED_EDGE('',*,*,#2955,.T.);
#4031=ORIENTED_EDGE('',*,*,#2918,.F.);
#4032=ORIENTED_EDGE('',*,*,#2959,.T.);
#4033=ORIENTED_EDGE('',*,*,#2923,.T.);
#4034=ORIENTED_EDGE('',*,*,#2958,.T.);
#4035=ORIENTED_EDGE('',*,*,#2961,.F.);
#4036=ORIENTED_EDGE('',*,*,#2962,.F.);
#4037=ORIENTED_EDGE('',*,*,#2924,.T.);
#4038=ORIENTED_EDGE('',*,*,#2961,.T.);
#4039=ORIENTED_EDGE('',*,*,#2932,.F.);
#4040=ORIENTED_EDGE('',*,*,#2963,.T.);
#4041=ORIENTED_EDGE('',*,*,#2962,.T.);
#4042=ORIENTED_EDGE('',*,*,#2963,.F.);
#4043=ORIENTED_EDGE('',*,*,#2942,.F.);
#4044=ORIENTED_EDGE('',*,*,#2933,.T.);
#4045=ORIENTED_EDGE('',*,*,#2964,.T.);
#4046=ORIENTED_EDGE('',*,*,#2965,.T.);
#4047=ORIENTED_EDGE('',*,*,#2966,.T.);
#4048=ORIENTED_EDGE('',*,*,#2967,.T.);
#4049=ORIENTED_EDGE('',*,*,#2966,.F.);
#4050=ORIENTED_EDGE('',*,*,#2968,.F.);
#4051=ORIENTED_EDGE('',*,*,#2969,.F.);
#4052=ORIENTED_EDGE('',*,*,#2970,.F.);
#4053=ORIENTED_EDGE('',*,*,#2971,.F.);
#4054=ORIENTED_EDGE('',*,*,#2965,.F.);
#4055=ORIENTED_EDGE('',*,*,#2972,.T.);
#4056=ORIENTED_EDGE('',*,*,#2973,.T.);
#4057=ORIENTED_EDGE('',*,*,#2974,.T.);
#4058=ORIENTED_EDGE('',*,*,#2975,.F.);
#4059=ORIENTED_EDGE('',*,*,#2976,.T.);
#4060=ORIENTED_EDGE('',*,*,#2977,.T.);
#4061=ORIENTED_EDGE('',*,*,#2978,.T.);
#4062=ORIENTED_EDGE('',*,*,#2979,.F.);
#4063=ORIENTED_EDGE('',*,*,#2980,.T.);
#4064=ORIENTED_EDGE('',*,*,#2981,.T.);
#4065=ORIENTED_EDGE('',*,*,#2982,.T.);
#4066=ORIENTED_EDGE('',*,*,#2983,.F.);
#4067=ORIENTED_EDGE('',*,*,#2984,.T.);
#4068=ORIENTED_EDGE('',*,*,#2985,.T.);
#4069=ORIENTED_EDGE('',*,*,#2986,.T.);
#4070=ORIENTED_EDGE('',*,*,#2987,.F.);
#4071=ORIENTED_EDGE('',*,*,#2988,.T.);
#4072=ORIENTED_EDGE('',*,*,#2989,.T.);
#4073=ORIENTED_EDGE('',*,*,#2990,.T.);
#4074=ORIENTED_EDGE('',*,*,#2991,.F.);
#4075=ORIENTED_EDGE('',*,*,#2992,.T.);
#4076=ORIENTED_EDGE('',*,*,#2993,.T.);
#4077=ORIENTED_EDGE('',*,*,#2994,.T.);
#4078=ORIENTED_EDGE('',*,*,#2995,.F.);
#4079=ORIENTED_EDGE('',*,*,#2996,.T.);
#4080=ORIENTED_EDGE('',*,*,#2997,.T.);
#4081=ORIENTED_EDGE('',*,*,#2998,.T.);
#4082=ORIENTED_EDGE('',*,*,#2999,.F.);
#4083=ORIENTED_EDGE('',*,*,#3000,.T.);
#4084=ORIENTED_EDGE('',*,*,#3001,.T.);
#4085=ORIENTED_EDGE('',*,*,#3002,.T.);
#4086=ORIENTED_EDGE('',*,*,#3003,.F.);
#4087=ORIENTED_EDGE('',*,*,#3004,.T.);
#4088=ORIENTED_EDGE('',*,*,#3005,.T.);
#4089=ORIENTED_EDGE('',*,*,#3006,.T.);
#4090=ORIENTED_EDGE('',*,*,#3007,.F.);
#4091=ORIENTED_EDGE('',*,*,#3008,.T.);
#4092=ORIENTED_EDGE('',*,*,#3009,.T.);
#4093=ORIENTED_EDGE('',*,*,#3010,.T.);
#4094=ORIENTED_EDGE('',*,*,#3011,.F.);
#4095=ORIENTED_EDGE('',*,*,#3012,.T.);
#4096=ORIENTED_EDGE('',*,*,#3013,.T.);
#4097=ORIENTED_EDGE('',*,*,#3014,.T.);
#4098=ORIENTED_EDGE('',*,*,#3015,.F.);
#4099=ORIENTED_EDGE('',*,*,#3016,.T.);
#4100=ORIENTED_EDGE('',*,*,#3017,.T.);
#4101=ORIENTED_EDGE('',*,*,#3018,.T.);
#4102=ORIENTED_EDGE('',*,*,#3019,.F.);
#4103=ORIENTED_EDGE('',*,*,#3020,.T.);
#4104=ORIENTED_EDGE('',*,*,#3021,.T.);
#4105=ORIENTED_EDGE('',*,*,#3022,.T.);
#4106=ORIENTED_EDGE('',*,*,#3023,.F.);
#4107=ORIENTED_EDGE('',*,*,#3024,.T.);
#4108=ORIENTED_EDGE('',*,*,#3025,.T.);
#4109=ORIENTED_EDGE('',*,*,#3026,.T.);
#4110=ORIENTED_EDGE('',*,*,#3027,.F.);
#4111=ORIENTED_EDGE('',*,*,#3028,.T.);
#4112=ORIENTED_EDGE('',*,*,#3029,.T.);
#4113=ORIENTED_EDGE('',*,*,#3030,.T.);
#4114=ORIENTED_EDGE('',*,*,#3031,.F.);
#4115=ORIENTED_EDGE('',*,*,#3032,.T.);
#4116=ORIENTED_EDGE('',*,*,#3033,.T.);
#4117=ORIENTED_EDGE('',*,*,#2968,.T.);
#4118=ORIENTED_EDGE('',*,*,#3034,.T.);
#4119=ORIENTED_EDGE('',*,*,#3031,.T.);
#4120=ORIENTED_EDGE('',*,*,#3035,.T.);
#4121=ORIENTED_EDGE('',*,*,#3036,.T.);
#4122=ORIENTED_EDGE('',*,*,#3035,.F.);
#4123=ORIENTED_EDGE('',*,*,#3030,.F.);
#4124=ORIENTED_EDGE('',*,*,#3037,.F.);
#4125=ORIENTED_EDGE('',*,*,#3038,.F.);
#4126=ORIENTED_EDGE('',*,*,#3039,.F.);
#4127=ORIENTED_EDGE('',*,*,#3040,.T.);
#4128=ORIENTED_EDGE('',*,*,#3027,.T.);
#4129=ORIENTED_EDGE('',*,*,#3041,.T.);
#4130=ORIENTED_EDGE('',*,*,#3042,.T.);
#4131=ORIENTED_EDGE('',*,*,#3041,.F.);
#4132=ORIENTED_EDGE('',*,*,#3026,.F.);
#4133=ORIENTED_EDGE('',*,*,#3043,.F.);
#4134=ORIENTED_EDGE('',*,*,#3044,.F.);
#4135=ORIENTED_EDGE('',*,*,#3045,.F.);
#4136=ORIENTED_EDGE('',*,*,#3046,.T.);
#4137=ORIENTED_EDGE('',*,*,#3023,.T.);
#4138=ORIENTED_EDGE('',*,*,#3047,.T.);
#4139=ORIENTED_EDGE('',*,*,#3048,.T.);
#4140=ORIENTED_EDGE('',*,*,#3047,.F.);
#4141=ORIENTED_EDGE('',*,*,#3022,.F.);
#4142=ORIENTED_EDGE('',*,*,#3049,.F.);
#4143=ORIENTED_EDGE('',*,*,#3050,.F.);
#4144=ORIENTED_EDGE('',*,*,#3051,.F.);
#4145=ORIENTED_EDGE('',*,*,#3052,.T.);
#4146=ORIENTED_EDGE('',*,*,#3019,.T.);
#4147=ORIENTED_EDGE('',*,*,#3053,.T.);
#4148=ORIENTED_EDGE('',*,*,#3054,.T.);
#4149=ORIENTED_EDGE('',*,*,#3053,.F.);
#4150=ORIENTED_EDGE('',*,*,#3018,.F.);
#4151=ORIENTED_EDGE('',*,*,#3055,.F.);
#4152=ORIENTED_EDGE('',*,*,#3056,.F.);
#4153=ORIENTED_EDGE('',*,*,#3057,.F.);
#4154=ORIENTED_EDGE('',*,*,#3058,.T.);
#4155=ORIENTED_EDGE('',*,*,#3015,.T.);
#4156=ORIENTED_EDGE('',*,*,#3059,.T.);
#4157=ORIENTED_EDGE('',*,*,#3060,.T.);
#4158=ORIENTED_EDGE('',*,*,#3059,.F.);
#4159=ORIENTED_EDGE('',*,*,#3014,.F.);
#4160=ORIENTED_EDGE('',*,*,#3061,.F.);
#4161=ORIENTED_EDGE('',*,*,#3062,.F.);
#4162=ORIENTED_EDGE('',*,*,#3063,.F.);
#4163=ORIENTED_EDGE('',*,*,#3064,.T.);
#4164=ORIENTED_EDGE('',*,*,#3011,.T.);
#4165=ORIENTED_EDGE('',*,*,#3065,.T.);
#4166=ORIENTED_EDGE('',*,*,#3066,.T.);
#4167=ORIENTED_EDGE('',*,*,#3065,.F.);
#4168=ORIENTED_EDGE('',*,*,#3010,.F.);
#4169=ORIENTED_EDGE('',*,*,#3067,.F.);
#4170=ORIENTED_EDGE('',*,*,#3068,.F.);
#4171=ORIENTED_EDGE('',*,*,#3069,.F.);
#4172=ORIENTED_EDGE('',*,*,#3070,.T.);
#4173=ORIENTED_EDGE('',*,*,#3007,.T.);
#4174=ORIENTED_EDGE('',*,*,#3071,.T.);
#4175=ORIENTED_EDGE('',*,*,#3072,.T.);
#4176=ORIENTED_EDGE('',*,*,#3071,.F.);
#4177=ORIENTED_EDGE('',*,*,#3006,.F.);
#4178=ORIENTED_EDGE('',*,*,#3073,.F.);
#4179=ORIENTED_EDGE('',*,*,#3074,.F.);
#4180=ORIENTED_EDGE('',*,*,#3075,.F.);
#4181=ORIENTED_EDGE('',*,*,#3076,.T.);
#4182=ORIENTED_EDGE('',*,*,#3003,.T.);
#4183=ORIENTED_EDGE('',*,*,#3077,.T.);
#4184=ORIENTED_EDGE('',*,*,#3078,.T.);
#4185=ORIENTED_EDGE('',*,*,#3077,.F.);
#4186=ORIENTED_EDGE('',*,*,#3002,.F.);
#4187=ORIENTED_EDGE('',*,*,#3079,.F.);
#4188=ORIENTED_EDGE('',*,*,#3080,.F.);
#4189=ORIENTED_EDGE('',*,*,#3081,.F.);
#4190=ORIENTED_EDGE('',*,*,#3082,.T.);
#4191=ORIENTED_EDGE('',*,*,#2999,.T.);
#4192=ORIENTED_EDGE('',*,*,#3083,.T.);
#4193=ORIENTED_EDGE('',*,*,#3084,.T.);
#4194=ORIENTED_EDGE('',*,*,#3084,.F.);
#4195=ORIENTED_EDGE('',*,*,#3085,.T.);
#4196=ORIENTED_EDGE('',*,*,#3086,.F.);
#4197=ORIENTED_EDGE('',*,*,#3087,.T.);
#4198=ORIENTED_EDGE('',*,*,#3083,.F.);
#4199=ORIENTED_EDGE('',*,*,#2998,.F.);
#4200=ORIENTED_EDGE('',*,*,#3088,.F.);
#4201=ORIENTED_EDGE('',*,*,#3089,.F.);
#4202=ORIENTED_EDGE('',*,*,#3085,.F.);
#4203=ORIENTED_EDGE('',*,*,#3090,.T.);
#4204=ORIENTED_EDGE('',*,*,#2995,.T.);
#4205=ORIENTED_EDGE('',*,*,#3091,.T.);
#4206=ORIENTED_EDGE('',*,*,#3092,.T.);
#4207=ORIENTED_EDGE('',*,*,#3092,.F.);
#4208=ORIENTED_EDGE('',*,*,#3093,.T.);
#4209=ORIENTED_EDGE('',*,*,#3094,.F.);
#4210=ORIENTED_EDGE('',*,*,#3095,.T.);
#4211=ORIENTED_EDGE('',*,*,#3091,.F.);
#4212=ORIENTED_EDGE('',*,*,#2994,.F.);
#4213=ORIENTED_EDGE('',*,*,#3096,.F.);
#4214=ORIENTED_EDGE('',*,*,#3097,.F.);
#4215=ORIENTED_EDGE('',*,*,#3093,.F.);
#4216=ORIENTED_EDGE('',*,*,#3098,.T.);
#4217=ORIENTED_EDGE('',*,*,#2991,.T.);
#4218=ORIENTED_EDGE('',*,*,#3099,.T.);
#4219=ORIENTED_EDGE('',*,*,#3100,.T.);
#4220=ORIENTED_EDGE('',*,*,#3100,.F.);
#4221=ORIENTED_EDGE('',*,*,#3101,.T.);
#4222=ORIENTED_EDGE('',*,*,#3102,.F.);
#4223=ORIENTED_EDGE('',*,*,#3103,.T.);
#4224=ORIENTED_EDGE('',*,*,#3099,.F.);
#4225=ORIENTED_EDGE('',*,*,#2990,.F.);
#4226=ORIENTED_EDGE('',*,*,#3104,.F.);
#4227=ORIENTED_EDGE('',*,*,#3105,.F.);
#4228=ORIENTED_EDGE('',*,*,#3101,.F.);
#4229=ORIENTED_EDGE('',*,*,#3106,.T.);
#4230=ORIENTED_EDGE('',*,*,#2987,.T.);
#4231=ORIENTED_EDGE('',*,*,#3107,.T.);
#4232=ORIENTED_EDGE('',*,*,#3108,.T.);
#4233=ORIENTED_EDGE('',*,*,#3108,.F.);
#4234=ORIENTED_EDGE('',*,*,#3109,.T.);
#4235=ORIENTED_EDGE('',*,*,#3110,.F.);
#4236=ORIENTED_EDGE('',*,*,#3111,.T.);
#4237=ORIENTED_EDGE('',*,*,#3107,.F.);
#4238=ORIENTED_EDGE('',*,*,#2986,.F.);
#4239=ORIENTED_EDGE('',*,*,#3112,.F.);
#4240=ORIENTED_EDGE('',*,*,#3113,.F.);
#4241=ORIENTED_EDGE('',*,*,#3109,.F.);
#4242=ORIENTED_EDGE('',*,*,#3114,.T.);
#4243=ORIENTED_EDGE('',*,*,#2983,.T.);
#4244=ORIENTED_EDGE('',*,*,#3115,.T.);
#4245=ORIENTED_EDGE('',*,*,#3116,.T.);
#4246=ORIENTED_EDGE('',*,*,#3116,.F.);
#4247=ORIENTED_EDGE('',*,*,#3117,.T.);
#4248=ORIENTED_EDGE('',*,*,#3118,.F.);
#4249=ORIENTED_EDGE('',*,*,#3119,.T.);
#4250=ORIENTED_EDGE('',*,*,#3115,.F.);
#4251=ORIENTED_EDGE('',*,*,#2982,.F.);
#4252=ORIENTED_EDGE('',*,*,#3120,.F.);
#4253=ORIENTED_EDGE('',*,*,#3121,.F.);
#4254=ORIENTED_EDGE('',*,*,#3117,.F.);
#4255=ORIENTED_EDGE('',*,*,#3122,.T.);
#4256=ORIENTED_EDGE('',*,*,#2979,.T.);
#4257=ORIENTED_EDGE('',*,*,#3123,.T.);
#4258=ORIENTED_EDGE('',*,*,#3124,.T.);
#4259=ORIENTED_EDGE('',*,*,#3124,.F.);
#4260=ORIENTED_EDGE('',*,*,#3125,.T.);
#4261=ORIENTED_EDGE('',*,*,#3126,.F.);
#4262=ORIENTED_EDGE('',*,*,#3127,.T.);
#4263=ORIENTED_EDGE('',*,*,#3123,.F.);
#4264=ORIENTED_EDGE('',*,*,#2978,.F.);
#4265=ORIENTED_EDGE('',*,*,#3128,.F.);
#4266=ORIENTED_EDGE('',*,*,#3129,.F.);
#4267=ORIENTED_EDGE('',*,*,#3125,.F.);
#4268=ORIENTED_EDGE('',*,*,#3130,.T.);
#4269=ORIENTED_EDGE('',*,*,#2975,.T.);
#4270=ORIENTED_EDGE('',*,*,#3131,.T.);
#4271=ORIENTED_EDGE('',*,*,#3132,.T.);
#4272=ORIENTED_EDGE('',*,*,#3132,.F.);
#4273=ORIENTED_EDGE('',*,*,#3133,.T.);
#4274=ORIENTED_EDGE('',*,*,#3134,.F.);
#4275=ORIENTED_EDGE('',*,*,#3135,.T.);
#4276=ORIENTED_EDGE('',*,*,#3131,.F.);
#4277=ORIENTED_EDGE('',*,*,#2974,.F.);
#4278=ORIENTED_EDGE('',*,*,#3136,.F.);
#4279=ORIENTED_EDGE('',*,*,#3137,.F.);
#4280=ORIENTED_EDGE('',*,*,#3133,.F.);
#4281=ORIENTED_EDGE('',*,*,#2997,.F.);
#4282=ORIENTED_EDGE('',*,*,#3138,.F.);
#4283=ORIENTED_EDGE('',*,*,#3139,.F.);
#4284=ORIENTED_EDGE('',*,*,#3088,.T.);
#4285=ORIENTED_EDGE('',*,*,#3090,.F.);
#4286=ORIENTED_EDGE('',*,*,#3095,.F.);
#4287=ORIENTED_EDGE('',*,*,#3140,.F.);
#4288=ORIENTED_EDGE('',*,*,#3138,.T.);
#4289=ORIENTED_EDGE('',*,*,#2996,.F.);
#4290=ORIENTED_EDGE('',*,*,#3098,.F.);
#4291=ORIENTED_EDGE('',*,*,#3103,.F.);
#4292=ORIENTED_EDGE('',*,*,#3141,.F.);
#4293=ORIENTED_EDGE('',*,*,#3142,.T.);
#4294=ORIENTED_EDGE('',*,*,#2992,.F.);
#4295=ORIENTED_EDGE('',*,*,#2993,.F.);
#4296=ORIENTED_EDGE('',*,*,#3142,.F.);
#4297=ORIENTED_EDGE('',*,*,#3143,.F.);
#4298=ORIENTED_EDGE('',*,*,#3096,.T.);
#4299=ORIENTED_EDGE('',*,*,#2989,.F.);
#4300=ORIENTED_EDGE('',*,*,#3144,.F.);
#4301=ORIENTED_EDGE('',*,*,#3145,.F.);
#4302=ORIENTED_EDGE('',*,*,#3104,.T.);
#4303=ORIENTED_EDGE('',*,*,#3106,.F.);
#4304=ORIENTED_EDGE('',*,*,#3111,.F.);
#4305=ORIENTED_EDGE('',*,*,#3146,.F.);
#4306=ORIENTED_EDGE('',*,*,#3144,.T.);
#4307=ORIENTED_EDGE('',*,*,#2988,.F.);
#4308=ORIENTED_EDGE('',*,*,#3114,.F.);
#4309=ORIENTED_EDGE('',*,*,#3119,.F.);
#4310=ORIENTED_EDGE('',*,*,#3147,.F.);
#4311=ORIENTED_EDGE('',*,*,#3148,.T.);
#4312=ORIENTED_EDGE('',*,*,#2984,.F.);
#4313=ORIENTED_EDGE('',*,*,#2985,.F.);
#4314=ORIENTED_EDGE('',*,*,#3148,.F.);
#4315=ORIENTED_EDGE('',*,*,#3149,.F.);
#4316=ORIENTED_EDGE('',*,*,#3112,.T.);
#4317=ORIENTED_EDGE('',*,*,#2981,.F.);
#4318=ORIENTED_EDGE('',*,*,#3150,.F.);
#4319=ORIENTED_EDGE('',*,*,#3151,.F.);
#4320=ORIENTED_EDGE('',*,*,#3120,.T.);
#4321=ORIENTED_EDGE('',*,*,#3122,.F.);
#4322=ORIENTED_EDGE('',*,*,#3127,.F.);
#4323=ORIENTED_EDGE('',*,*,#3152,.F.);
#4324=ORIENTED_EDGE('',*,*,#3150,.T.);
#4325=ORIENTED_EDGE('',*,*,#2980,.F.);
#4326=ORIENTED_EDGE('',*,*,#3130,.F.);
#4327=ORIENTED_EDGE('',*,*,#3135,.F.);
#4328=ORIENTED_EDGE('',*,*,#3153,.F.);
#4329=ORIENTED_EDGE('',*,*,#3154,.T.);
#4330=ORIENTED_EDGE('',*,*,#2976,.F.);
#4331=ORIENTED_EDGE('',*,*,#2977,.F.);
#4332=ORIENTED_EDGE('',*,*,#3154,.F.);
#4333=ORIENTED_EDGE('',*,*,#3155,.F.);
#4334=ORIENTED_EDGE('',*,*,#3128,.T.);
#4335=ORIENTED_EDGE('',*,*,#2973,.F.);
#4336=ORIENTED_EDGE('',*,*,#3156,.F.);
#4337=ORIENTED_EDGE('',*,*,#3157,.F.);
#4338=ORIENTED_EDGE('',*,*,#3136,.T.);
#4339=ORIENTED_EDGE('',*,*,#2964,.F.);
#4340=ORIENTED_EDGE('',*,*,#3158,.F.);
#4341=ORIENTED_EDGE('',*,*,#3159,.F.);
#4342=ORIENTED_EDGE('',*,*,#3156,.T.);
#4343=ORIENTED_EDGE('',*,*,#2972,.F.);
#4344=ORIENTED_EDGE('',*,*,#3034,.F.);
#4345=ORIENTED_EDGE('',*,*,#3160,.F.);
#4346=ORIENTED_EDGE('',*,*,#3161,.F.);
#4347=ORIENTED_EDGE('',*,*,#3162,.T.);
#4348=ORIENTED_EDGE('',*,*,#3032,.F.);
#4349=ORIENTED_EDGE('',*,*,#3033,.F.);
#4350=ORIENTED_EDGE('',*,*,#3162,.F.);
#4351=ORIENTED_EDGE('',*,*,#3163,.F.);
#4352=ORIENTED_EDGE('',*,*,#2969,.T.);
#4353=ORIENTED_EDGE('',*,*,#3029,.F.);
#4354=ORIENTED_EDGE('',*,*,#3164,.F.);
#4355=ORIENTED_EDGE('',*,*,#3165,.F.);
#4356=ORIENTED_EDGE('',*,*,#3037,.T.);
#4357=ORIENTED_EDGE('',*,*,#3040,.F.);
#4358=ORIENTED_EDGE('',*,*,#3166,.F.);
#4359=ORIENTED_EDGE('',*,*,#3167,.F.);
#4360=ORIENTED_EDGE('',*,*,#3164,.T.);
#4361=ORIENTED_EDGE('',*,*,#3028,.F.);
#4362=ORIENTED_EDGE('',*,*,#3046,.F.);
#4363=ORIENTED_EDGE('',*,*,#3168,.F.);
#4364=ORIENTED_EDGE('',*,*,#3169,.F.);
#4365=ORIENTED_EDGE('',*,*,#3170,.T.);
#4366=ORIENTED_EDGE('',*,*,#3024,.F.);
#4367=ORIENTED_EDGE('',*,*,#3025,.F.);
#4368=ORIENTED_EDGE('',*,*,#3170,.F.);
#4369=ORIENTED_EDGE('',*,*,#3171,.F.);
#4370=ORIENTED_EDGE('',*,*,#3043,.T.);
#4371=ORIENTED_EDGE('',*,*,#3021,.F.);
#4372=ORIENTED_EDGE('',*,*,#3172,.F.);
#4373=ORIENTED_EDGE('',*,*,#3173,.F.);
#4374=ORIENTED_EDGE('',*,*,#3049,.T.);
#4375=ORIENTED_EDGE('',*,*,#3052,.F.);
#4376=ORIENTED_EDGE('',*,*,#3174,.F.);
#4377=ORIENTED_EDGE('',*,*,#3175,.F.);
#4378=ORIENTED_EDGE('',*,*,#3172,.T.);
#4379=ORIENTED_EDGE('',*,*,#3020,.F.);
#4380=ORIENTED_EDGE('',*,*,#3058,.F.);
#4381=ORIENTED_EDGE('',*,*,#3176,.F.);
#4382=ORIENTED_EDGE('',*,*,#3177,.F.);
#4383=ORIENTED_EDGE('',*,*,#3178,.T.);
#4384=ORIENTED_EDGE('',*,*,#3016,.F.);
#4385=ORIENTED_EDGE('',*,*,#3017,.F.);
#4386=ORIENTED_EDGE('',*,*,#3178,.F.);
#4387=ORIENTED_EDGE('',*,*,#3179,.F.);
#4388=ORIENTED_EDGE('',*,*,#3055,.T.);
#4389=ORIENTED_EDGE('',*,*,#3013,.F.);
#4390=ORIENTED_EDGE('',*,*,#3180,.F.);
#4391=ORIENTED_EDGE('',*,*,#3181,.F.);
#4392=ORIENTED_EDGE('',*,*,#3061,.T.);
#4393=ORIENTED_EDGE('',*,*,#3064,.F.);
#4394=ORIENTED_EDGE('',*,*,#3182,.F.);
#4395=ORIENTED_EDGE('',*,*,#3183,.F.);
#4396=ORIENTED_EDGE('',*,*,#3180,.T.);
#4397=ORIENTED_EDGE('',*,*,#3012,.F.);
#4398=ORIENTED_EDGE('',*,*,#3070,.F.);
#4399=ORIENTED_EDGE('',*,*,#3184,.F.);
#4400=ORIENTED_EDGE('',*,*,#3185,.F.);
#4401=ORIENTED_EDGE('',*,*,#3186,.T.);
#4402=ORIENTED_EDGE('',*,*,#3008,.F.);
#4403=ORIENTED_EDGE('',*,*,#3009,.F.);
#4404=ORIENTED_EDGE('',*,*,#3186,.F.);
#4405=ORIENTED_EDGE('',*,*,#3187,.F.);
#4406=ORIENTED_EDGE('',*,*,#3067,.T.);
#4407=ORIENTED_EDGE('',*,*,#3072,.F.);
#4408=ORIENTED_EDGE('',*,*,#3075,.T.);
#4409=ORIENTED_EDGE('',*,*,#3188,.F.);
#4410=ORIENTED_EDGE('',*,*,#3184,.T.);
#4411=ORIENTED_EDGE('',*,*,#3066,.F.);
#4412=ORIENTED_EDGE('',*,*,#3069,.T.);
#4413=ORIENTED_EDGE('',*,*,#3189,.F.);
#4414=ORIENTED_EDGE('',*,*,#3182,.T.);
#4415=ORIENTED_EDGE('',*,*,#3060,.F.);
#4416=ORIENTED_EDGE('',*,*,#3063,.T.);
#4417=ORIENTED_EDGE('',*,*,#3190,.F.);
#4418=ORIENTED_EDGE('',*,*,#3176,.T.);
#4419=ORIENTED_EDGE('',*,*,#3054,.F.);
#4420=ORIENTED_EDGE('',*,*,#3057,.T.);
#4421=ORIENTED_EDGE('',*,*,#3191,.F.);
#4422=ORIENTED_EDGE('',*,*,#3174,.T.);
#4423=ORIENTED_EDGE('',*,*,#3048,.F.);
#4424=ORIENTED_EDGE('',*,*,#3051,.T.);
#4425=ORIENTED_EDGE('',*,*,#3192,.F.);
#4426=ORIENTED_EDGE('',*,*,#3168,.T.);
#4427=ORIENTED_EDGE('',*,*,#3042,.F.);
#4428=ORIENTED_EDGE('',*,*,#3045,.T.);
#4429=ORIENTED_EDGE('',*,*,#3193,.F.);
#4430=ORIENTED_EDGE('',*,*,#3166,.T.);
#4431=ORIENTED_EDGE('',*,*,#3036,.F.);
#4432=ORIENTED_EDGE('',*,*,#3039,.T.);
#4433=ORIENTED_EDGE('',*,*,#3194,.F.);
#4434=ORIENTED_EDGE('',*,*,#3160,.T.);
#4435=ORIENTED_EDGE('',*,*,#2967,.F.);
#4436=ORIENTED_EDGE('',*,*,#2971,.T.);
#4437=ORIENTED_EDGE('',*,*,#3195,.F.);
#4438=ORIENTED_EDGE('',*,*,#3158,.T.);
#4439=ORIENTED_EDGE('',*,*,#3005,.F.);
#4440=ORIENTED_EDGE('',*,*,#3196,.F.);
#4441=ORIENTED_EDGE('',*,*,#3197,.F.);
#4442=ORIENTED_EDGE('',*,*,#3073,.T.);
#4443=ORIENTED_EDGE('',*,*,#3076,.F.);
#4444=ORIENTED_EDGE('',*,*,#3198,.F.);
#4445=ORIENTED_EDGE('',*,*,#3199,.F.);
#4446=ORIENTED_EDGE('',*,*,#3196,.T.);
#4447=ORIENTED_EDGE('',*,*,#3004,.F.);
#4448=ORIENTED_EDGE('',*,*,#3001,.F.);
#4449=ORIENTED_EDGE('',*,*,#3200,.F.);
#4450=ORIENTED_EDGE('',*,*,#3201,.F.);
#4451=ORIENTED_EDGE('',*,*,#3079,.T.);
#4452=ORIENTED_EDGE('',*,*,#3082,.F.);
#4453=ORIENTED_EDGE('',*,*,#3087,.F.);
#4454=ORIENTED_EDGE('',*,*,#3202,.F.);
#4455=ORIENTED_EDGE('',*,*,#3200,.T.);
#4456=ORIENTED_EDGE('',*,*,#3000,.F.);
#4457=ORIENTED_EDGE('',*,*,#3203,.F.);
#4458=ORIENTED_EDGE('',*,*,#3204,.T.);
#4459=ORIENTED_EDGE('',*,*,#3205,.T.);
#4460=ORIENTED_EDGE('',*,*,#3206,.T.);
#4461=ORIENTED_EDGE('',*,*,#3203,.T.);
#4462=ORIENTED_EDGE('',*,*,#3207,.F.);
#4463=ORIENTED_EDGE('',*,*,#3208,.T.);
#4464=ORIENTED_EDGE('',*,*,#3209,.F.);
#4465=ORIENTED_EDGE('',*,*,#3210,.T.);
#4466=ORIENTED_EDGE('',*,*,#3211,.F.);
#4467=ORIENTED_EDGE('',*,*,#3212,.T.);
#4468=ORIENTED_EDGE('',*,*,#3213,.F.);
#4469=ORIENTED_EDGE('',*,*,#3206,.F.);
#4470=ORIENTED_EDGE('',*,*,#3214,.F.);
#4471=ORIENTED_EDGE('',*,*,#3215,.F.);
#4472=ORIENTED_EDGE('',*,*,#3207,.T.);
#4473=ORIENTED_EDGE('',*,*,#3208,.F.);
#4474=ORIENTED_EDGE('',*,*,#3215,.T.);
#4475=ORIENTED_EDGE('',*,*,#3216,.F.);
#4476=ORIENTED_EDGE('',*,*,#3217,.T.);
#4477=ORIENTED_EDGE('',*,*,#3210,.F.);
#4478=ORIENTED_EDGE('',*,*,#3218,.T.);
#4479=ORIENTED_EDGE('',*,*,#3219,.F.);
#4480=ORIENTED_EDGE('',*,*,#3220,.T.);
#4481=ORIENTED_EDGE('',*,*,#3220,.F.);
#4482=ORIENTED_EDGE('',*,*,#3221,.F.);
#4483=ORIENTED_EDGE('',*,*,#3222,.F.);
#4484=ORIENTED_EDGE('',*,*,#3211,.T.);
#4485=ORIENTED_EDGE('',*,*,#3212,.F.);
#4486=ORIENTED_EDGE('',*,*,#3222,.T.);
#4487=ORIENTED_EDGE('',*,*,#3223,.T.);
#4488=ORIENTED_EDGE('',*,*,#3224,.T.);
#4489=ORIENTED_EDGE('',*,*,#3204,.F.);
#4490=ORIENTED_EDGE('',*,*,#3213,.T.);
#4491=ORIENTED_EDGE('',*,*,#3224,.F.);
#4492=ORIENTED_EDGE('',*,*,#3225,.F.);
#4493=ORIENTED_EDGE('',*,*,#3226,.F.);
#4494=ORIENTED_EDGE('',*,*,#3227,.T.);
#4495=ORIENTED_EDGE('',*,*,#3228,.T.);
#4496=ORIENTED_EDGE('',*,*,#3229,.T.);
#4497=ORIENTED_EDGE('',*,*,#3227,.F.);
#4498=ORIENTED_EDGE('',*,*,#3230,.T.);
#4499=ORIENTED_EDGE('',*,*,#3231,.F.);
#4500=ORIENTED_EDGE('',*,*,#3232,.F.);
#4501=ORIENTED_EDGE('',*,*,#3233,.F.);
#4502=ORIENTED_EDGE('',*,*,#3234,.T.);
#4503=ORIENTED_EDGE('',*,*,#3235,.F.);
#4504=ORIENTED_EDGE('',*,*,#3236,.T.);
#4505=ORIENTED_EDGE('',*,*,#3226,.T.);
#4506=ORIENTED_EDGE('',*,*,#3237,.F.);
#4507=ORIENTED_EDGE('',*,*,#3233,.T.);
#4508=ORIENTED_EDGE('',*,*,#3238,.F.);
#4509=ORIENTED_EDGE('',*,*,#3239,.T.);
#4510=ORIENTED_EDGE('',*,*,#3240,.F.);
#4511=ORIENTED_EDGE('',*,*,#3241,.T.);
#4512=ORIENTED_EDGE('',*,*,#3230,.F.);
#4513=ORIENTED_EDGE('',*,*,#3236,.F.);
#4514=ORIENTED_EDGE('',*,*,#3242,.F.);
#4515=ORIENTED_EDGE('',*,*,#3243,.F.);
#4516=ORIENTED_EDGE('',*,*,#3238,.T.);
#4517=ORIENTED_EDGE('',*,*,#3239,.F.);
#4518=ORIENTED_EDGE('',*,*,#3243,.T.);
#4519=ORIENTED_EDGE('',*,*,#3244,.F.);
#4520=ORIENTED_EDGE('',*,*,#3245,.T.);
#4521=ORIENTED_EDGE('',*,*,#3245,.F.);
#4522=ORIENTED_EDGE('',*,*,#3246,.F.);
#4523=ORIENTED_EDGE('',*,*,#3247,.F.);
#4524=ORIENTED_EDGE('',*,*,#3240,.T.);
#4525=ORIENTED_EDGE('',*,*,#3241,.F.);
#4526=ORIENTED_EDGE('',*,*,#3247,.T.);
#4527=ORIENTED_EDGE('',*,*,#3248,.T.);
#4528=ORIENTED_EDGE('',*,*,#3231,.T.);
#4529=ORIENTED_EDGE('',*,*,#3249,.F.);
#4530=ORIENTED_EDGE('',*,*,#3250,.T.);
#4531=ORIENTED_EDGE('',*,*,#3251,.T.);
#4532=ORIENTED_EDGE('',*,*,#3252,.T.);
#4533=ORIENTED_EDGE('',*,*,#3250,.F.);
#4534=ORIENTED_EDGE('',*,*,#3253,.T.);
#4535=ORIENTED_EDGE('',*,*,#3254,.F.);
#4536=ORIENTED_EDGE('',*,*,#3255,.F.);
#4537=ORIENTED_EDGE('',*,*,#3256,.F.);
#4538=ORIENTED_EDGE('',*,*,#3257,.T.);
#4539=ORIENTED_EDGE('',*,*,#3258,.F.);
#4540=ORIENTED_EDGE('',*,*,#3259,.T.);
#4541=ORIENTED_EDGE('',*,*,#3249,.T.);
#4542=ORIENTED_EDGE('',*,*,#3260,.F.);
#4543=ORIENTED_EDGE('',*,*,#3256,.T.);
#4544=ORIENTED_EDGE('',*,*,#3261,.F.);
#4545=ORIENTED_EDGE('',*,*,#3262,.T.);
#4546=ORIENTED_EDGE('',*,*,#3263,.F.);
#4547=ORIENTED_EDGE('',*,*,#3264,.T.);
#4548=ORIENTED_EDGE('',*,*,#3253,.F.);
#4549=ORIENTED_EDGE('',*,*,#3259,.F.);
#4550=ORIENTED_EDGE('',*,*,#3265,.F.);
#4551=ORIENTED_EDGE('',*,*,#3266,.F.);
#4552=ORIENTED_EDGE('',*,*,#3261,.T.);
#4553=ORIENTED_EDGE('',*,*,#3262,.F.);
#4554=ORIENTED_EDGE('',*,*,#3266,.T.);
#4555=ORIENTED_EDGE('',*,*,#3267,.F.);
#4556=ORIENTED_EDGE('',*,*,#3268,.T.);
#4557=ORIENTED_EDGE('',*,*,#3268,.F.);
#4558=ORIENTED_EDGE('',*,*,#3269,.F.);
#4559=ORIENTED_EDGE('',*,*,#3270,.F.);
#4560=ORIENTED_EDGE('',*,*,#3263,.T.);
#4561=ORIENTED_EDGE('',*,*,#3264,.F.);
#4562=ORIENTED_EDGE('',*,*,#3270,.T.);
#4563=ORIENTED_EDGE('',*,*,#3271,.T.);
#4564=ORIENTED_EDGE('',*,*,#3254,.T.);
#4565=ORIENTED_EDGE('',*,*,#3272,.F.);
#4566=ORIENTED_EDGE('',*,*,#3273,.T.);
#4567=ORIENTED_EDGE('',*,*,#3274,.T.);
#4568=ORIENTED_EDGE('',*,*,#3275,.T.);
#4569=ORIENTED_EDGE('',*,*,#3273,.F.);
#4570=ORIENTED_EDGE('',*,*,#3276,.T.);
#4571=ORIENTED_EDGE('',*,*,#3277,.F.);
#4572=ORIENTED_EDGE('',*,*,#3278,.F.);
#4573=ORIENTED_EDGE('',*,*,#3279,.F.);
#4574=ORIENTED_EDGE('',*,*,#3280,.T.);
#4575=ORIENTED_EDGE('',*,*,#3281,.F.);
#4576=ORIENTED_EDGE('',*,*,#3282,.T.);
#4577=ORIENTED_EDGE('',*,*,#3272,.T.);
#4578=ORIENTED_EDGE('',*,*,#3283,.F.);
#4579=ORIENTED_EDGE('',*,*,#3279,.T.);
#4580=ORIENTED_EDGE('',*,*,#3284,.F.);
#4581=ORIENTED_EDGE('',*,*,#3285,.T.);
#4582=ORIENTED_EDGE('',*,*,#3286,.F.);
#4583=ORIENTED_EDGE('',*,*,#3287,.T.);
#4584=ORIENTED_EDGE('',*,*,#3276,.F.);
#4585=ORIENTED_EDGE('',*,*,#3282,.F.);
#4586=ORIENTED_EDGE('',*,*,#3288,.F.);
#4587=ORIENTED_EDGE('',*,*,#3289,.F.);
#4588=ORIENTED_EDGE('',*,*,#3284,.T.);
#4589=ORIENTED_EDGE('',*,*,#3285,.F.);
#4590=ORIENTED_EDGE('',*,*,#3289,.T.);
#4591=ORIENTED_EDGE('',*,*,#3290,.F.);
#4592=ORIENTED_EDGE('',*,*,#3291,.T.);
#4593=ORIENTED_EDGE('',*,*,#3291,.F.);
#4594=ORIENTED_EDGE('',*,*,#3292,.F.);
#4595=ORIENTED_EDGE('',*,*,#3293,.F.);
#4596=ORIENTED_EDGE('',*,*,#3286,.T.);
#4597=ORIENTED_EDGE('',*,*,#3287,.F.);
#4598=ORIENTED_EDGE('',*,*,#3293,.T.);
#4599=ORIENTED_EDGE('',*,*,#3294,.T.);
#4600=ORIENTED_EDGE('',*,*,#3277,.T.);
#4601=ORIENTED_EDGE('',*,*,#3295,.F.);
#4602=ORIENTED_EDGE('',*,*,#3296,.T.);
#4603=ORIENTED_EDGE('',*,*,#3297,.T.);
#4604=ORIENTED_EDGE('',*,*,#3298,.T.);
#4605=ORIENTED_EDGE('',*,*,#3296,.F.);
#4606=ORIENTED_EDGE('',*,*,#3299,.T.);
#4607=ORIENTED_EDGE('',*,*,#3300,.F.);
#4608=ORIENTED_EDGE('',*,*,#3301,.F.);
#4609=ORIENTED_EDGE('',*,*,#3302,.F.);
#4610=ORIENTED_EDGE('',*,*,#3303,.T.);
#4611=ORIENTED_EDGE('',*,*,#3304,.F.);
#4612=ORIENTED_EDGE('',*,*,#3305,.T.);
#4613=ORIENTED_EDGE('',*,*,#3295,.T.);
#4614=ORIENTED_EDGE('',*,*,#3306,.F.);
#4615=ORIENTED_EDGE('',*,*,#3302,.T.);
#4616=ORIENTED_EDGE('',*,*,#3307,.F.);
#4617=ORIENTED_EDGE('',*,*,#3308,.T.);
#4618=ORIENTED_EDGE('',*,*,#3309,.F.);
#4619=ORIENTED_EDGE('',*,*,#3310,.T.);
#4620=ORIENTED_EDGE('',*,*,#3299,.F.);
#4621=ORIENTED_EDGE('',*,*,#3305,.F.);
#4622=ORIENTED_EDGE('',*,*,#3311,.F.);
#4623=ORIENTED_EDGE('',*,*,#3312,.F.);
#4624=ORIENTED_EDGE('',*,*,#3307,.T.);
#4625=ORIENTED_EDGE('',*,*,#3308,.F.);
#4626=ORIENTED_EDGE('',*,*,#3312,.T.);
#4627=ORIENTED_EDGE('',*,*,#3313,.F.);
#4628=ORIENTED_EDGE('',*,*,#3314,.T.);
#4629=ORIENTED_EDGE('',*,*,#3314,.F.);
#4630=ORIENTED_EDGE('',*,*,#3315,.F.);
#4631=ORIENTED_EDGE('',*,*,#3316,.F.);
#4632=ORIENTED_EDGE('',*,*,#3309,.T.);
#4633=ORIENTED_EDGE('',*,*,#3310,.F.);
#4634=ORIENTED_EDGE('',*,*,#3316,.T.);
#4635=ORIENTED_EDGE('',*,*,#3317,.T.);
#4636=ORIENTED_EDGE('',*,*,#3300,.T.);
#4637=ORIENTED_EDGE('',*,*,#3318,.F.);
#4638=ORIENTED_EDGE('',*,*,#3319,.T.);
#4639=ORIENTED_EDGE('',*,*,#3320,.T.);
#4640=ORIENTED_EDGE('',*,*,#3321,.T.);
#4641=ORIENTED_EDGE('',*,*,#3319,.F.);
#4642=ORIENTED_EDGE('',*,*,#3322,.T.);
#4643=ORIENTED_EDGE('',*,*,#3323,.F.);
#4644=ORIENTED_EDGE('',*,*,#3324,.F.);
#4645=ORIENTED_EDGE('',*,*,#3325,.F.);
#4646=ORIENTED_EDGE('',*,*,#3326,.T.);
#4647=ORIENTED_EDGE('',*,*,#3327,.F.);
#4648=ORIENTED_EDGE('',*,*,#3328,.T.);
#4649=ORIENTED_EDGE('',*,*,#3318,.T.);
#4650=ORIENTED_EDGE('',*,*,#3329,.F.);
#4651=ORIENTED_EDGE('',*,*,#3325,.T.);
#4652=ORIENTED_EDGE('',*,*,#3330,.F.);
#4653=ORIENTED_EDGE('',*,*,#3331,.T.);
#4654=ORIENTED_EDGE('',*,*,#3332,.F.);
#4655=ORIENTED_EDGE('',*,*,#3333,.T.);
#4656=ORIENTED_EDGE('',*,*,#3322,.F.);
#4657=ORIENTED_EDGE('',*,*,#3328,.F.);
#4658=ORIENTED_EDGE('',*,*,#3334,.F.);
#4659=ORIENTED_EDGE('',*,*,#3335,.F.);
#4660=ORIENTED_EDGE('',*,*,#3330,.T.);
#4661=ORIENTED_EDGE('',*,*,#3331,.F.);
#4662=ORIENTED_EDGE('',*,*,#3335,.T.);
#4663=ORIENTED_EDGE('',*,*,#3336,.F.);
#4664=ORIENTED_EDGE('',*,*,#3337,.T.);
#4665=ORIENTED_EDGE('',*,*,#3337,.F.);
#4666=ORIENTED_EDGE('',*,*,#3338,.F.);
#4667=ORIENTED_EDGE('',*,*,#3339,.F.);
#4668=ORIENTED_EDGE('',*,*,#3332,.T.);
#4669=ORIENTED_EDGE('',*,*,#3333,.F.);
#4670=ORIENTED_EDGE('',*,*,#3339,.T.);
#4671=ORIENTED_EDGE('',*,*,#3340,.T.);
#4672=ORIENTED_EDGE('',*,*,#3323,.T.);
#4673=ORIENTED_EDGE('',*,*,#3341,.T.);
#4674=ORIENTED_EDGE('',*,*,#3342,.T.);
#4675=ORIENTED_EDGE('',*,*,#3343,.T.);
#4676=ORIENTED_EDGE('',*,*,#3265,.T.);
#4677=ORIENTED_EDGE('',*,*,#3344,.T.);
#4678=ORIENTED_EDGE('',*,*,#3288,.T.);
#4679=ORIENTED_EDGE('',*,*,#3345,.T.);
#4680=ORIENTED_EDGE('',*,*,#3311,.T.);
#4681=ORIENTED_EDGE('',*,*,#3346,.T.);
#4682=ORIENTED_EDGE('',*,*,#3334,.T.);
#4683=ORIENTED_EDGE('',*,*,#3347,.T.);
#4684=ORIENTED_EDGE('',*,*,#3348,.T.);
#4685=ORIENTED_EDGE('',*,*,#3349,.T.);
#4686=ORIENTED_EDGE('',*,*,#3242,.T.);
#4687=ORIENTED_EDGE('',*,*,#3350,.T.);
#4688=ORIENTED_EDGE('',*,*,#3342,.F.);
#4689=ORIENTED_EDGE('',*,*,#3341,.F.);
#4690=ORIENTED_EDGE('',*,*,#3351,.T.);
#4691=ORIENTED_EDGE('',*,*,#3275,.F.);
#4692=ORIENTED_EDGE('',*,*,#3352,.F.);
#4693=ORIENTED_EDGE('',*,*,#3280,.F.);
#4694=ORIENTED_EDGE('',*,*,#3283,.T.);
#4695=ORIENTED_EDGE('',*,*,#3229,.F.);
#4696=ORIENTED_EDGE('',*,*,#3353,.F.);
#4697=ORIENTED_EDGE('',*,*,#3234,.F.);
#4698=ORIENTED_EDGE('',*,*,#3237,.T.);
#4699=ORIENTED_EDGE('',*,*,#3321,.F.);
#4700=ORIENTED_EDGE('',*,*,#3354,.F.);
#4701=ORIENTED_EDGE('',*,*,#3326,.F.);
#4702=ORIENTED_EDGE('',*,*,#3329,.T.);
#4703=ORIENTED_EDGE('',*,*,#3298,.F.);
#4704=ORIENTED_EDGE('',*,*,#3355,.F.);
#4705=ORIENTED_EDGE('',*,*,#3303,.F.);
#4706=ORIENTED_EDGE('',*,*,#3306,.T.);
#4707=ORIENTED_EDGE('',*,*,#3252,.F.);
#4708=ORIENTED_EDGE('',*,*,#3356,.F.);
#4709=ORIENTED_EDGE('',*,*,#3257,.F.);
#4710=ORIENTED_EDGE('',*,*,#3260,.T.);
#4711=ORIENTED_EDGE('',*,*,#3078,.F.);
#4712=ORIENTED_EDGE('',*,*,#3081,.T.);
#4713=ORIENTED_EDGE('',*,*,#3357,.F.);
#4714=ORIENTED_EDGE('',*,*,#3198,.T.);
#4715=ORIENTED_EDGE('',*,*,#3140,.T.);
#4716=ORIENTED_EDGE('',*,*,#3094,.T.);
#4717=ORIENTED_EDGE('',*,*,#3097,.T.);
#4718=ORIENTED_EDGE('',*,*,#3143,.T.);
#4719=ORIENTED_EDGE('',*,*,#3141,.T.);
#4720=ORIENTED_EDGE('',*,*,#3102,.T.);
#4721=ORIENTED_EDGE('',*,*,#3105,.T.);
#4722=ORIENTED_EDGE('',*,*,#3145,.T.);
#4723=ORIENTED_EDGE('',*,*,#3146,.T.);
#4724=ORIENTED_EDGE('',*,*,#3110,.T.);
#4725=ORIENTED_EDGE('',*,*,#3113,.T.);
#4726=ORIENTED_EDGE('',*,*,#3149,.T.);
#4727=ORIENTED_EDGE('',*,*,#3147,.T.);
#4728=ORIENTED_EDGE('',*,*,#3118,.T.);
#4729=ORIENTED_EDGE('',*,*,#3121,.T.);
#4730=ORIENTED_EDGE('',*,*,#3151,.T.);
#4731=ORIENTED_EDGE('',*,*,#3152,.T.);
#4732=ORIENTED_EDGE('',*,*,#3126,.T.);
#4733=ORIENTED_EDGE('',*,*,#3129,.T.);
#4734=ORIENTED_EDGE('',*,*,#3155,.T.);
#4735=ORIENTED_EDGE('',*,*,#3153,.T.);
#4736=ORIENTED_EDGE('',*,*,#3134,.T.);
#4737=ORIENTED_EDGE('',*,*,#3137,.T.);
#4738=ORIENTED_EDGE('',*,*,#3157,.T.);
#4739=ORIENTED_EDGE('',*,*,#3159,.T.);
#4740=ORIENTED_EDGE('',*,*,#3195,.T.);
#4741=ORIENTED_EDGE('',*,*,#2970,.T.);
#4742=ORIENTED_EDGE('',*,*,#3163,.T.);
#4743=ORIENTED_EDGE('',*,*,#3161,.T.);
#4744=ORIENTED_EDGE('',*,*,#3194,.T.);
#4745=ORIENTED_EDGE('',*,*,#3038,.T.);
#4746=ORIENTED_EDGE('',*,*,#3165,.T.);
#4747=ORIENTED_EDGE('',*,*,#3167,.T.);
#4748=ORIENTED_EDGE('',*,*,#3193,.T.);
#4749=ORIENTED_EDGE('',*,*,#3044,.T.);
#4750=ORIENTED_EDGE('',*,*,#3171,.T.);
#4751=ORIENTED_EDGE('',*,*,#3169,.T.);
#4752=ORIENTED_EDGE('',*,*,#3192,.T.);
#4753=ORIENTED_EDGE('',*,*,#3050,.T.);
#4754=ORIENTED_EDGE('',*,*,#3173,.T.);
#4755=ORIENTED_EDGE('',*,*,#3175,.T.);
#4756=ORIENTED_EDGE('',*,*,#3191,.T.);
#4757=ORIENTED_EDGE('',*,*,#3056,.T.);
#4758=ORIENTED_EDGE('',*,*,#3179,.T.);
#4759=ORIENTED_EDGE('',*,*,#3177,.T.);
#4760=ORIENTED_EDGE('',*,*,#3190,.T.);
#4761=ORIENTED_EDGE('',*,*,#3062,.T.);
#4762=ORIENTED_EDGE('',*,*,#3181,.T.);
#4763=ORIENTED_EDGE('',*,*,#3183,.T.);
#4764=ORIENTED_EDGE('',*,*,#3189,.T.);
#4765=ORIENTED_EDGE('',*,*,#3068,.T.);
#4766=ORIENTED_EDGE('',*,*,#3187,.T.);
#4767=ORIENTED_EDGE('',*,*,#3185,.T.);
#4768=ORIENTED_EDGE('',*,*,#3188,.T.);
#4769=ORIENTED_EDGE('',*,*,#3074,.T.);
#4770=ORIENTED_EDGE('',*,*,#3197,.T.);
#4771=ORIENTED_EDGE('',*,*,#3199,.T.);
#4772=ORIENTED_EDGE('',*,*,#3357,.T.);
#4773=ORIENTED_EDGE('',*,*,#3080,.T.);
#4774=ORIENTED_EDGE('',*,*,#3201,.T.);
#4775=ORIENTED_EDGE('',*,*,#3202,.T.);
#4776=ORIENTED_EDGE('',*,*,#3086,.T.);
#4777=ORIENTED_EDGE('',*,*,#3089,.T.);
#4778=ORIENTED_EDGE('',*,*,#3139,.T.);
#4779=ORIENTED_EDGE('',*,*,#3221,.T.);
#4780=ORIENTED_EDGE('',*,*,#3219,.T.);
#4781=ORIENTED_EDGE('',*,*,#3347,.F.);
#4782=ORIENTED_EDGE('',*,*,#3327,.T.);
#4783=ORIENTED_EDGE('',*,*,#3354,.T.);
#4784=ORIENTED_EDGE('',*,*,#3320,.F.);
#4785=ORIENTED_EDGE('',*,*,#3324,.T.);
#4786=ORIENTED_EDGE('',*,*,#3340,.F.);
#4787=ORIENTED_EDGE('',*,*,#3338,.T.);
#4788=ORIENTED_EDGE('',*,*,#3336,.T.);
#4789=ORIENTED_EDGE('',*,*,#3346,.F.);
#4790=ORIENTED_EDGE('',*,*,#3304,.T.);
#4791=ORIENTED_EDGE('',*,*,#3355,.T.);
#4792=ORIENTED_EDGE('',*,*,#3297,.F.);
#4793=ORIENTED_EDGE('',*,*,#3301,.T.);
#4794=ORIENTED_EDGE('',*,*,#3317,.F.);
#4795=ORIENTED_EDGE('',*,*,#3315,.T.);
#4796=ORIENTED_EDGE('',*,*,#3313,.T.);
#4797=ORIENTED_EDGE('',*,*,#3345,.F.);
#4798=ORIENTED_EDGE('',*,*,#3281,.T.);
#4799=ORIENTED_EDGE('',*,*,#3352,.T.);
#4800=ORIENTED_EDGE('',*,*,#3274,.F.);
#4801=ORIENTED_EDGE('',*,*,#3278,.T.);
#4802=ORIENTED_EDGE('',*,*,#3294,.F.);
#4803=ORIENTED_EDGE('',*,*,#3292,.T.);
#4804=ORIENTED_EDGE('',*,*,#3290,.T.);
#4805=ORIENTED_EDGE('',*,*,#3344,.F.);
#4806=ORIENTED_EDGE('',*,*,#3258,.T.);
#4807=ORIENTED_EDGE('',*,*,#3356,.T.);
#4808=ORIENTED_EDGE('',*,*,#3251,.F.);
#4809=ORIENTED_EDGE('',*,*,#3255,.T.);
#4810=ORIENTED_EDGE('',*,*,#3271,.F.);
#4811=ORIENTED_EDGE('',*,*,#3269,.T.);
#4812=ORIENTED_EDGE('',*,*,#3267,.T.);
#4813=ORIENTED_EDGE('',*,*,#3343,.F.);
#4814=ORIENTED_EDGE('',*,*,#3350,.F.);
#4815=ORIENTED_EDGE('',*,*,#3235,.T.);
#4816=ORIENTED_EDGE('',*,*,#3353,.T.);
#4817=ORIENTED_EDGE('',*,*,#3228,.F.);
#4818=ORIENTED_EDGE('',*,*,#3232,.T.);
#4819=ORIENTED_EDGE('',*,*,#3248,.F.);
#4820=ORIENTED_EDGE('',*,*,#3246,.T.);
#4821=ORIENTED_EDGE('',*,*,#3244,.T.);
#4822=ORIENTED_EDGE('',*,*,#3349,.F.);
#4823=ORIENTED_EDGE('',*,*,#3216,.T.);
#4824=ORIENTED_EDGE('',*,*,#3214,.T.);
#4825=ORIENTED_EDGE('',*,*,#3205,.F.);
#4826=ORIENTED_EDGE('',*,*,#3225,.T.);
#4827=ORIENTED_EDGE('',*,*,#3223,.F.);
#4828=ORIENTED_EDGE('',*,*,#3358,.F.);
#4829=ORIENTED_EDGE('',*,*,#3359,.T.);
#4830=ORIENTED_EDGE('',*,*,#3360,.T.);
#4831=ORIENTED_EDGE('',*,*,#3359,.F.);
#4832=ORIENTED_EDGE('',*,*,#3360,.F.);
#4833=ORIENTED_EDGE('',*,*,#3361,.F.);
#4834=ORIENTED_EDGE('',*,*,#3362,.T.);
#4835=ORIENTED_EDGE('',*,*,#3363,.T.);
#4836=ORIENTED_EDGE('',*,*,#3362,.F.);
#4837=ORIENTED_EDGE('',*,*,#3363,.F.);
#4838=ORIENTED_EDGE('',*,*,#3364,.F.);
#4839=ORIENTED_EDGE('',*,*,#3365,.T.);
#4840=ORIENTED_EDGE('',*,*,#3366,.T.);
#4841=ORIENTED_EDGE('',*,*,#3365,.F.);
#4842=ORIENTED_EDGE('',*,*,#3366,.F.);
#4843=ORIENTED_EDGE('',*,*,#3367,.F.);
#4844=ORIENTED_EDGE('',*,*,#3368,.T.);
#4845=ORIENTED_EDGE('',*,*,#3369,.T.);
#4846=ORIENTED_EDGE('',*,*,#3368,.F.);
#4847=ORIENTED_EDGE('',*,*,#3369,.F.);
#4848=ORIENTED_EDGE('',*,*,#3217,.F.);
#4849=ORIENTED_EDGE('',*,*,#3348,.F.);
#4850=ORIENTED_EDGE('',*,*,#3218,.F.);
#4851=ORIENTED_EDGE('',*,*,#3209,.T.);
#4852=ORIENTED_EDGE('',*,*,#3370,.T.);
#4853=ORIENTED_EDGE('',*,*,#3371,.T.);
#4854=ORIENTED_EDGE('',*,*,#3358,.T.);
#4855=ORIENTED_EDGE('',*,*,#3361,.T.);
#4856=ORIENTED_EDGE('',*,*,#3364,.T.);
#4857=ORIENTED_EDGE('',*,*,#3367,.T.);
#4858=ORIENTED_EDGE('',*,*,#3372,.F.);
#4859=ORIENTED_EDGE('',*,*,#3370,.F.);
#4860=ORIENTED_EDGE('',*,*,#3373,.T.);
#4861=ORIENTED_EDGE('',*,*,#3372,.T.);
#4862=ORIENTED_EDGE('',*,*,#3373,.F.);
#4863=ORIENTED_EDGE('',*,*,#3351,.F.);
#4864=ORIENTED_EDGE('',*,*,#3374,.T.);
#4865=ORIENTED_EDGE('',*,*,#3371,.F.);
#4866=ORIENTED_EDGE('',*,*,#3374,.F.);
#4867=ORIENTED_EDGE('',*,*,#3375,.F.);
#4868=ORIENTED_EDGE('',*,*,#3376,.F.);
#4869=ORIENTED_EDGE('',*,*,#3377,.F.);
#4870=ORIENTED_EDGE('',*,*,#3378,.F.);
#4871=ORIENTED_EDGE('',*,*,#3379,.F.);
#4872=ORIENTED_EDGE('',*,*,#3378,.T.);
#4873=ORIENTED_EDGE('',*,*,#3380,.F.);
#4874=ORIENTED_EDGE('',*,*,#3381,.F.);
#4875=ORIENTED_EDGE('',*,*,#3382,.F.);
#4876=ORIENTED_EDGE('',*,*,#3381,.T.);
#4877=ORIENTED_EDGE('',*,*,#3383,.F.);
#4878=ORIENTED_EDGE('',*,*,#3384,.F.);
#4879=ORIENTED_EDGE('',*,*,#3385,.F.);
#4880=ORIENTED_EDGE('',*,*,#3386,.F.);
#4881=ORIENTED_EDGE('',*,*,#3387,.F.);
#4882=ORIENTED_EDGE('',*,*,#3388,.F.);
#4883=ORIENTED_EDGE('',*,*,#3389,.F.);
#4884=ORIENTED_EDGE('',*,*,#3388,.T.);
#4885=ORIENTED_EDGE('',*,*,#3390,.F.);
#4886=ORIENTED_EDGE('',*,*,#3391,.F.);
#4887=ORIENTED_EDGE('',*,*,#3392,.F.);
#4888=ORIENTED_EDGE('',*,*,#3391,.T.);
#4889=ORIENTED_EDGE('',*,*,#3393,.F.);
#4890=ORIENTED_EDGE('',*,*,#3394,.F.);
#4891=ORIENTED_EDGE('',*,*,#3386,.T.);
#4892=ORIENTED_EDGE('',*,*,#3395,.F.);
#4893=ORIENTED_EDGE('',*,*,#3396,.F.);
#4894=ORIENTED_EDGE('',*,*,#3397,.T.);
#4895=ORIENTED_EDGE('',*,*,#3376,.T.);
#4896=ORIENTED_EDGE('',*,*,#3398,.F.);
#4897=ORIENTED_EDGE('',*,*,#3394,.T.);
#4898=ORIENTED_EDGE('',*,*,#3399,.T.);
#4899=ORIENTED_EDGE('',*,*,#3384,.T.);
#4900=ORIENTED_EDGE('',*,*,#3400,.T.);
#4901=ORIENTED_EDGE('',*,*,#3401,.T.);
#4902=ORIENTED_EDGE('',*,*,#3402,.F.);
#4903=ORIENTED_EDGE('',*,*,#3403,.T.);
#4904=ORIENTED_EDGE('',*,*,#3404,.T.);
#4905=ORIENTED_EDGE('',*,*,#3405,.T.);
#4906=ORIENTED_EDGE('',*,*,#3406,.T.);
#4907=ORIENTED_EDGE('',*,*,#3405,.F.);
#4908=ORIENTED_EDGE('',*,*,#3407,.T.);
#4909=ORIENTED_EDGE('',*,*,#3408,.F.);
#4910=ORIENTED_EDGE('',*,*,#3409,.F.);
#4911=ORIENTED_EDGE('',*,*,#3410,.T.);
#4912=ORIENTED_EDGE('',*,*,#3404,.F.);
#4913=ORIENTED_EDGE('',*,*,#3411,.T.);
#4914=ORIENTED_EDGE('',*,*,#3412,.F.);
#4915=ORIENTED_EDGE('',*,*,#3413,.T.);
#4916=ORIENTED_EDGE('',*,*,#3414,.F.);
#4917=ORIENTED_EDGE('',*,*,#3415,.F.);
#4918=ORIENTED_EDGE('',*,*,#3416,.F.);
#4919=ORIENTED_EDGE('',*,*,#3407,.F.);
#4920=ORIENTED_EDGE('',*,*,#3417,.T.);
#4921=ORIENTED_EDGE('',*,*,#3418,.T.);
#4922=ORIENTED_EDGE('',*,*,#3419,.T.);
#4923=ORIENTED_EDGE('',*,*,#3414,.T.);
#4924=ORIENTED_EDGE('',*,*,#3417,.F.);
#4925=ORIENTED_EDGE('',*,*,#3413,.F.);
#4926=ORIENTED_EDGE('',*,*,#3420,.T.);
#4927=ORIENTED_EDGE('',*,*,#3421,.F.);
#4928=ORIENTED_EDGE('',*,*,#3422,.T.);
#4929=ORIENTED_EDGE('',*,*,#3423,.F.);
#4930=ORIENTED_EDGE('',*,*,#3424,.T.);
#4931=ORIENTED_EDGE('',*,*,#3425,.T.);
#4932=ORIENTED_EDGE('',*,*,#3426,.T.);
#4933=ORIENTED_EDGE('',*,*,#3427,.T.);
#4934=ORIENTED_EDGE('',*,*,#3426,.F.);
#4935=ORIENTED_EDGE('',*,*,#3428,.T.);
#4936=ORIENTED_EDGE('',*,*,#3429,.T.);
#4937=ORIENTED_EDGE('',*,*,#3430,.T.);
#4938=ORIENTED_EDGE('',*,*,#3431,.T.);
#4939=ORIENTED_EDGE('',*,*,#3432,.T.);
#4940=ORIENTED_EDGE('',*,*,#3429,.F.);
#4941=ORIENTED_EDGE('',*,*,#3433,.T.);
#4942=ORIENTED_EDGE('',*,*,#3428,.F.);
#4943=ORIENTED_EDGE('',*,*,#3434,.T.);
#4944=ORIENTED_EDGE('',*,*,#3421,.T.);
#4945=ORIENTED_EDGE('',*,*,#3435,.T.);
#4946=ORIENTED_EDGE('',*,*,#3436,.T.);
#4947=ORIENTED_EDGE('',*,*,#3437,.T.);
#4948=ORIENTED_EDGE('',*,*,#3425,.F.);
#4949=ORIENTED_EDGE('',*,*,#3438,.F.);
#4950=ORIENTED_EDGE('',*,*,#3422,.F.);
#4951=ORIENTED_EDGE('',*,*,#3434,.F.);
#4952=ORIENTED_EDGE('',*,*,#3418,.F.);
#4953=ORIENTED_EDGE('',*,*,#3423,.T.);
#4954=ORIENTED_EDGE('',*,*,#3438,.T.);
#4955=ORIENTED_EDGE('',*,*,#3424,.F.);
#4956=ORIENTED_EDGE('',*,*,#3439,.F.);
#4957=ORIENTED_EDGE('',*,*,#3401,.F.);
#4958=ORIENTED_EDGE('',*,*,#3440,.T.);
#4959=ORIENTED_EDGE('',*,*,#3441,.T.);
#4960=ORIENTED_EDGE('',*,*,#3442,.F.);
#4961=ORIENTED_EDGE('',*,*,#3408,.T.);
#4962=ORIENTED_EDGE('',*,*,#3416,.T.);
#4963=ORIENTED_EDGE('',*,*,#3443,.T.);
#4964=ORIENTED_EDGE('',*,*,#3412,.T.);
#4965=ORIENTED_EDGE('',*,*,#3444,.T.);
#4966=ORIENTED_EDGE('',*,*,#3435,.F.);
#4967=ORIENTED_EDGE('',*,*,#3420,.F.);
#4968=ORIENTED_EDGE('',*,*,#3403,.F.);
#4969=ORIENTED_EDGE('',*,*,#3445,.T.);
#4970=ORIENTED_EDGE('',*,*,#3446,.T.);
#4971=ORIENTED_EDGE('',*,*,#3436,.F.);
#4972=ORIENTED_EDGE('',*,*,#3444,.F.);
#4973=ORIENTED_EDGE('',*,*,#3411,.F.);
#4974=ORIENTED_EDGE('',*,*,#3433,.F.);
#4975=ORIENTED_EDGE('',*,*,#3437,.F.);
#4976=ORIENTED_EDGE('',*,*,#3446,.F.);
#4977=ORIENTED_EDGE('',*,*,#3447,.T.);
#4978=ORIENTED_EDGE('',*,*,#3432,.F.);
#4979=ORIENTED_EDGE('',*,*,#3448,.T.);
#4980=ORIENTED_EDGE('',*,*,#3395,.T.);
#4981=ORIENTED_EDGE('',*,*,#3385,.T.);
#4982=ORIENTED_EDGE('',*,*,#3389,.T.);
#4983=ORIENTED_EDGE('',*,*,#3392,.T.);
#4984=ORIENTED_EDGE('',*,*,#3398,.T.);
#4985=ORIENTED_EDGE('',*,*,#3375,.T.);
#4986=ORIENTED_EDGE('',*,*,#3379,.T.);
#4987=ORIENTED_EDGE('',*,*,#3382,.T.);
#4988=ORIENTED_EDGE('',*,*,#3402,.T.);
#4989=ORIENTED_EDGE('',*,*,#3439,.T.);
#4990=ORIENTED_EDGE('',*,*,#3427,.F.);
#4991=ORIENTED_EDGE('',*,*,#3430,.F.);
#4992=ORIENTED_EDGE('',*,*,#3442,.T.);
#4993=ORIENTED_EDGE('',*,*,#3449,.T.);
#4994=ORIENTED_EDGE('',*,*,#3440,.F.);
#4995=ORIENTED_EDGE('',*,*,#3400,.F.);
#4996=ORIENTED_EDGE('',*,*,#3383,.T.);
#4997=ORIENTED_EDGE('',*,*,#3380,.T.);
#4998=ORIENTED_EDGE('',*,*,#3377,.T.);
#4999=ORIENTED_EDGE('',*,*,#3399,.F.);
#5000=ORIENTED_EDGE('',*,*,#3393,.T.);
#5001=ORIENTED_EDGE('',*,*,#3390,.T.);
#5002=ORIENTED_EDGE('',*,*,#3387,.T.);
#5003=ORIENTED_EDGE('',*,*,#3397,.F.);
#5004=ORIENTED_EDGE('',*,*,#3450,.F.);
#5005=ORIENTED_EDGE('',*,*,#3409,.T.);
#5006=ORIENTED_EDGE('',*,*,#3419,.F.);
#5007=ORIENTED_EDGE('',*,*,#3441,.F.);
#5008=ORIENTED_EDGE('',*,*,#3449,.F.);
#5009=ORIENTED_EDGE('',*,*,#3443,.F.);
#5010=ORIENTED_EDGE('',*,*,#3415,.T.);
#5011=ORIENTED_EDGE('',*,*,#3406,.F.);
#5012=ORIENTED_EDGE('',*,*,#3410,.F.);
#5013=ORIENTED_EDGE('',*,*,#3450,.T.);
#5014=ORIENTED_EDGE('',*,*,#3396,.T.);
#5015=ORIENTED_EDGE('',*,*,#3448,.F.);
#5016=ORIENTED_EDGE('',*,*,#3431,.F.);
#5017=ORIENTED_EDGE('',*,*,#3447,.F.);
#5018=ORIENTED_EDGE('',*,*,#3445,.F.);
#5019=CYLINDRICAL_SURFACE('',#5506,10.1);
#5020=CYLINDRICAL_SURFACE('',#5508,10.1);
#5021=CYLINDRICAL_SURFACE('',#5510,8.14833395016046);
#5022=CYLINDRICAL_SURFACE('',#5511,8.14833395016046);
#5023=CYLINDRICAL_SURFACE('',#5528,10.);
#5024=CYLINDRICAL_SURFACE('',#5531,9.99999999999998);
#5025=CYLINDRICAL_SURFACE('',#5614,10.);
#5026=CYLINDRICAL_SURFACE('',#5615,3.);
#5027=CYLINDRICAL_SURFACE('',#5623,3.);
#5028=CYLINDRICAL_SURFACE('',#5626,3.);
#5029=CYLINDRICAL_SURFACE('',#5629,3.);
#5030=CYLINDRICAL_SURFACE('',#5632,3.);
#5031=CYLINDRICAL_SURFACE('',#5635,3.);
#5032=CYLINDRICAL_SURFACE('',#5638,3.);
#5033=CYLINDRICAL_SURFACE('',#5639,3.);
#5034=CYLINDRICAL_SURFACE('',#5642,5.);
#5035=CYLINDRICAL_SURFACE('',#5645,5.);
#5036=CYLINDRICAL_SURFACE('',#5650,49.2);
#5037=CYLINDRICAL_SURFACE('',#5656,5.);
#5038=CYLINDRICAL_SURFACE('',#5657,5.);
#5039=CYLINDRICAL_SURFACE('',#5658,5.);
#5040=CYLINDRICAL_SURFACE('',#5660,5.);
#5041=CYLINDRICAL_SURFACE('',#5664,5.);
#5042=CYLINDRICAL_SURFACE('',#5666,5.);
#5043=CYLINDRICAL_SURFACE('',#5675,8.14833395016046);
#5044=CYLINDRICAL_SURFACE('',#5678,10.1);
#5045=CYLINDRICAL_SURFACE('',#5682,10.);
#5046=CYLINDRICAL_SURFACE('',#5684,45.2);
#5047=CYLINDRICAL_SURFACE('',#5686,10.);
#5048=CYLINDRICAL_SURFACE('',#5688,10.);
#5049=CYLINDRICAL_SURFACE('',#5689,10.);
#5050=CYLINDRICAL_SURFACE('',#5697,26.7);
#5051=CYLINDRICAL_SURFACE('',#5706,29.5);
#5052=CYLINDRICAL_SURFACE('',#5711,7.5);
#5053=CYLINDRICAL_SURFACE('',#5716,7.5);
#5054=CYLINDRICAL_SURFACE('',#5722,10.);
#5055=CYLINDRICAL_SURFACE('',#5726,16.);
#5056=CYLINDRICAL_SURFACE('',#5775,170.);
#5057=CYLINDRICAL_SURFACE('',#5780,170.);
#5058=CYLINDRICAL_SURFACE('',#5785,170.);
#5059=CYLINDRICAL_SURFACE('',#5790,170.);
#5060=CYLINDRICAL_SURFACE('',#5795,170.);
#5061=CYLINDRICAL_SURFACE('',#5800,170.);
#5062=CYLINDRICAL_SURFACE('',#5805,170.);
#5063=CYLINDRICAL_SURFACE('',#5836,170.);
#5064=CYLINDRICAL_SURFACE('',#5838,170.);
#5065=CYLINDRICAL_SURFACE('',#5840,170.);
#5066=CYLINDRICAL_SURFACE('',#5842,170.);
#5067=CYLINDRICAL_SURFACE('',#5844,170.);
#5068=CYLINDRICAL_SURFACE('',#5846,170.);
#5069=CYLINDRICAL_SURFACE('',#5848,170.);
#5070=CYLINDRICAL_SURFACE('',#5850,170.);
#5071=CYLINDRICAL_SURFACE('',#5856,5.);
#5072=CYLINDRICAL_SURFACE('',#5866,5.);
#5073=CYLINDRICAL_SURFACE('',#5868,5.);
#5074=CYLINDRICAL_SURFACE('',#5871,5.);
#5075=CYLINDRICAL_SURFACE('',#5873,164.);
#5076=CYLINDRICAL_SURFACE('',#5875,5.);
#5077=CYLINDRICAL_SURFACE('',#5878,164.);
#5078=CYLINDRICAL_SURFACE('',#5881,5.);
#5079=CYLINDRICAL_SURFACE('',#5888,64.2);
#5080=CYLINDRICAL_SURFACE('',#5890,5.);
#5081=CYLINDRICAL_SURFACE('',#5893,5.);
#5082=CYLINDRICAL_SURFACE('',#5895,5.);
#5083=CYLINDRICAL_SURFACE('',#5898,164.);
#5084=CYLINDRICAL_SURFACE('',#5901,5.);
#5085=CYLINDRICAL_SURFACE('',#5908,64.2);
#5086=CYLINDRICAL_SURFACE('',#5910,5.);
#5087=CYLINDRICAL_SURFACE('',#5913,5.);
#5088=CYLINDRICAL_SURFACE('',#5915,5.);
#5089=CYLINDRICAL_SURFACE('',#5918,164.);
#5090=CYLINDRICAL_SURFACE('',#5921,5.);
#5091=CYLINDRICAL_SURFACE('',#5928,64.2);
#5092=CYLINDRICAL_SURFACE('',#5930,5.);
#5093=CYLINDRICAL_SURFACE('',#5933,5.);
#5094=CYLINDRICAL_SURFACE('',#5935,5.);
#5095=CYLINDRICAL_SURFACE('',#5938,164.);
#5096=CYLINDRICAL_SURFACE('',#5941,5.);
#5097=CYLINDRICAL_SURFACE('',#5948,64.2);
#5098=CYLINDRICAL_SURFACE('',#5950,5.);
#5099=CYLINDRICAL_SURFACE('',#5953,5.);
#5100=CYLINDRICAL_SURFACE('',#5955,5.);
#5101=CYLINDRICAL_SURFACE('',#5958,164.);
#5102=CYLINDRICAL_SURFACE('',#5961,5.);
#5103=CYLINDRICAL_SURFACE('',#5968,64.2);
#5104=CYLINDRICAL_SURFACE('',#5970,5.);
#5105=CYLINDRICAL_SURFACE('',#5973,5.);
#5106=CYLINDRICAL_SURFACE('',#5992,170.);
#5107=CYLINDRICAL_SURFACE('',#5995,3.1);
#5108=CYLINDRICAL_SURFACE('',#5999,3.1);
#5109=CYLINDRICAL_SURFACE('',#6003,3.1);
#5110=CYLINDRICAL_SURFACE('',#6007,3.1);
#5111=CYLINDRICAL_SURFACE('',#6011,64.2);
#5112=CYLINDRICAL_SURFACE('',#6017,31.2);
#5113=CYLINDRICAL_SURFACE('',#6018,45.2);
#5114=CYLINDRICAL_SURFACE('',#6026,170.1);
#5115=CYLINDRICAL_SURFACE('',#6029,170.1);
#5116=CYLINDRICAL_SURFACE('',#6032,170.1);
#5117=CYLINDRICAL_SURFACE('',#6048,6.);
#5118=CYLINDRICAL_SURFACE('',#6053,2.);
#5119=CYLINDRICAL_SURFACE('',#6055,6.);
#5120=ADVANCED_FACE('',(#330),#5019,.F.);
#5121=ADVANCED_FACE('',(#331),#5020,.F.);
#5122=ADVANCED_FACE('',(#332),#5021,.F.);
#5123=ADVANCED_FACE('',(#333),#5022,.F.);
#5124=ADVANCED_FACE('',(#334),#182,.T.);
#5125=ADVANCED_FACE('',(#335),#133,.T.);
#5126=ADVANCED_FACE('',(#336),#183,.T.);
#5127=ADVANCED_FACE('',(#337),#134,.T.);
#5128=ADVANCED_FACE('',(#338),#184,.T.);
#5129=ADVANCED_FACE('',(#339),#135,.T.);
#5130=ADVANCED_FACE('',(#340),#185,.T.);
#5131=ADVANCED_FACE('',(#341),#136,.T.);
#5132=ADVANCED_FACE('',(#342),#5023,.T.);
#5133=ADVANCED_FACE('',(#343),#186,.T.);
#5134=ADVANCED_FACE('',(#344),#5024,.T.);
#5135=ADVANCED_FACE('',(#345),#187,.T.);
#5136=ADVANCED_FACE('',(#346,#117),#188,.T.);
#5137=ADVANCED_FACE('',(#347),#137,.F.);
#5138=ADVANCED_FACE('',(#348),#189,.T.);
#5139=ADVANCED_FACE('',(#349),#138,.F.);
#5140=ADVANCED_FACE('',(#350),#190,.T.);
#5141=ADVANCED_FACE('',(#351),#139,.F.);
#5142=ADVANCED_FACE('',(#352),#191,.T.);
#5143=ADVANCED_FACE('',(#353),#140,.F.);
#5144=ADVANCED_FACE('',(#354,#118),#192,.T.);
#5145=ADVANCED_FACE('',(#355),#141,.F.);
#5146=ADVANCED_FACE('',(#356),#193,.T.);
#5147=ADVANCED_FACE('',(#357),#142,.F.);
#5148=ADVANCED_FACE('',(#358),#194,.T.);
#5149=ADVANCED_FACE('',(#359),#143,.F.);
#5150=ADVANCED_FACE('',(#360),#195,.T.);
#5151=ADVANCED_FACE('',(#361),#144,.F.);
#5152=ADVANCED_FACE('',(#362),#145,.F.);
#5153=ADVANCED_FACE('',(#363),#196,.T.);
#5154=ADVANCED_FACE('',(#364),#146,.F.);
#5155=ADVANCED_FACE('',(#365),#197,.T.);
#5156=ADVANCED_FACE('',(#366),#147,.F.);
#5157=ADVANCED_FACE('',(#367),#198,.T.);
#5158=ADVANCED_FACE('',(#368),#148,.F.);
#5159=ADVANCED_FACE('',(#369),#149,.F.);
#5160=ADVANCED_FACE('',(#370),#199,.T.);
#5161=ADVANCED_FACE('',(#371),#150,.F.);
#5162=ADVANCED_FACE('',(#372),#200,.T.);
#5163=ADVANCED_FACE('',(#373),#151,.F.);
#5164=ADVANCED_FACE('',(#374),#201,.T.);
#5165=ADVANCED_FACE('',(#375),#152,.F.);
#5166=ADVANCED_FACE('',(#376),#202,.T.);
#5167=ADVANCED_FACE('',(#377),#153,.T.);
#5168=ADVANCED_FACE('',(#378),#203,.T.);
#5169=ADVANCED_FACE('',(#379),#154,.T.);
#5170=ADVANCED_FACE('',(#380),#204,.T.);
#5171=ADVANCED_FACE('',(#381),#155,.T.);
#5172=ADVANCED_FACE('',(#382),#205,.T.);
#5173=ADVANCED_FACE('',(#383),#156,.T.);
#5174=ADVANCED_FACE('',(#384),#5025,.T.);
#5175=ADVANCED_FACE('',(#385),#5026,.F.);
#5176=ADVANCED_FACE('',(#386),#206,.T.);
#5177=ADVANCED_FACE('',(#387),#207,.F.);
#5178=ADVANCED_FACE('',(#388),#5027,.F.);
#5179=ADVANCED_FACE('',(#389),#208,.F.);
#5180=ADVANCED_FACE('',(#390),#5028,.F.);
#5181=ADVANCED_FACE('',(#391),#209,.F.);
#5182=ADVANCED_FACE('',(#392),#5029,.F.);
#5183=ADVANCED_FACE('',(#393),#210,.F.);
#5184=ADVANCED_FACE('',(#394),#5030,.F.);
#5185=ADVANCED_FACE('',(#395),#211,.F.);
#5186=ADVANCED_FACE('',(#396),#5031,.F.);
#5187=ADVANCED_FACE('',(#397),#212,.F.);
#5188=ADVANCED_FACE('',(#398),#5032,.F.);
#5189=ADVANCED_FACE('',(#399),#5033,.F.);
#5190=ADVANCED_FACE('',(#400),#213,.F.);
#5191=ADVANCED_FACE('',(#401),#5034,.F.);
#5192=ADVANCED_FACE('',(#402),#214,.F.);
#5193=ADVANCED_FACE('',(#403),#5035,.F.);
#5194=ADVANCED_FACE('',(#404),#215,.T.);
#5195=ADVANCED_FACE('',(#405),#5036,.T.);
#5196=ADVANCED_FACE('',(#406),#5037,.F.);
#5197=ADVANCED_FACE('',(#407),#5038,.F.);
#5198=ADVANCED_FACE('',(#408),#5039,.F.);
#5199=ADVANCED_FACE('',(#409),#216,.F.);
#5200=ADVANCED_FACE('',(#410),#5040,.F.);
#5201=ADVANCED_FACE('',(#411),#217,.T.);
#5202=ADVANCED_FACE('',(#412),#5041,.F.);
#5203=ADVANCED_FACE('',(#413),#5042,.F.);
#5204=ADVANCED_FACE('',(#414),#218,.F.);
#5205=ADVANCED_FACE('',(#415),#219,.T.);
#5206=ADVANCED_FACE('',(#416),#220,.F.);
#5207=ADVANCED_FACE('',(#417),#221,.F.);
#5208=ADVANCED_FACE('',(#418),#157,.T.);
#5209=ADVANCED_FACE('',(#419,#119),#222,.T.);
#5210=ADVANCED_FACE('',(#420),#113,.T.);
#5211=ADVANCED_FACE('',(#421),#5043,.F.);
#5212=ADVANCED_FACE('',(#422),#114,.T.);
#5213=ADVANCED_FACE('',(#423),#223,.T.);
#5214=ADVANCED_FACE('',(#424),#224,.F.);
#5215=ADVANCED_FACE('',(#425),#5044,.F.);
#5216=ADVANCED_FACE('',(#426,#120),#225,.T.);
#5217=ADVANCED_FACE('',(#427),#226,.T.);
#5218=ADVANCED_FACE('',(#428),#5045,.T.);
#5219=ADVANCED_FACE('',(#429),#227,.T.);
#5220=ADVANCED_FACE('',(#430),#5046,.F.);
#5221=ADVANCED_FACE('',(#431),#5047,.T.);
#5222=ADVANCED_FACE('',(#432),#5048,.T.);
#5223=ADVANCED_FACE('',(#433),#5049,.T.);
#5224=ADVANCED_FACE('',(#434),#158,.T.);
#5225=ADVANCED_FACE('',(#435,#121),#228,.T.);
#5226=ADVANCED_FACE('',(#436),#5050,.T.);
#5227=ADVANCED_FACE('',(#437),#159,.T.);
#5228=ADVANCED_FACE('',(#438,#122,#123),#229,.T.);
#5229=ADVANCED_FACE('',(#439),#5051,.T.);
#5230=ADVANCED_FACE('',(#440),#160,.F.);
#5231=ADVANCED_FACE('',(#441),#5052,.F.);
#5232=ADVANCED_FACE('',(#442),#161,.F.);
#5233=ADVANCED_FACE('',(#443),#5053,.F.);
#5234=ADVANCED_FACE('',(#444),#162,.F.);
#5235=ADVANCED_FACE('',(#445),#163,.F.);
#5236=ADVANCED_FACE('',(#446),#115,.F.);
#5237=ADVANCED_FACE('',(#447),#116,.F.);
#5238=ADVANCED_FACE('',(#448),#230,.T.);
#5239=ADVANCED_FACE('',(#449),#231,.T.);
#5240=ADVANCED_FACE('',(#450),#5054,.T.);
#5241=ADVANCED_FACE('',(#451,#124),#232,.T.);
#5242=ADVANCED_FACE('',(#452),#5055,.T.);
#5243=ADVANCED_FACE('',(#453,#125),#233,.T.);
#5244=ADVANCED_FACE('',(#454),#164,.T.);
#5245=ADVANCED_FACE('',(#455),#234,.F.);
#5246=ADVANCED_FACE('',(#456),#235,.T.);
#5247=ADVANCED_FACE('',(#457),#165,.T.);
#5248=ADVANCED_FACE('',(#458),#236,.F.);
#5249=ADVANCED_FACE('',(#459),#166,.T.);
#5250=ADVANCED_FACE('',(#460),#237,.F.);
#5251=ADVANCED_FACE('',(#461),#167,.T.);
#5252=ADVANCED_FACE('',(#462),#238,.F.);
#5253=ADVANCED_FACE('',(#463),#168,.T.);
#5254=ADVANCED_FACE('',(#464),#239,.F.);
#5255=ADVANCED_FACE('',(#465),#169,.T.);
#5256=ADVANCED_FACE('',(#466),#240,.F.);
#5257=ADVANCED_FACE('',(#467),#170,.T.);
#5258=ADVANCED_FACE('',(#468),#241,.F.);
#5259=ADVANCED_FACE('',(#469),#171,.T.);
#5260=ADVANCED_FACE('',(#470),#242,.F.);
#5261=ADVANCED_FACE('',(#471),#172,.T.);
#5262=ADVANCED_FACE('',(#472),#243,.F.);
#5263=ADVANCED_FACE('',(#473),#173,.T.);
#5264=ADVANCED_FACE('',(#474),#5056,.T.);
#5265=ADVANCED_FACE('',(#475),#244,.F.);
#5266=ADVANCED_FACE('',(#476),#174,.T.);
#5267=ADVANCED_FACE('',(#477),#5057,.T.);
#5268=ADVANCED_FACE('',(#478),#245,.F.);
#5269=ADVANCED_FACE('',(#479),#175,.T.);
#5270=ADVANCED_FACE('',(#480),#5058,.T.);
#5271=ADVANCED_FACE('',(#481),#246,.F.);
#5272=ADVANCED_FACE('',(#482),#176,.T.);
#5273=ADVANCED_FACE('',(#483),#5059,.T.);
#5274=ADVANCED_FACE('',(#484),#247,.F.);
#5275=ADVANCED_FACE('',(#485),#177,.T.);
#5276=ADVANCED_FACE('',(#486),#5060,.T.);
#5277=ADVANCED_FACE('',(#487),#248,.F.);
#5278=ADVANCED_FACE('',(#488),#178,.T.);
#5279=ADVANCED_FACE('',(#489),#5061,.T.);
#5280=ADVANCED_FACE('',(#490),#249,.F.);
#5281=ADVANCED_FACE('',(#491),#179,.T.);
#5282=ADVANCED_FACE('',(#492),#5062,.T.);
#5283=ADVANCED_FACE('',(#493),#250,.F.);
#5284=ADVANCED_FACE('',(#494),#251,.F.);
#5285=ADVANCED_FACE('',(#495),#252,.F.);
#5286=ADVANCED_FACE('',(#496),#253,.F.);
#5287=ADVANCED_FACE('',(#497),#254,.F.);
#5288=ADVANCED_FACE('',(#498),#255,.F.);
#5289=ADVANCED_FACE('',(#499),#256,.F.);
#5290=ADVANCED_FACE('',(#500),#257,.F.);
#5291=ADVANCED_FACE('',(#501),#258,.F.);
#5292=ADVANCED_FACE('',(#502),#259,.F.);
#5293=ADVANCED_FACE('',(#503),#260,.F.);
#5294=ADVANCED_FACE('',(#504),#261,.F.);
#5295=ADVANCED_FACE('',(#505),#262,.F.);
#5296=ADVANCED_FACE('',(#506),#263,.F.);
#5297=ADVANCED_FACE('',(#507),#264,.F.);
#5298=ADVANCED_FACE('',(#508),#265,.F.);
#5299=ADVANCED_FACE('',(#509),#266,.F.);
#5300=ADVANCED_FACE('',(#510),#267,.F.);
#5301=ADVANCED_FACE('',(#511),#268,.F.);
#5302=ADVANCED_FACE('',(#512),#269,.F.);
#5303=ADVANCED_FACE('',(#513),#270,.F.);
#5304=ADVANCED_FACE('',(#514),#271,.F.);
#5305=ADVANCED_FACE('',(#515),#272,.F.);
#5306=ADVANCED_FACE('',(#516),#273,.F.);
#5307=ADVANCED_FACE('',(#517),#274,.F.);
#5308=ADVANCED_FACE('',(#518),#275,.F.);
#5309=ADVANCED_FACE('',(#519),#276,.F.);
#5310=ADVANCED_FACE('',(#520),#277,.F.);
#5311=ADVANCED_FACE('',(#521),#278,.F.);
#5312=ADVANCED_FACE('',(#522),#5063,.T.);
#5313=ADVANCED_FACE('',(#523),#5064,.T.);
#5314=ADVANCED_FACE('',(#524),#5065,.T.);
#5315=ADVANCED_FACE('',(#525),#5066,.T.);
#5316=ADVANCED_FACE('',(#526),#5067,.T.);
#5317=ADVANCED_FACE('',(#527),#5068,.T.);
#5318=ADVANCED_FACE('',(#528),#5069,.T.);
#5319=ADVANCED_FACE('',(#529),#5070,.T.);
#5320=ADVANCED_FACE('',(#530),#279,.F.);
#5321=ADVANCED_FACE('',(#531),#280,.F.);
#5322=ADVANCED_FACE('',(#532),#281,.F.);
#5323=ADVANCED_FACE('',(#533),#282,.F.);
#5324=ADVANCED_FACE('',(#534),#5071,.F.);
#5325=ADVANCED_FACE('',(#535),#283,.T.);
#5326=ADVANCED_FACE('',(#536),#284,.F.);
#5327=ADVANCED_FACE('',(#537),#5072,.F.);
#5328=ADVANCED_FACE('',(#538),#5073,.F.);
#5329=ADVANCED_FACE('',(#539),#285,.F.);
#5330=ADVANCED_FACE('',(#540),#5074,.F.);
#5331=ADVANCED_FACE('',(#541),#5075,.F.);
#5332=ADVANCED_FACE('',(#542),#5076,.F.);
#5333=ADVANCED_FACE('',(#543),#5077,.F.);
#5334=ADVANCED_FACE('',(#544),#5078,.F.);
#5335=ADVANCED_FACE('',(#545),#286,.T.);
#5336=ADVANCED_FACE('',(#546),#5079,.T.);
#5337=ADVANCED_FACE('',(#547),#5080,.F.);
#5338=ADVANCED_FACE('',(#548),#287,.F.);
#5339=ADVANCED_FACE('',(#549),#5081,.F.);
#5340=ADVANCED_FACE('',(#550),#5082,.F.);
#5341=ADVANCED_FACE('',(#551),#5083,.F.);
#5342=ADVANCED_FACE('',(#552),#5084,.F.);
#5343=ADVANCED_FACE('',(#553),#288,.T.);
#5344=ADVANCED_FACE('',(#554),#5085,.T.);
#5345=ADVANCED_FACE('',(#555),#5086,.F.);
#5346=ADVANCED_FACE('',(#556),#289,.F.);
#5347=ADVANCED_FACE('',(#557),#5087,.F.);
#5348=ADVANCED_FACE('',(#558),#5088,.F.);
#5349=ADVANCED_FACE('',(#559),#5089,.F.);
#5350=ADVANCED_FACE('',(#560),#5090,.F.);
#5351=ADVANCED_FACE('',(#561),#290,.T.);
#5352=ADVANCED_FACE('',(#562),#5091,.T.);
#5353=ADVANCED_FACE('',(#563),#5092,.F.);
#5354=ADVANCED_FACE('',(#564),#291,.F.);
#5355=ADVANCED_FACE('',(#565),#5093,.F.);
#5356=ADVANCED_FACE('',(#566),#5094,.F.);
#5357=ADVANCED_FACE('',(#567),#5095,.F.);
#5358=ADVANCED_FACE('',(#568),#5096,.F.);
#5359=ADVANCED_FACE('',(#569),#292,.T.);
#5360=ADVANCED_FACE('',(#570),#5097,.T.);
#5361=ADVANCED_FACE('',(#571),#5098,.F.);
#5362=ADVANCED_FACE('',(#572),#293,.F.);
#5363=ADVANCED_FACE('',(#573),#5099,.F.);
#5364=ADVANCED_FACE('',(#574),#5100,.F.);
#5365=ADVANCED_FACE('',(#575),#5101,.F.);
#5366=ADVANCED_FACE('',(#576),#5102,.F.);
#5367=ADVANCED_FACE('',(#577),#294,.T.);
#5368=ADVANCED_FACE('',(#578),#5103,.T.);
#5369=ADVANCED_FACE('',(#579),#5104,.F.);
#5370=ADVANCED_FACE('',(#580),#295,.F.);
#5371=ADVANCED_FACE('',(#581),#5105,.F.);
#5372=ADVANCED_FACE('',(#582),#180,.T.);
#5373=ADVANCED_FACE('',(#583,#126),#296,.F.);
#5374=ADVANCED_FACE('',(#584),#297,.F.);
#5375=ADVANCED_FACE('',(#585),#298,.F.);
#5376=ADVANCED_FACE('',(#586),#299,.F.);
#5377=ADVANCED_FACE('',(#587),#300,.F.);
#5378=ADVANCED_FACE('',(#588),#301,.F.);
#5379=ADVANCED_FACE('',(#589),#5106,.T.);
#5380=ADVANCED_FACE('',(#590,#127),#302,.F.);
#5381=ADVANCED_FACE('',(#591),#5107,.F.);
#5382=ADVANCED_FACE('',(#592),#303,.T.);
#5383=ADVANCED_FACE('',(#593),#5108,.F.);
#5384=ADVANCED_FACE('',(#594),#304,.T.);
#5385=ADVANCED_FACE('',(#595),#5109,.F.);
#5386=ADVANCED_FACE('',(#596),#305,.T.);
#5387=ADVANCED_FACE('',(#597),#5110,.F.);
#5388=ADVANCED_FACE('',(#598),#306,.T.);
#5389=ADVANCED_FACE('',(#599),#5111,.T.);
#5390=ADVANCED_FACE('',(#600),#307,.F.);
#5391=ADVANCED_FACE('',(#601,#128,#129,#130,#131,#132),#308,.F.);
#5392=ADVANCED_FACE('',(#602),#5112,.F.);
#5393=ADVANCED_FACE('',(#603),#5113,.F.);
#5394=ADVANCED_FACE('',(#604),#309,.T.);
#5395=ADVANCED_FACE('',(#605),#310,.T.);
#5396=ADVANCED_FACE('',(#606),#311,.T.);
#5397=ADVANCED_FACE('',(#607),#312,.T.);
#5398=ADVANCED_FACE('',(#608),#313,.T.);
#5399=ADVANCED_FACE('',(#609),#314,.T.);
#5400=ADVANCED_FACE('',(#610),#5114,.F.);
#5401=ADVANCED_FACE('',(#611),#5115,.F.);
#5402=ADVANCED_FACE('',(#612),#5116,.F.);
#5403=ADVANCED_FACE('',(#613),#315,.T.);
#5404=ADVANCED_FACE('',(#614),#316,.T.);
#5405=ADVANCED_FACE('',(#615),#317,.T.);
#5406=ADVANCED_FACE('',(#616),#318,.T.);
#5407=ADVANCED_FACE('',(#617),#319,.T.);
#5408=ADVANCED_FACE('',(#618),#320,.T.);
#5409=ADVANCED_FACE('',(#619),#181,.T.);
#5410=ADVANCED_FACE('',(#620),#321,.T.);
#5411=ADVANCED_FACE('',(#621),#5117,.T.);
#5412=ADVANCED_FACE('',(#622),#322,.T.);
#5413=ADVANCED_FACE('',(#623),#323,.T.);
#5414=ADVANCED_FACE('',(#624),#5118,.F.);
#5415=ADVANCED_FACE('',(#625),#5119,.T.);
#5416=ADVANCED_FACE('',(#626),#324,.T.);
#5417=ADVANCED_FACE('',(#627),#325,.T.);
#5418=ADVANCED_FACE('',(#628),#326,.T.);
#5419=ADVANCED_FACE('',(#629),#327,.F.);
#5420=ADVANCED_FACE('',(#630),#328,.T.);
#5421=ADVANCED_FACE('',(#631),#329,.F.);
#5422=CLOSED_SHELL('',(#5120,#5121,#5122,#5123,#5124,#5125,#5126,#5127,
#5128,#5129,#5130,#5131,#5132,#5133,#5134,#5135,#5136,#5137,#5138,#5139,
#5140,#5141,#5142,#5143,#5144,#5145,#5146,#5147,#5148,#5149,#5150,#5151,
#5152,#5153,#5154,#5155,#5156,#5157,#5158,#5159,#5160,#5161,#5162,#5163,
#5164,#5165,#5166,#5167,#5168,#5169,#5170,#5171,#5172,#5173,#5174,#5175,
#5176,#5177,#5178,#5179,#5180,#5181,#5182,#5183,#5184,#5185,#5186,#5187,
#5188,#5189,#5190,#5191,#5192,#5193,#5194,#5195,#5196,#5197,#5198,#5199,
#5200,#5201,#5202,#5203,#5204,#5205,#5206,#5207,#5208,#5209,#5210,#5211,
#5212,#5213,#5214,#5215,#5216,#5217,#5218,#5219,#5220));
#5423=CLOSED_SHELL('',(#5221,#5222,#5223,#5224,#5225,#5226,#5227,#5228,
#5229,#5230,#5231,#5232,#5233,#5234,#5235,#5236,#5237,#5238,#5239,#5240,
#5241,#5242,#5243));
#5424=CLOSED_SHELL('',(#5244,#5245,#5246,#5247,#5248,#5249,#5250,#5251,
#5252,#5253,#5254,#5255,#5256,#5257,#5258,#5259,#5260,#5261,#5262,#5263,
#5264,#5265,#5266,#5267,#5268,#5269,#5270,#5271,#5272,#5273,#5274,#5275,
#5276,#5277,#5278,#5279,#5280,#5281,#5282,#5283,#5284,#5285,#5286,#5287,
#5288,#5289,#5290,#5291,#5292,#5293,#5294,#5295,#5296,#5297,#5298,#5299,
#5300,#5301,#5302,#5303,#5304,#5305,#5306,#5307,#5308,#5309,#5310,#5311,
#5312,#5313,#5314,#5315,#5316,#5317,#5318,#5319,#5320,#5321,#5322,#5323,
#5324,#5325,#5326,#5327,#5328,#5329,#5330,#5331,#5332,#5333,#5334,#5335,
#5336,#5337,#5338,#5339,#5340,#5341,#5342,#5343,#5344,#5345,#5346,#5347,
#5348,#5349,#5350,#5351,#5352,#5353,#5354,#5355,#5356,#5357,#5358,#5359,
#5360,#5361,#5362,#5363,#5364,#5365,#5366,#5367,#5368,#5369,#5370,#5371,
#5372,#5373,#5374,#5375,#5376,#5377,#5378,#5379,#5380,#5381,#5382,#5383,
#5384,#5385,#5386,#5387,#5388,#5389,#5390,#5391,#5392,#5393));
#5425=CLOSED_SHELL('',(#5394,#5395,#5396,#5397,#5398,#5399,#5400,#5401,
#5402,#5403,#5404,#5405,#5406,#5407,#5408,#5409,#5410,#5411,#5412,#5413,
#5414,#5415,#5416,#5417,#5418,#5419,#5420,#5421));
#5426=DERIVED_UNIT_ELEMENT(#5435,1.);
#5427=DERIVED_UNIT_ELEMENT(#10668,-3.);
#5428=DERIVED_UNIT_ELEMENT(#5435,1.);
#5429=DERIVED_UNIT_ELEMENT(#10668,-3.);
#5430=DERIVED_UNIT_ELEMENT(#5435,1.);
#5431=DERIVED_UNIT_ELEMENT(#10668,-3.);
#5432=DERIVED_UNIT_ELEMENT(#5435,1.);
#5433=DERIVED_UNIT_ELEMENT(#10668,-3.);
#5434=DIMENSIONAL_EXPONENTS(0.,1.,0.,0.,0.,0.,0.);
#5435=(
CONVERSION_BASED_UNIT('gram',#5437)
MASS_UNIT()
NAMED_UNIT(#5434)
);
#5436=(
MASS_UNIT()
NAMED_UNIT(*)
SI_UNIT(.KILO.,.GRAM.)
);
#5437=MASS_MEASURE_WITH_UNIT(MASS_MEASURE(0.001),#5436);
#5438=DERIVED_UNIT((#5426,#5427));
#5439=DERIVED_UNIT((#5428,#5429));
#5440=DERIVED_UNIT((#5430,#5431));
#5441=DERIVED_UNIT((#5432,#5433));
#5442=MEASURE_REPRESENTATION_ITEM('density measure',
POSITIVE_RATIO_MEASURE(7.85),#5438);
#5443=MEASURE_REPRESENTATION_ITEM('density measure',
POSITIVE_RATIO_MEASURE(7.85),#5439);
#5444=MEASURE_REPRESENTATION_ITEM('density measure',
POSITIVE_RATIO_MEASURE(7.85),#5440);
#5445=MEASURE_REPRESENTATION_ITEM('density measure',
POSITIVE_RATIO_MEASURE(7.85),#5441);
#5446=PROPERTY_DEFINITION_REPRESENTATION(#5466,#5454);
#5447=PROPERTY_DEFINITION_REPRESENTATION(#5467,#5455);
#5448=PROPERTY_DEFINITION_REPRESENTATION(#5468,#5456);
#5449=PROPERTY_DEFINITION_REPRESENTATION(#5469,#5457);
#5450=PROPERTY_DEFINITION_REPRESENTATION(#5470,#5458);
#5451=PROPERTY_DEFINITION_REPRESENTATION(#5471,#5459);
#5452=PROPERTY_DEFINITION_REPRESENTATION(#5472,#5460);
#5453=PROPERTY_DEFINITION_REPRESENTATION(#5473,#5461);
#5454=REPRESENTATION('material name',(#5462),#10662);
#5455=REPRESENTATION('density',(#5442),#10662);
#5456=REPRESENTATION('material name',(#5463),#10663);
#5457=REPRESENTATION('density',(#5443),#10663);
#5458=REPRESENTATION('material name',(#5464),#10664);
#5459=REPRESENTATION('density',(#5444),#10664);
#5460=REPRESENTATION('material name',(#5465),#10665);
#5461=REPRESENTATION('density',(#5445),#10665);
#5462=DESCRIPTIVE_REPRESENTATION_ITEM('Steel','Steel');
#5463=DESCRIPTIVE_REPRESENTATION_ITEM('Steel','Steel');
#5464=DESCRIPTIVE_REPRESENTATION_ITEM('Steel','Steel');
#5465=DESCRIPTIVE_REPRESENTATION_ITEM('Steel','Steel');
#5466=PROPERTY_DEFINITION('material property','material name',#10699);
#5467=PROPERTY_DEFINITION('material property','density of part',#10699);
#5468=PROPERTY_DEFINITION('material property','material name',#10700);
#5469=PROPERTY_DEFINITION('material property','density of part',#10700);
#5470=PROPERTY_DEFINITION('material property','material name',#10701);
#5471=PROPERTY_DEFINITION('material property','density of part',#10701);
#5472=PROPERTY_DEFINITION('material property','material name',#10702);
#5473=PROPERTY_DEFINITION('material property','density of part',#10702);
#5474=DATE_TIME_ROLE('creation_date');
#5475=DATE_TIME_ROLE('creation_date');
#5476=DATE_TIME_ROLE('creation_date');
#5477=DATE_TIME_ROLE('creation_date');
#5478=DATE_TIME_ROLE('creation_date');
#5479=APPLIED_DATE_AND_TIME_ASSIGNMENT(#5484,#5474,(#10698));
#5480=APPLIED_DATE_AND_TIME_ASSIGNMENT(#5485,#5475,(#10699));
#5481=APPLIED_DATE_AND_TIME_ASSIGNMENT(#5486,#5476,(#10700));
#5482=APPLIED_DATE_AND_TIME_ASSIGNMENT(#5487,#5477,(#10701));
#5483=APPLIED_DATE_AND_TIME_ASSIGNMENT(#5488,#5478,(#10702));
#5484=DATE_AND_TIME(#5489,#5494);
#5485=DATE_AND_TIME(#5490,#5495);
#5486=DATE_AND_TIME(#5491,#5496);
#5487=DATE_AND_TIME(#5492,#5497);
#5488=DATE_AND_TIME(#5493,#5498);
#5489=CALENDAR_DATE(2025,28,7);
#5490=CALENDAR_DATE(2025,28,7);
#5491=CALENDAR_DATE(2025,28,7);
#5492=CALENDAR_DATE(2025,28,7);
#5493=CALENDAR_DATE(2025,28,7);
#5494=LOCAL_TIME(0,0,0.,#5499);
#5495=LOCAL_TIME(0,0,0.,#5500);
#5496=LOCAL_TIME(0,0,0.,#5501);
#5497=LOCAL_TIME(0,0,0.,#5502);
#5498=LOCAL_TIME(0,0,0.,#5503);
#5499=COORDINATED_UNIVERSAL_TIME_OFFSET(0,0,.BEHIND.);
#5500=COORDINATED_UNIVERSAL_TIME_OFFSET(0,0,.BEHIND.);
#5501=COORDINATED_UNIVERSAL_TIME_OFFSET(0,0,.BEHIND.);
#5502=COORDINATED_UNIVERSAL_TIME_OFFSET(0,0,.BEHIND.);
#5503=COORDINATED_UNIVERSAL_TIME_OFFSET(0,0,.BEHIND.);
#5504=AXIS2_PLACEMENT_3D('',#7681,#6074,#6075);
#5505=AXIS2_PLACEMENT_3D('',#7682,#6076,#6077);
#5506=AXIS2_PLACEMENT_3D('',#7683,#6078,#6079);
#5507=AXIS2_PLACEMENT_3D('',#7713,#6083,#6084);
#5508=AXIS2_PLACEMENT_3D('',#7757,#6085,#6086);
#5509=AXIS2_PLACEMENT_3D('',#7765,#6090,#6091);
#5510=AXIS2_PLACEMENT_3D('',#7783,#6092,#6093);
#5511=AXIS2_PLACEMENT_3D('',#7810,#6096,#6097);
#5512=AXIS2_PLACEMENT_3D('',#7845,#6100,#6101);
#5513=AXIS2_PLACEMENT_3D('',#7854,#6106,#6107);
#5514=AXIS2_PLACEMENT_3D('',#7858,#6109,#6110);
#5515=AXIS2_PLACEMENT_3D('',#7859,#6111,#6112);
#5516=AXIS2_PLACEMENT_3D('',#7860,#6113,#6114);
#5517=AXIS2_PLACEMENT_3D('',#7866,#6118,#6119);
#5518=AXIS2_PLACEMENT_3D('',#7870,#6121,#6122);
#5519=AXIS2_PLACEMENT_3D('',#7871,#6123,#6124);
#5520=AXIS2_PLACEMENT_3D('',#7872,#6125,#6126);
#5521=AXIS2_PLACEMENT_3D('',#7878,#6130,#6131);
#5522=AXIS2_PLACEMENT_3D('',#7882,#6133,#6134);
#5523=AXIS2_PLACEMENT_3D('',#7883,#6135,#6136);
#5524=AXIS2_PLACEMENT_3D('',#7884,#6137,#6138);
#5525=AXIS2_PLACEMENT_3D('',#7890,#6142,#6143);
#5526=AXIS2_PLACEMENT_3D('',#7891,#6144,#6145);
#5527=AXIS2_PLACEMENT_3D('',#7892,#6146,#6147);
#5528=AXIS2_PLACEMENT_3D('',#7893,#6148,#6149);
#5529=AXIS2_PLACEMENT_3D('',#7897,#6151,#6152);
#5530=AXIS2_PLACEMENT_3D('',#7899,#6154,#6155);
#5531=AXIS2_PLACEMENT_3D('',#7903,#6158,#6159);
#5532=AXIS2_PLACEMENT_3D('',#7906,#6161,#6162);
#5533=AXIS2_PLACEMENT_3D('',#7907,#6163,#6164);
#5534=AXIS2_PLACEMENT_3D('',#7911,#6167,#6168);
#5535=AXIS2_PLACEMENT_3D('',#7912,#6169,#6170);
#5536=AXIS2_PLACEMENT_3D('',#7922,#6171,#6172);
#5537=AXIS2_PLACEMENT_3D('',#7925,#6174,#6175);
#5538=AXIS2_PLACEMENT_3D('',#7926,#6176,#6177);
#5539=AXIS2_PLACEMENT_3D('',#7932,#6181,#6182);
#5540=AXIS2_PLACEMENT_3D('',#7936,#6184,#6185);
#5541=AXIS2_PLACEMENT_3D('',#7937,#6186,#6187);
#5542=AXIS2_PLACEMENT_3D('',#7938,#6188,#6189);
#5543=AXIS2_PLACEMENT_3D('',#7944,#6193,#6194);
#5544=AXIS2_PLACEMENT_3D('',#7948,#6196,#6197);
#5545=AXIS2_PLACEMENT_3D('',#7949,#6198,#6199);
#5546=AXIS2_PLACEMENT_3D('',#7950,#6200,#6201);
#5547=AXIS2_PLACEMENT_3D('',#7956,#6205,#6206);
#5548=AXIS2_PLACEMENT_3D('',#7965,#6207,#6208);
#5549=AXIS2_PLACEMENT_3D('',#7966,#6209,#6210);
#5550=AXIS2_PLACEMENT_3D('',#7967,#6211,#6212);
#5551=AXIS2_PLACEMENT_3D('',#7972,#6214,#6215);
#5552=AXIS2_PLACEMENT_3D('',#7976,#6217,#6218);
#5553=AXIS2_PLACEMENT_3D('',#7980,#6220,#6221);
#5554=AXIS2_PLACEMENT_3D('',#7983,#6223,#6224);
#5555=AXIS2_PLACEMENT_3D('',#7985,#6225,#6226);
#5556=AXIS2_PLACEMENT_3D('',#7987,#6227,#6228);
#5557=AXIS2_PLACEMENT_3D('',#7991,#6230,#6231);
#5558=AXIS2_PLACEMENT_3D('',#7995,#6233,#6234);
#5559=AXIS2_PLACEMENT_3D('',#7999,#6236,#6237);
#5560=AXIS2_PLACEMENT_3D('',#8001,#6238,#6239);
#5561=AXIS2_PLACEMENT_3D('',#8003,#6240,#6241);
#5562=AXIS2_PLACEMENT_3D('',#8007,#6243,#6244);
#5563=AXIS2_PLACEMENT_3D('',#8011,#6246,#6247);
#5564=AXIS2_PLACEMENT_3D('',#8015,#6249,#6250);
#5565=AXIS2_PLACEMENT_3D('',#8017,#6251,#6252);
#5566=AXIS2_PLACEMENT_3D('',#8019,#6253,#6254);
#5567=AXIS2_PLACEMENT_3D('',#8023,#6256,#6257);
#5568=AXIS2_PLACEMENT_3D('',#8027,#6259,#6260);
#5569=AXIS2_PLACEMENT_3D('',#8031,#6262,#6263);
#5570=AXIS2_PLACEMENT_3D('',#8032,#6264,#6265);
#5571=AXIS2_PLACEMENT_3D('',#8033,#6266,#6267);
#5572=AXIS2_PLACEMENT_3D('',#8043,#6269,#6270);
#5573=AXIS2_PLACEMENT_3D('',#8044,#6271,#6272);
#5574=AXIS2_PLACEMENT_3D('',#8048,#6275,#6276);
#5575=AXIS2_PLACEMENT_3D('',#8051,#6278,#6279);
#5576=AXIS2_PLACEMENT_3D('',#8052,#6280,#6281);
#5577=AXIS2_PLACEMENT_3D('',#8056,#6284,#6285);
#5578=AXIS2_PLACEMENT_3D('',#8059,#6287,#6288);
#5579=AXIS2_PLACEMENT_3D('',#8060,#6289,#6290);
#5580=AXIS2_PLACEMENT_3D('',#8064,#6293,#6294);
#5581=AXIS2_PLACEMENT_3D('',#8072,#6295,#6296);
#5582=AXIS2_PLACEMENT_3D('',#8073,#6297,#6298);
#5583=AXIS2_PLACEMENT_3D('',#8083,#6300,#6301);
#5584=AXIS2_PLACEMENT_3D('',#8084,#6302,#6303);
#5585=AXIS2_PLACEMENT_3D('',#8088,#6306,#6307);
#5586=AXIS2_PLACEMENT_3D('',#8091,#6309,#6310);
#5587=AXIS2_PLACEMENT_3D('',#8092,#6311,#6312);
#5588=AXIS2_PLACEMENT_3D('',#8096,#6315,#6316);
#5589=AXIS2_PLACEMENT_3D('',#8099,#6318,#6319);
#5590=AXIS2_PLACEMENT_3D('',#8100,#6320,#6321);
#5591=AXIS2_PLACEMENT_3D('',#8104,#6324,#6325);
#5592=AXIS2_PLACEMENT_3D('',#8112,#6326,#6327);
#5593=AXIS2_PLACEMENT_3D('',#8113,#6328,#6329);
#5594=AXIS2_PLACEMENT_3D('',#8123,#6331,#6332);
#5595=AXIS2_PLACEMENT_3D('',#8124,#6333,#6334);
#5596=AXIS2_PLACEMENT_3D('',#8128,#6337,#6338);
#5597=AXIS2_PLACEMENT_3D('',#8131,#6340,#6341);
#5598=AXIS2_PLACEMENT_3D('',#8132,#6342,#6343);
#5599=AXIS2_PLACEMENT_3D('',#8136,#6346,#6347);
#5600=AXIS2_PLACEMENT_3D('',#8139,#6349,#6350);
#5601=AXIS2_PLACEMENT_3D('',#8140,#6351,#6352);
#5602=AXIS2_PLACEMENT_3D('',#8144,#6355,#6356);
#5603=AXIS2_PLACEMENT_3D('',#8152,#6357,#6358);
#5604=AXIS2_PLACEMENT_3D('',#8153,#6359,#6360);
#5605=AXIS2_PLACEMENT_3D('',#8156,#6363,#6364);
#5606=AXIS2_PLACEMENT_3D('',#8158,#6366,#6367);
#5607=AXIS2_PLACEMENT_3D('',#8160,#6369,#6370);
#5608=AXIS2_PLACEMENT_3D('',#8163,#6372,#6373);
#5609=AXIS2_PLACEMENT_3D('',#8164,#6374,#6375);
#5610=AXIS2_PLACEMENT_3D('',#8168,#6378,#6379);
#5611=AXIS2_PLACEMENT_3D('',#8171,#6381,#6382);
#5612=AXIS2_PLACEMENT_3D('',#8172,#6383,#6384);
#5613=AXIS2_PLACEMENT_3D('',#8175,#6387,#6388);
#5614=AXIS2_PLACEMENT_3D('',#8176,#6389,#6390);
#5615=AXIS2_PLACEMENT_3D('',#8178,#6392,#6393);
#5616=AXIS2_PLACEMENT_3D('',#8182,#6395,#6396);
#5617=AXIS2_PLACEMENT_3D('',#8184,#6398,#6399);
#5618=AXIS2_PLACEMENT_3D('',#8188,#6401,#6402);
#5619=AXIS2_PLACEMENT_3D('',#8192,#6404,#6405);
#5620=AXIS2_PLACEMENT_3D('',#8194,#6406,#6407);
#5621=AXIS2_PLACEMENT_3D('',#8196,#6408,#6409);
#5622=AXIS2_PLACEMENT_3D('',#8198,#6411,#6412);
#5623=AXIS2_PLACEMENT_3D('',#8200,#6414,#6415);
#5624=AXIS2_PLACEMENT_3D('',#8204,#6417,#6418);
#5625=AXIS2_PLACEMENT_3D('',#8206,#6420,#6421);
#5626=AXIS2_PLACEMENT_3D('',#8210,#6424,#6425);
#5627=AXIS2_PLACEMENT_3D('',#8212,#6426,#6427);
#5628=AXIS2_PLACEMENT_3D('',#8214,#6429,#6430);
#5629=AXIS2_PLACEMENT_3D('',#8218,#6433,#6434);
#5630=AXIS2_PLACEMENT_3D('',#8222,#6436,#6437);
#5631=AXIS2_PLACEMENT_3D('',#8224,#6439,#6440);
#5632=AXIS2_PLACEMENT_3D('',#8228,#6443,#6444);
#5633=AXIS2_PLACEMENT_3D('',#8232,#6446,#6447);
#5634=AXIS2_PLACEMENT_3D('',#8234,#6449,#6450);
#5635=AXIS2_PLACEMENT_3D('',#8236,#6452,#6453);
#5636=AXIS2_PLACEMENT_3D('',#8240,#6455,#6456);
#5637=AXIS2_PLACEMENT_3D('',#8242,#6458,#6459);
#5638=AXIS2_PLACEMENT_3D('',#8246,#6462,#6463);
#5639=AXIS2_PLACEMENT_3D('',#8248,#6465,#6466);
#5640=AXIS2_PLACEMENT_3D('',#8250,#6467,#6468);
#5641=AXIS2_PLACEMENT_3D('',#8252,#6470,#6471);
#5642=AXIS2_PLACEMENT_3D('',#8256,#6474,#6475);
#5643=AXIS2_PLACEMENT_3D('',#8260,#6477,#6478);
#5644=AXIS2_PLACEMENT_3D('',#8262,#6480,#6481);
#5645=AXIS2_PLACEMENT_3D('',#8264,#6483,#6484);
#5646=AXIS2_PLACEMENT_3D('',#8268,#6486,#6487);
#5647=AXIS2_PLACEMENT_3D('',#8270,#6489,#6490);
#5648=AXIS2_PLACEMENT_3D('',#8273,#6492,#6493);
#5649=AXIS2_PLACEMENT_3D('',#8274,#6494,#6495);
#5650=AXIS2_PLACEMENT_3D('',#8275,#6496,#6497);
#5651=AXIS2_PLACEMENT_3D('',#8278,#6498,#6499);
#5652=AXIS2_PLACEMENT_3D('',#8279,#6500,#6501);
#5653=AXIS2_PLACEMENT_3D('',#8283,#6503,#6504);
#5654=AXIS2_PLACEMENT_3D('',#8289,#6509,#6510);
#5655=AXIS2_PLACEMENT_3D('',#8293,#6513,#6514);
#5656=AXIS2_PLACEMENT_3D('',#8294,#6515,#6516);
#5657=AXIS2_PLACEMENT_3D('',#8295,#6517,#6518);
#5658=AXIS2_PLACEMENT_3D('',#8297,#6520,#6521);
#5659=AXIS2_PLACEMENT_3D('',#8299,#6523,#6524);
#5660=AXIS2_PLACEMENT_3D('',#8300,#6525,#6526);
#5661=AXIS2_PLACEMENT_3D('',#8302,#6527,#6528);
#5662=AXIS2_PLACEMENT_3D('',#8304,#6530,#6531);
#5663=AXIS2_PLACEMENT_3D('',#8306,#6533,#6534);
#5664=AXIS2_PLACEMENT_3D('',#8307,#6535,#6536);
#5665=AXIS2_PLACEMENT_3D('',#8308,#6537,#6538);
#5666=AXIS2_PLACEMENT_3D('',#8309,#6539,#6540);
#5667=AXIS2_PLACEMENT_3D('',#8310,#6541,#6542);
#5668=AXIS2_PLACEMENT_3D('',#8311,#6543,#6544);
#5669=AXIS2_PLACEMENT_3D('',#8312,#6545,#6546);
#5670=AXIS2_PLACEMENT_3D('',#8313,#6547,#6548);
#5671=AXIS2_PLACEMENT_3D('',#8314,#6549,#6550);
#5672=AXIS2_PLACEMENT_3D('',#8316,#6551,#6552);
#5673=AXIS2_PLACEMENT_3D('',#8318,#6554,#6555);
#5674=AXIS2_PLACEMENT_3D('',#8320,#6556,#6557);
#5675=AXIS2_PLACEMENT_3D('',#8515,#6560,#6561);
#5676=AXIS2_PLACEMENT_3D('',#8684,#6564,#6565);
#5677=AXIS2_PLACEMENT_3D('',#8685,#6566,#6567);
#5678=AXIS2_PLACEMENT_3D('',#8686,#6568,#6569);
#5679=AXIS2_PLACEMENT_3D('',#8687,#6570,#6571);
#5680=AXIS2_PLACEMENT_3D('',#8689,#6572,#6573);
#5681=AXIS2_PLACEMENT_3D('',#8690,#6574,#6575);
#5682=AXIS2_PLACEMENT_3D('',#8692,#6577,#6578);
#5683=AXIS2_PLACEMENT_3D('',#8694,#6580,#6581);
#5684=AXIS2_PLACEMENT_3D('',#8695,#6582,#6583);
#5685=AXIS2_PLACEMENT_3D('',#8697,#6585,#6586);
#5686=AXIS2_PLACEMENT_3D('',#8698,#6587,#6588);
#5687=AXIS2_PLACEMENT_3D('',#8711,#6590,#6591);
#5688=AXIS2_PLACEMENT_3D('',#8719,#6592,#6593);
#5689=AXIS2_PLACEMENT_3D('',#8781,#6595,#6596);
#5690=AXIS2_PLACEMENT_3D('',#8786,#6598,#6599);
#5691=AXIS2_PLACEMENT_3D('',#8845,#6601,#6602);
#5692=AXIS2_PLACEMENT_3D('',#8848,#6603,#6604);
#5693=AXIS2_PLACEMENT_3D('',#8849,#6605,#6606);
#5694=AXIS2_PLACEMENT_3D('',#8852,#6608,#6609);
#5695=AXIS2_PLACEMENT_3D('',#8853,#6610,#6611);
#5696=AXIS2_PLACEMENT_3D('',#8855,#6612,#6613);
#5697=AXIS2_PLACEMENT_3D('',#8856,#6614,#6615);
#5698=AXIS2_PLACEMENT_3D('',#8858,#6616,#6617);
#5699=AXIS2_PLACEMENT_3D('',#8860,#6619,#6620);
#5700=AXIS2_PLACEMENT_3D('',#8862,#6621,#6622);
#5701=AXIS2_PLACEMENT_3D('',#8866,#6624,#6625);
#5702=AXIS2_PLACEMENT_3D('',#8867,#6626,#6627);
#5703=AXIS2_PLACEMENT_3D('',#8868,#6628,#6629);
#5704=AXIS2_PLACEMENT_3D('',#8870,#6630,#6631);
#5705=AXIS2_PLACEMENT_3D('',#8872,#6632,#6633);
#5706=AXIS2_PLACEMENT_3D('',#8873,#6634,#6635);
#5707=AXIS2_PLACEMENT_3D('',#8876,#6637,#6638);
#5708=AXIS2_PLACEMENT_3D('',#8877,#6639,#6640);
#5709=AXIS2_PLACEMENT_3D('',#8881,#6642,#6643);
#5710=AXIS2_PLACEMENT_3D('',#8882,#6644,#6645);
#5711=AXIS2_PLACEMENT_3D('',#8883,#6646,#6647);
#5712=AXIS2_PLACEMENT_3D('',#8886,#6649,#6650);
#5713=AXIS2_PLACEMENT_3D('',#8887,#6651,#6652);
#5714=AXIS2_PLACEMENT_3D('',#8891,#6654,#6655);
#5715=AXIS2_PLACEMENT_3D('',#8892,#6656,#6657);
#5716=AXIS2_PLACEMENT_3D('',#8893,#6658,#6659);
#5717=AXIS2_PLACEMENT_3D('',#8896,#6661,#6662);
#5718=AXIS2_PLACEMENT_3D('',#8897,#6663,#6664);
#5719=AXIS2_PLACEMENT_3D('',#8900,#6666,#6667);
#5720=AXIS2_PLACEMENT_3D('',#9582,#6671,#6672);
#5721=AXIS2_PLACEMENT_3D('',#9583,#6673,#6674);
#5722=AXIS2_PLACEMENT_3D('',#9584,#6675,#6676);
#5723=AXIS2_PLACEMENT_3D('',#9585,#6677,#6678);
#5724=AXIS2_PLACEMENT_3D('',#9586,#6679,#6680);
#5725=AXIS2_PLACEMENT_3D('',#9588,#6681,#6682);
#5726=AXIS2_PLACEMENT_3D('',#9589,#6683,#6684);
#5727=AXIS2_PLACEMENT_3D('',#9591,#6686,#6687);
#5728=AXIS2_PLACEMENT_3D('',#9592,#6688,#6689);
#5729=AXIS2_PLACEMENT_3D('',#9593,#6690,#6691);
#5730=AXIS2_PLACEMENT_3D('',#9600,#6692,#6693);
#5731=AXIS2_PLACEMENT_3D('',#9605,#6694,#6695);
#5732=AXIS2_PLACEMENT_3D('',#9606,#6696,#6697);
#5733=AXIS2_PLACEMENT_3D('',#9614,#6702,#6703);
#5734=AXIS2_PLACEMENT_3D('',#9622,#6707,#6708);
#5735=AXIS2_PLACEMENT_3D('',#9630,#6712,#6713);
#5736=AXIS2_PLACEMENT_3D('',#9638,#6717,#6718);
#5737=AXIS2_PLACEMENT_3D('',#9646,#6722,#6723);
#5738=AXIS2_PLACEMENT_3D('',#9654,#6727,#6728);
#5739=AXIS2_PLACEMENT_3D('',#9662,#6732,#6733);
#5740=AXIS2_PLACEMENT_3D('',#9670,#6737,#6738);
#5741=AXIS2_PLACEMENT_3D('',#9678,#6742,#6743);
#5742=AXIS2_PLACEMENT_3D('',#9686,#6747,#6748);
#5743=AXIS2_PLACEMENT_3D('',#9694,#6752,#6753);
#5744=AXIS2_PLACEMENT_3D('',#9702,#6757,#6758);
#5745=AXIS2_PLACEMENT_3D('',#9710,#6762,#6763);
#5746=AXIS2_PLACEMENT_3D('',#9718,#6767,#6768);
#5747=AXIS2_PLACEMENT_3D('',#9726,#6772,#6773);
#5748=AXIS2_PLACEMENT_3D('',#9734,#6777,#6778);
#5749=AXIS2_PLACEMENT_3D('',#9738,#6781,#6782);
#5750=AXIS2_PLACEMENT_3D('',#9747,#6783,#6784);
#5751=AXIS2_PLACEMENT_3D('',#9748,#6785,#6786);
#5752=AXIS2_PLACEMENT_3D('',#9754,#6790,#6791);
#5753=AXIS2_PLACEMENT_3D('',#9763,#6792,#6793);
#5754=AXIS2_PLACEMENT_3D('',#9764,#6794,#6795);
#5755=AXIS2_PLACEMENT_3D('',#9770,#6799,#6800);
#5756=AXIS2_PLACEMENT_3D('',#9779,#6801,#6802);
#5757=AXIS2_PLACEMENT_3D('',#9780,#6803,#6804);
#5758=AXIS2_PLACEMENT_3D('',#9786,#6808,#6809);
#5759=AXIS2_PLACEMENT_3D('',#9795,#6810,#6811);
#5760=AXIS2_PLACEMENT_3D('',#9796,#6812,#6813);
#5761=AXIS2_PLACEMENT_3D('',#9802,#6817,#6818);
#5762=AXIS2_PLACEMENT_3D('',#9811,#6819,#6820);
#5763=AXIS2_PLACEMENT_3D('',#9812,#6821,#6822);
#5764=AXIS2_PLACEMENT_3D('',#9818,#6826,#6827);
#5765=AXIS2_PLACEMENT_3D('',#9827,#6828,#6829);
#5766=AXIS2_PLACEMENT_3D('',#9828,#6830,#6831);
#5767=AXIS2_PLACEMENT_3D('',#9834,#6835,#6836);
#5768=AXIS2_PLACEMENT_3D('',#9843,#6837,#6838);
#5769=AXIS2_PLACEMENT_3D('',#9844,#6839,#6840);
#5770=AXIS2_PLACEMENT_3D('',#9850,#6844,#6845);
#5771=AXIS2_PLACEMENT_3D('',#9859,#6846,#6847);
#5772=AXIS2_PLACEMENT_3D('',#9860,#6848,#6849);
#5773=AXIS2_PLACEMENT_3D('',#9866,#6853,#6854);
#5774=AXIS2_PLACEMENT_3D('',#9875,#6855,#6856);
#5775=AXIS2_PLACEMENT_3D('',#9876,#6857,#6858);
#5776=AXIS2_PLACEMENT_3D('',#9880,#6860,#6861);
#5777=AXIS2_PLACEMENT_3D('',#9882,#6863,#6864);
#5778=AXIS2_PLACEMENT_3D('',#9886,#6867,#6868);
#5779=AXIS2_PLACEMENT_3D('',#9895,#6869,#6870);
#5780=AXIS2_PLACEMENT_3D('',#9896,#6871,#6872);
#5781=AXIS2_PLACEMENT_3D('',#9900,#6874,#6875);
#5782=AXIS2_PLACEMENT_3D('',#9902,#6877,#6878);
#5783=AXIS2_PLACEMENT_3D('',#9906,#6881,#6882);
#5784=AXIS2_PLACEMENT_3D('',#9915,#6883,#6884);
#5785=AXIS2_PLACEMENT_3D('',#9916,#6885,#6886);
#5786=AXIS2_PLACEMENT_3D('',#9920,#6888,#6889);
#5787=AXIS2_PLACEMENT_3D('',#9922,#6891,#6892);
#5788=AXIS2_PLACEMENT_3D('',#9926,#6895,#6896);
#5789=AXIS2_PLACEMENT_3D('',#9935,#6897,#6898);
#5790=AXIS2_PLACEMENT_3D('',#9936,#6899,#6900);
#5791=AXIS2_PLACEMENT_3D('',#9940,#6902,#6903);
#5792=AXIS2_PLACEMENT_3D('',#9942,#6905,#6906);
#5793=AXIS2_PLACEMENT_3D('',#9946,#6909,#6910);
#5794=AXIS2_PLACEMENT_3D('',#9955,#6911,#6912);
#5795=AXIS2_PLACEMENT_3D('',#9956,#6913,#6914);
#5796=AXIS2_PLACEMENT_3D('',#9960,#6916,#6917);
#5797=AXIS2_PLACEMENT_3D('',#9962,#6919,#6920);
#5798=AXIS2_PLACEMENT_3D('',#9966,#6923,#6924);
#5799=AXIS2_PLACEMENT_3D('',#9975,#6925,#6926);
#5800=AXIS2_PLACEMENT_3D('',#9976,#6927,#6928);
#5801=AXIS2_PLACEMENT_3D('',#9980,#6930,#6931);
#5802=AXIS2_PLACEMENT_3D('',#9982,#6933,#6934);
#5803=AXIS2_PLACEMENT_3D('',#9986,#6937,#6938);
#5804=AXIS2_PLACEMENT_3D('',#9995,#6939,#6940);
#5805=AXIS2_PLACEMENT_3D('',#9996,#6941,#6942);
#5806=AXIS2_PLACEMENT_3D('',#10000,#6944,#6945);
#5807=AXIS2_PLACEMENT_3D('',#10002,#6947,#6948);
#5808=AXIS2_PLACEMENT_3D('',#10006,#6951,#6952);
#5809=AXIS2_PLACEMENT_3D('',#10010,#6955,#6956);
#5810=AXIS2_PLACEMENT_3D('',#10012,#6958,#6959);
#5811=AXIS2_PLACEMENT_3D('',#10016,#6962,#6963);
#5812=AXIS2_PLACEMENT_3D('',#10018,#6965,#6966);
#5813=AXIS2_PLACEMENT_3D('',#10022,#6969,#6970);
#5814=AXIS2_PLACEMENT_3D('',#10024,#6972,#6973);
#5815=AXIS2_PLACEMENT_3D('',#10028,#6976,#6977);
#5816=AXIS2_PLACEMENT_3D('',#10030,#6979,#6980);
#5817=AXIS2_PLACEMENT_3D('',#10034,#6983,#6984);
#5818=AXIS2_PLACEMENT_3D('',#10036,#6986,#6987);
#5819=AXIS2_PLACEMENT_3D('',#10040,#6990,#6991);
#5820=AXIS2_PLACEMENT_3D('',#10042,#6993,#6994);
#5821=AXIS2_PLACEMENT_3D('',#10046,#6997,#6998);
#5822=AXIS2_PLACEMENT_3D('',#10050,#7001,#7002);
#5823=AXIS2_PLACEMENT_3D('',#10056,#7006,#7007);
#5824=AXIS2_PLACEMENT_3D('',#10058,#7009,#7010);
#5825=AXIS2_PLACEMENT_3D('',#10062,#7013,#7014);
#5826=AXIS2_PLACEMENT_3D('',#10066,#7017,#7018);
#5827=AXIS2_PLACEMENT_3D('',#10072,#7022,#7023);
#5828=AXIS2_PLACEMENT_3D('',#10074,#7025,#7026);
#5829=AXIS2_PLACEMENT_3D('',#10078,#7029,#7030);
#5830=AXIS2_PLACEMENT_3D('',#10082,#7033,#7034);
#5831=AXIS2_PLACEMENT_3D('',#10088,#7038,#7039);
#5832=AXIS2_PLACEMENT_3D('',#10090,#7041,#7042);
#5833=AXIS2_PLACEMENT_3D('',#10094,#7045,#7046);
#5834=AXIS2_PLACEMENT_3D('',#10098,#7049,#7050);
#5835=AXIS2_PLACEMENT_3D('',#10104,#7054,#7055);
#5836=AXIS2_PLACEMENT_3D('',#10106,#7057,#7058);
#5837=AXIS2_PLACEMENT_3D('',#10107,#7059,#7060);
#5838=AXIS2_PLACEMENT_3D('',#10108,#7061,#7062);
#5839=AXIS2_PLACEMENT_3D('',#10109,#7063,#7064);
#5840=AXIS2_PLACEMENT_3D('',#10110,#7065,#7066);
#5841=AXIS2_PLACEMENT_3D('',#10111,#7067,#7068);
#5842=AXIS2_PLACEMENT_3D('',#10112,#7069,#7070);
#5843=AXIS2_PLACEMENT_3D('',#10113,#7071,#7072);
#5844=AXIS2_PLACEMENT_3D('',#10114,#7073,#7074);
#5845=AXIS2_PLACEMENT_3D('',#10115,#7075,#7076);
#5846=AXIS2_PLACEMENT_3D('',#10116,#7077,#7078);
#5847=AXIS2_PLACEMENT_3D('',#10117,#7079,#7080);
#5848=AXIS2_PLACEMENT_3D('',#10118,#7081,#7082);
#5849=AXIS2_PLACEMENT_3D('',#10119,#7083,#7084);
#5850=AXIS2_PLACEMENT_3D('',#10120,#7085,#7086);
#5851=AXIS2_PLACEMENT_3D('',#10121,#7087,#7088);
#5852=AXIS2_PLACEMENT_3D('',#10122,#7089,#7090);
#5853=AXIS2_PLACEMENT_3D('',#10126,#7093,#7094);
#5854=AXIS2_PLACEMENT_3D('',#10130,#7097,#7098);
#5855=AXIS2_PLACEMENT_3D('',#10134,#7101,#7102);
#5856=AXIS2_PLACEMENT_3D('',#10136,#7104,#7105);
#5857=AXIS2_PLACEMENT_3D('',#10139,#7106,#7107);
#5858=AXIS2_PLACEMENT_3D('',#10143,#7109,#7110);
#5859=AXIS2_PLACEMENT_3D('',#10145,#7112,#7113);
#5860=AXIS2_PLACEMENT_3D('',#10149,#7115,#7116);
#5861=AXIS2_PLACEMENT_3D('',#10151,#7117,#7118);
#5862=AXIS2_PLACEMENT_3D('',#10153,#7119,#7120);
#5863=AXIS2_PLACEMENT_3D('',#10157,#7122,#7123);
#5864=AXIS2_PLACEMENT_3D('',#10158,#7124,#7125);
#5865=AXIS2_PLACEMENT_3D('',#10159,#7126,#7127);
#5866=AXIS2_PLACEMENT_3D('',#10163,#7130,#7131);
#5867=AXIS2_PLACEMENT_3D('',#10165,#7132,#7133);
#5868=AXIS2_PLACEMENT_3D('',#10167,#7135,#7136);
#5869=AXIS2_PLACEMENT_3D('',#10171,#7138,#7139);
#5870=AXIS2_PLACEMENT_3D('',#10173,#7141,#7142);
#5871=AXIS2_PLACEMENT_3D('',#10177,#7145,#7146);
#5872=AXIS2_PLACEMENT_3D('',#10179,#7147,#7148);
#5873=AXIS2_PLACEMENT_3D('',#10181,#7150,#7151);
#5874=AXIS2_PLACEMENT_3D('',#10182,#7152,#7153);
#5875=AXIS2_PLACEMENT_3D('',#10183,#7154,#7155);
#5876=AXIS2_PLACEMENT_3D('',#10186,#7156,#7157);
#5877=AXIS2_PLACEMENT_3D('',#10190,#7159,#7160);
#5878=AXIS2_PLACEMENT_3D('',#10192,#7162,#7163);
#5879=AXIS2_PLACEMENT_3D('',#10194,#7164,#7165);
#5880=AXIS2_PLACEMENT_3D('',#10197,#7167,#7168);
#5881=AXIS2_PLACEMENT_3D('',#10198,#7169,#7170);
#5882=AXIS2_PLACEMENT_3D('',#10201,#7171,#7172);
#5883=AXIS2_PLACEMENT_3D('',#10205,#7174,#7175);
#5884=AXIS2_PLACEMENT_3D('',#10207,#7177,#7178);
#5885=AXIS2_PLACEMENT_3D('',#10210,#7180,#7181);
#5886=AXIS2_PLACEMENT_3D('',#10212,#7182,#7183);
#5887=AXIS2_PLACEMENT_3D('',#10215,#7185,#7186);
#5888=AXIS2_PLACEMENT_3D('',#10216,#7187,#7188);
#5889=AXIS2_PLACEMENT_3D('',#10218,#7189,#7190);
#5890=AXIS2_PLACEMENT_3D('',#10220,#7192,#7193);
#5891=AXIS2_PLACEMENT_3D('',#10222,#7194,#7195);
#5892=AXIS2_PLACEMENT_3D('',#10224,#7197,#7198);
#5893=AXIS2_PLACEMENT_3D('',#10228,#7201,#7202);
#5894=AXIS2_PLACEMENT_3D('',#10229,#7203,#7204);
#5895=AXIS2_PLACEMENT_3D('',#10230,#7205,#7206);
#5896=AXIS2_PLACEMENT_3D('',#10233,#7207,#7208);
#5897=AXIS2_PLACEMENT_3D('',#10237,#7210,#7211);
#5898=AXIS2_PLACEMENT_3D('',#10239,#7213,#7214);
#5899=AXIS2_PLACEMENT_3D('',#10241,#7215,#7216);
#5900=AXIS2_PLACEMENT_3D('',#10244,#7218,#7219);
#5901=AXIS2_PLACEMENT_3D('',#10245,#7220,#7221);
#5902=AXIS2_PLACEMENT_3D('',#10248,#7222,#7223);
#5903=AXIS2_PLACEMENT_3D('',#10252,#7225,#7226);
#5904=AXIS2_PLACEMENT_3D('',#10254,#7228,#7229);
#5905=AXIS2_PLACEMENT_3D('',#10257,#7231,#7232);
#5906=AXIS2_PLACEMENT_3D('',#10259,#7233,#7234);
#5907=AXIS2_PLACEMENT_3D('',#10262,#7236,#7237);
#5908=AXIS2_PLACEMENT_3D('',#10263,#7238,#7239);
#5909=AXIS2_PLACEMENT_3D('',#10265,#7240,#7241);
#5910=AXIS2_PLACEMENT_3D('',#10267,#7243,#7244);
#5911=AXIS2_PLACEMENT_3D('',#10269,#7245,#7246);
#5912=AXIS2_PLACEMENT_3D('',#10271,#7248,#7249);
#5913=AXIS2_PLACEMENT_3D('',#10275,#7252,#7253);
#5914=AXIS2_PLACEMENT_3D('',#10276,#7254,#7255);
#5915=AXIS2_PLACEMENT_3D('',#10277,#7256,#7257);
#5916=AXIS2_PLACEMENT_3D('',#10280,#7258,#7259);
#5917=AXIS2_PLACEMENT_3D('',#10284,#7261,#7262);
#5918=AXIS2_PLACEMENT_3D('',#10286,#7264,#7265);
#5919=AXIS2_PLACEMENT_3D('',#10288,#7266,#7267);
#5920=AXIS2_PLACEMENT_3D('',#10291,#7269,#7270);
#5921=AXIS2_PLACEMENT_3D('',#10292,#7271,#7272);
#5922=AXIS2_PLACEMENT_3D('',#10295,#7273,#7274);
#5923=AXIS2_PLACEMENT_3D('',#10299,#7276,#7277);
#5924=AXIS2_PLACEMENT_3D('',#10301,#7279,#7280);
#5925=AXIS2_PLACEMENT_3D('',#10304,#7282,#7283);
#5926=AXIS2_PLACEMENT_3D('',#10306,#7284,#7285);
#5927=AXIS2_PLACEMENT_3D('',#10309,#7287,#7288);
#5928=AXIS2_PLACEMENT_3D('',#10310,#7289,#7290);
#5929=AXIS2_PLACEMENT_3D('',#10312,#7291,#7292);
#5930=AXIS2_PLACEMENT_3D('',#10314,#7294,#7295);
#5931=AXIS2_PLACEMENT_3D('',#10316,#7296,#7297);
#5932=AXIS2_PLACEMENT_3D('',#10318,#7299,#7300);
#5933=AXIS2_PLACEMENT_3D('',#10322,#7303,#7304);
#5934=AXIS2_PLACEMENT_3D('',#10323,#7305,#7306);
#5935=AXIS2_PLACEMENT_3D('',#10324,#7307,#7308);
#5936=AXIS2_PLACEMENT_3D('',#10327,#7309,#7310);
#5937=AXIS2_PLACEMENT_3D('',#10331,#7312,#7313);
#5938=AXIS2_PLACEMENT_3D('',#10333,#7315,#7316);
#5939=AXIS2_PLACEMENT_3D('',#10335,#7317,#7318);
#5940=AXIS2_PLACEMENT_3D('',#10338,#7320,#7321);
#5941=AXIS2_PLACEMENT_3D('',#10339,#7322,#7323);
#5942=AXIS2_PLACEMENT_3D('',#10342,#7324,#7325);
#5943=AXIS2_PLACEMENT_3D('',#10346,#7327,#7328);
#5944=AXIS2_PLACEMENT_3D('',#10348,#7330,#7331);
#5945=AXIS2_PLACEMENT_3D('',#10351,#7333,#7334);
#5946=AXIS2_PLACEMENT_3D('',#10353,#7335,#7336);
#5947=AXIS2_PLACEMENT_3D('',#10356,#7338,#7339);
#5948=AXIS2_PLACEMENT_3D('',#10357,#7340,#7341);
#5949=AXIS2_PLACEMENT_3D('',#10359,#7342,#7343);
#5950=AXIS2_PLACEMENT_3D('',#10361,#7345,#7346);
#5951=AXIS2_PLACEMENT_3D('',#10363,#7347,#7348);
#5952=AXIS2_PLACEMENT_3D('',#10365,#7350,#7351);
#5953=AXIS2_PLACEMENT_3D('',#10369,#7354,#7355);
#5954=AXIS2_PLACEMENT_3D('',#10370,#7356,#7357);
#5955=AXIS2_PLACEMENT_3D('',#10371,#7358,#7359);
#5956=AXIS2_PLACEMENT_3D('',#10374,#7360,#7361);
#5957=AXIS2_PLACEMENT_3D('',#10378,#7363,#7364);
#5958=AXIS2_PLACEMENT_3D('',#10380,#7366,#7367);
#5959=AXIS2_PLACEMENT_3D('',#10382,#7368,#7369);
#5960=AXIS2_PLACEMENT_3D('',#10385,#7371,#7372);
#5961=AXIS2_PLACEMENT_3D('',#10386,#7373,#7374);
#5962=AXIS2_PLACEMENT_3D('',#10389,#7375,#7376);
#5963=AXIS2_PLACEMENT_3D('',#10393,#7378,#7379);
#5964=AXIS2_PLACEMENT_3D('',#10395,#7381,#7382);
#5965=AXIS2_PLACEMENT_3D('',#10398,#7384,#7385);
#5966=AXIS2_PLACEMENT_3D('',#10400,#7386,#7387);
#5967=AXIS2_PLACEMENT_3D('',#10403,#7389,#7390);
#5968=AXIS2_PLACEMENT_3D('',#10404,#7391,#7392);
#5969=AXIS2_PLACEMENT_3D('',#10406,#7393,#7394);
#5970=AXIS2_PLACEMENT_3D('',#10408,#7396,#7397);
#5971=AXIS2_PLACEMENT_3D('',#10410,#7398,#7399);
#5972=AXIS2_PLACEMENT_3D('',#10412,#7401,#7402);
#5973=AXIS2_PLACEMENT_3D('',#10416,#7405,#7406);
#5974=AXIS2_PLACEMENT_3D('',#10417,#7407,#7408);
#5975=AXIS2_PLACEMENT_3D('',#10418,#7409,#7410);
#5976=AXIS2_PLACEMENT_3D('',#10420,#7411,#7412);
#5977=AXIS2_PLACEMENT_3D('',#10423,#7414,#7415);
#5978=AXIS2_PLACEMENT_3D('',#10424,#7416,#7417);
#5979=AXIS2_PLACEMENT_3D('',#10425,#7418,#7419);
#5980=AXIS2_PLACEMENT_3D('',#10426,#7420,#7421);
#5981=AXIS2_PLACEMENT_3D('',#10427,#7422,#7423);
#5982=AXIS2_PLACEMENT_3D('',#10428,#7424,#7425);
#5983=AXIS2_PLACEMENT_3D('',#10429,#7426,#7427);
#5984=AXIS2_PLACEMENT_3D('',#10430,#7428,#7429);
#5985=AXIS2_PLACEMENT_3D('',#10431,#7430,#7431);
#5986=AXIS2_PLACEMENT_3D('',#10433,#7432,#7433);
#5987=AXIS2_PLACEMENT_3D('',#10434,#7434,#7435);
#5988=AXIS2_PLACEMENT_3D('',#10436,#7437,#7438);
#5989=AXIS2_PLACEMENT_3D('',#10438,#7440,#7441);
#5990=AXIS2_PLACEMENT_3D('',#10440,#7443,#7444);
#5991=AXIS2_PLACEMENT_3D('',#10442,#7446,#7447);
#5992=AXIS2_PLACEMENT_3D('',#10444,#7449,#7450);
#5993=AXIS2_PLACEMENT_3D('',#10445,#7451,#7452);
#5994=AXIS2_PLACEMENT_3D('',#10446,#7453,#7454);
#5995=AXIS2_PLACEMENT_3D('',#10447,#7455,#7456);
#5996=AXIS2_PLACEMENT_3D('',#10449,#7457,#7458);
#5997=AXIS2_PLACEMENT_3D('',#10452,#7460,#7461);
#5998=AXIS2_PLACEMENT_3D('',#10453,#7462,#7463);
#5999=AXIS2_PLACEMENT_3D('',#10454,#7464,#7465);
#6000=AXIS2_PLACEMENT_3D('',#10456,#7466,#7467);
#6001=AXIS2_PLACEMENT_3D('',#10459,#7469,#7470);
#6002=AXIS2_PLACEMENT_3D('',#10460,#7471,#7472);
#6003=AXIS2_PLACEMENT_3D('',#10461,#7473,#7474);
#6004=AXIS2_PLACEMENT_3D('',#10463,#7475,#7476);
#6005=AXIS2_PLACEMENT_3D('',#10466,#7478,#7479);
#6006=AXIS2_PLACEMENT_3D('',#10467,#7480,#7481);
#6007=AXIS2_PLACEMENT_3D('',#10468,#7482,#7483);
#6008=AXIS2_PLACEMENT_3D('',#10470,#7484,#7485);
#6009=AXIS2_PLACEMENT_3D('',#10473,#7487,#7488);
#6010=AXIS2_PLACEMENT_3D('',#10474,#7489,#7490);
#6011=AXIS2_PLACEMENT_3D('',#10475,#7491,#7492);
#6012=AXIS2_PLACEMENT_3D('',#10476,#7493,#7494);
#6013=AXIS2_PLACEMENT_3D('',#10478,#7495,#7496);
#6014=AXIS2_PLACEMENT_3D('',#10479,#7497,#7498);
#6015=AXIS2_PLACEMENT_3D('',#10481,#7499,#7500);
#6016=AXIS2_PLACEMENT_3D('',#10483,#7501,#7502);
#6017=AXIS2_PLACEMENT_3D('',#10484,#7503,#7504);
#6018=AXIS2_PLACEMENT_3D('',#10486,#7506,#7507);
#6019=AXIS2_PLACEMENT_3D('',#10488,#7509,#7510);
#6020=AXIS2_PLACEMENT_3D('',#10489,#7511,#7512);
#6021=AXIS2_PLACEMENT_3D('',#10498,#7517,#7518);
#6022=AXIS2_PLACEMENT_3D('',#10504,#7522,#7523);
#6023=AXIS2_PLACEMENT_3D('',#10510,#7527,#7528);
#6024=AXIS2_PLACEMENT_3D('',#10519,#7533,#7534);
#6025=AXIS2_PLACEMENT_3D('',#10525,#7538,#7539);
#6026=AXIS2_PLACEMENT_3D('',#10531,#7543,#7544);
#6027=AXIS2_PLACEMENT_3D('',#10533,#7545,#7546);
#6028=AXIS2_PLACEMENT_3D('',#10536,#7548,#7549);
#6029=AXIS2_PLACEMENT_3D('',#10537,#7550,#7551);
#6030=AXIS2_PLACEMENT_3D('',#10538,#7552,#7553);
#6031=AXIS2_PLACEMENT_3D('',#10539,#7554,#7555);
#6032=AXIS2_PLACEMENT_3D('',#10540,#7556,#7557);
#6033=AXIS2_PLACEMENT_3D('',#10542,#7558,#7559);
#6034=AXIS2_PLACEMENT_3D('',#10545,#7561,#7562);
#6035=AXIS2_PLACEMENT_3D('',#10546,#7563,#7564);
#6036=AXIS2_PLACEMENT_3D('',#10555,#7569,#7570);
#6037=AXIS2_PLACEMENT_3D('',#10563,#7575,#7576);
#6038=AXIS2_PLACEMENT_3D('',#10567,#7578,#7579);
#6039=AXIS2_PLACEMENT_3D('',#10574,#7583,#7584);
#6040=AXIS2_PLACEMENT_3D('',#10575,#7585,#7586);
#6041=AXIS2_PLACEMENT_3D('',#10581,#7590,#7591);
#6042=AXIS2_PLACEMENT_3D('',#10585,#7593,#7594);
#6043=AXIS2_PLACEMENT_3D('',#10589,#7597,#7598);
#6044=AXIS2_PLACEMENT_3D('',#10598,#7603,#7604);
#6045=AXIS2_PLACEMENT_3D('',#10600,#7605,#7606);
#6046=AXIS2_PLACEMENT_3D('',#10603,#7608,#7609);
#6047=AXIS2_PLACEMENT_3D('',#10604,#7610,#7611);
#6048=AXIS2_PLACEMENT_3D('',#10610,#7615,#7616);
#6049=AXIS2_PLACEMENT_3D('',#10613,#7618,#7619);
#6050=AXIS2_PLACEMENT_3D('',#10615,#7620,#7621);
#6051=AXIS2_PLACEMENT_3D('',#10617,#7623,#7624);
#6052=AXIS2_PLACEMENT_3D('',#10619,#7626,#7627);
#6053=AXIS2_PLACEMENT_3D('',#10624,#7631,#7632);
#6054=AXIS2_PLACEMENT_3D('',#10626,#7633,#7634);
#6055=AXIS2_PLACEMENT_3D('',#10628,#7636,#7637);
#6056=AXIS2_PLACEMENT_3D('',#10630,#7639,#7640);
#6057=AXIS2_PLACEMENT_3D('',#10634,#7643,#7644);
#6058=AXIS2_PLACEMENT_3D('',#10636,#7646,#7647);
#6059=AXIS2_PLACEMENT_3D('',#10638,#7649,#7650);
#6060=AXIS2_PLACEMENT_3D('',#10641,#7653,#7654);
#6061=AXIS2_PLACEMENT_3D('',#10642,#7655,#7656);
#6062=AXIS2_PLACEMENT_3D('',#10643,#7657,#7658);
#6063=AXIS2_PLACEMENT_3D('',#10644,#7659,#7660);
#6064=AXIS2_PLACEMENT_3D('',#10645,#7661,#7662);
#6065=AXIS2_PLACEMENT_3D('',#10646,#7663,#7664);
#6066=AXIS2_PLACEMENT_3D('',#10647,#7665,#7666);
#6067=AXIS2_PLACEMENT_3D('',#10648,#7667,#7668);
#6068=AXIS2_PLACEMENT_3D('',#10649,#7669,#7670);
#6069=AXIS2_PLACEMENT_3D('',#10650,#7671,#7672);
#6070=AXIS2_PLACEMENT_3D('',#10651,#7673,#7674);
#6071=AXIS2_PLACEMENT_3D('',#10652,#7675,#7676);
#6072=AXIS2_PLACEMENT_3D('',#10653,#7677,#7678);
#6073=AXIS2_PLACEMENT_3D('',#10654,#7679,#7680);
#6074=DIRECTION('axis',(0.,0.,1.));
#6075=DIRECTION('refdir',(1.,0.,0.));
#6076=DIRECTION('axis',(0.,0.,1.));
#6077=DIRECTION('refdir',(1.,0.,0.));
#6078=DIRECTION('center_axis',(0.,0.,1.));
#6079=DIRECTION('ref_axis',(1.,0.,0.));
#6080=DIRECTION('',(0.,0.,-1.));
#6081=DIRECTION('',(0.,0.,-1.));
#6082=DIRECTION('',(0.,0.,-1.));
#6083=DIRECTION('center_axis',(2.32192607687166E-32,-1.58313141604887E-33,
1.));
#6084=DIRECTION('ref_axis',(1.,0.,0.));
#6085=DIRECTION('center_axis',(0.,0.,1.));
#6086=DIRECTION('ref_axis',(1.,0.,0.));
#6087=DIRECTION('',(0.,0.,-1.));
#6088=DIRECTION('',(0.,0.,1.));
#6089=DIRECTION('',(0.,0.,-1.));
#6090=DIRECTION('center_axis',(0.,0.,-1.));
#6091=DIRECTION('ref_axis',(1.,0.,0.));
#6092=DIRECTION('center_axis',(0.,0.,-1.));
#6093=DIRECTION('ref_axis',(1.33559013886729E-6,0.999999999999108,0.));
#6094=DIRECTION('',(0.,0.,1.));
#6095=DIRECTION('',(0.,0.,-1.));
#6096=DIRECTION('center_axis',(0.,0.,-1.));
#6097=DIRECTION('ref_axis',(-1.,0.,0.));
#6098=DIRECTION('',(0.,0.,1.));
#6099=DIRECTION('',(0.,0.,-1.));
#6100=DIRECTION('center_axis',(0.707106781186548,-2.61682076447296E-16,
-0.707106781186548));
#6101=DIRECTION('ref_axis',(-0.707106781186548,0.,-0.707106781186548));
#6102=DIRECTION('',(-0.707106781186548,-7.85046229341887E-15,-0.707106781186548));
#6103=DIRECTION('',(3.70074341541719E-16,1.,1.58313141604886E-33));
#6104=DIRECTION('',(0.707106781186548,0.,0.707106781186548));
#6105=DIRECTION('',(-3.70074341541719E-16,-1.,-1.58313141604886E-33));
#6106=DIRECTION('center_axis',(0.,0.,1.));
#6107=DIRECTION('ref_axis',(1.,1.62832710278357E-15,-1.11258957850101E-32));
#6108=DIRECTION('',(0.,0.707106781186548,-0.707106781186548));
#6109=DIRECTION('center_axis',(2.32192607687166E-32,-1.58313141604887E-33,
1.));
#6110=DIRECTION('ref_axis',(1.,1.62832710278357E-15,-2.32192607687166E-32));
#6111=DIRECTION('center_axis',(-2.32192607687166E-32,1.58313141604887E-33,
-1.));
#6112=DIRECTION('ref_axis',(1.,1.62832710278357E-15,0.));
#6113=DIRECTION('center_axis',(-1.04672830578918E-16,-0.707106781186548,
-0.707106781186548));
#6114=DIRECTION('ref_axis',(-1.,0.,1.48029736616688E-16));
#6115=DIRECTION('',(7.85046229341887E-15,0.707106781186548,-0.707106781186548));
#6116=DIRECTION('',(1.,-1.48029736616688E-16,-2.32192607687166E-32));
#6117=DIRECTION('',(-1.,1.48029736616688E-16,2.32192607687166E-32));
#6118=DIRECTION('center_axis',(0.,0.,1.));
#6119=DIRECTION('ref_axis',(-1.92438657601693E-15,-1.,-7.58583803523393E-34));
#6120=DIRECTION('',(0.707106781186544,0.,-0.707106781186551));
#6121=DIRECTION('center_axis',(2.32192607687166E-32,-1.58313141604887E-33,
1.));
#6122=DIRECTION('ref_axis',(-1.92438657601693E-15,-1.,-1.58313141604882E-33));
#6123=DIRECTION('center_axis',(-2.32192607687166E-32,1.58313141604887E-33,
-1.));
#6124=DIRECTION('ref_axis',(-1.92438657601693E-15,-1.,0.));
#6125=DIRECTION('center_axis',(-0.707106781186548,3.14018491736755E-16,
-0.707106781186548));
#6126=DIRECTION('ref_axis',(-0.707106781186548,0.,0.707106781186548));
#6127=DIRECTION('',(0.707106781186548,0.,-0.707106781186548));
#6128=DIRECTION('',(-4.44089209850063E-16,-1.,-1.58313141604886E-33));
#6129=DIRECTION('',(4.44089209850063E-16,1.,1.58313141604886E-33));
#6130=DIRECTION('center_axis',(0.,0.,1.));
#6131=DIRECTION('ref_axis',(-1.,1.48029736616688E-16,1.11258957850101E-32));
#6132=DIRECTION('',(0.,-0.707106781186548,-0.707106781186548));
#6133=DIRECTION('center_axis',(2.32192607687166E-32,-1.58313141604887E-33,
1.));
#6134=DIRECTION('ref_axis',(-1.,1.48029736616688E-16,2.32192607687166E-32));
#6135=DIRECTION('center_axis',(-2.32192607687166E-32,1.58313141604887E-33,
-1.));
#6136=DIRECTION('ref_axis',(-1.,1.48029736616688E-16,0.));
#6137=DIRECTION('center_axis',(1.04672830578918E-16,0.707106781186548,-0.707106781186548));
#6138=DIRECTION('ref_axis',(-1.,0.,-1.48029736616688E-16));
#6139=DIRECTION('',(0.,-0.707106781186548,-0.707106781186548));
#6140=DIRECTION('',(-1.,1.48029736616688E-16,2.32192607687166E-32));
#6141=DIRECTION('',(1.,-1.48029736616688E-16,-2.32192607687166E-32));
#6142=DIRECTION('center_axis',(0.,0.,1.));
#6143=DIRECTION('ref_axis',(-7.40148683083438E-16,1.,7.58583803523423E-34));
#6144=DIRECTION('center_axis',(2.32192607687166E-32,-1.58313141604887E-33,
1.));
#6145=DIRECTION('ref_axis',(-7.40148683083438E-16,1.,1.58313141604888E-33));
#6146=DIRECTION('center_axis',(-2.32192607687166E-32,1.58313141604887E-33,
-1.));
#6147=DIRECTION('ref_axis',(-7.40148683083438E-16,1.,0.));
#6148=DIRECTION('center_axis',(0.,0.,-1.));
#6149=DIRECTION('ref_axis',(-1.92438657601693E-15,-1.,0.));
#6150=DIRECTION('',(0.,0.,-1.));
#6151=DIRECTION('center_axis',(0.,0.,1.));
#6152=DIRECTION('ref_axis',(-1.92438657601693E-15,-1.,0.));
#6153=DIRECTION('',(0.,0.,-1.));
#6154=DIRECTION('center_axis',(-1.48029736616688E-16,-1.,0.));
#6155=DIRECTION('ref_axis',(-1.,1.48029736616688E-16,2.32192607687166E-32));
#6156=DIRECTION('',(0.,0.,-1.));
#6157=DIRECTION('',(1.,-1.48029736616688E-16,0.));
#6158=DIRECTION('center_axis',(0.,0.,-1.));
#6159=DIRECTION('ref_axis',(1.,1.62832710278357E-15,0.));
#6160=DIRECTION('',(0.,0.,-1.));
#6161=DIRECTION('center_axis',(0.,0.,1.));
#6162=DIRECTION('ref_axis',(1.,1.62832710278357E-15,0.));
#6163=DIRECTION('center_axis',(1.,-3.70074341541719E-16,0.));
#6164=DIRECTION('ref_axis',(-3.70074341541719E-16,-1.,-1.58313141604886E-33));
#6165=DIRECTION('',(0.,0.,-1.));
#6166=DIRECTION('',(3.70074341541719E-16,1.,0.));
#6167=DIRECTION('center_axis',(-2.32192607687166E-32,1.58313141604887E-33,
-1.));
#6168=DIRECTION('ref_axis',(-1.,0.,2.32192607687166E-32));
#6169=DIRECTION('center_axis',(0.,0.,1.));
#6170=DIRECTION('ref_axis',(0.996331460184649,0.0855781598676055,0.));
#6171=DIRECTION('center_axis',(0.,0.,1.));
#6172=DIRECTION('ref_axis',(0.996331460184649,0.0855781598676055,0.));
#6173=DIRECTION('',(-0.499999999999999,-0.499999999999999,-0.707106781186548));
#6174=DIRECTION('center_axis',(0.,0.,-1.));
#6175=DIRECTION('ref_axis',(0.996331460184649,0.0855781598676055,0.));
#6176=DIRECTION('center_axis',(-0.5,-0.500000000000001,0.707106781186547));
#6177=DIRECTION('ref_axis',(0.816496580927726,0.,0.577350269189627));
#6178=DIRECTION('',(-0.707106781186548,0.707106781186547,0.));
#6179=DIRECTION('',(-0.499999999999999,-0.499999999999999,-0.707106781186548));
#6180=DIRECTION('',(0.707106781186548,-0.707106781186547,0.));
#6181=DIRECTION('center_axis',(0.,0.,1.));
#6182=DIRECTION('ref_axis',(-0.382683432365085,0.923879532511289,0.));
#6183=DIRECTION('',(0.707106781186546,0.,-0.707106781186549));
#6184=DIRECTION('center_axis',(0.,0.,-1.));
#6185=DIRECTION('ref_axis',(-0.382683432365085,0.923879532511289,0.));
#6186=DIRECTION('center_axis',(0.,0.,1.));
#6187=DIRECTION('ref_axis',(-0.382683432365085,0.923879532511289,0.));
#6188=DIRECTION('center_axis',(0.707106781186549,-3.14018491736756E-16,
0.707106781186546));
#6189=DIRECTION('ref_axis',(0.707106781186546,0.,-0.707106781186549));
#6190=DIRECTION('',(-4.44089209850063E-16,-1.,0.));
#6191=DIRECTION('',(0.707106781186543,0.,-0.707106781186552));
#6192=DIRECTION('',(4.44089209850063E-16,1.,0.));
#6193=DIRECTION('center_axis',(0.,0.,1.));
#6194=DIRECTION('ref_axis',(-0.382683432365095,-0.923879532511285,0.));
#6195=DIRECTION('',(-0.500000000000003,0.500000000000003,-0.707106781186544));
#6196=DIRECTION('center_axis',(0.,0.,-1.));
#6197=DIRECTION('ref_axis',(-0.382683432365095,-0.923879532511285,0.));
#6198=DIRECTION('center_axis',(0.,0.,1.));
#6199=DIRECTION('ref_axis',(-0.382683432365095,-0.923879532511285,0.));
#6200=DIRECTION('center_axis',(-0.500000000000002,0.500000000000001,0.707106781186546));
#6201=DIRECTION('ref_axis',(0.816496580927724,0.,0.577350269189628));
#6202=DIRECTION('',(0.707106781186547,0.707106781186548,0.));
#6203=DIRECTION('',(-0.499999999999999,0.499999999999999,-0.707106781186548));
#6204=DIRECTION('',(-0.707106781186547,-0.707106781186548,0.));
#6205=DIRECTION('center_axis',(0.,0.,1.));
#6206=DIRECTION('ref_axis',(0.996331460184649,-0.0855781598676055,0.));
#6207=DIRECTION('center_axis',(0.,0.,-1.));
#6208=DIRECTION('ref_axis',(0.996331460184649,-0.0855781598676055,0.));
#6209=DIRECTION('center_axis',(0.,0.,1.));
#6210=DIRECTION('ref_axis',(0.996331460184649,-0.0855781598676055,0.));
#6211=DIRECTION('center_axis',(0.,0.,1.));
#6212=DIRECTION('ref_axis',(1.,0.,0.));
#6213=DIRECTION('',(-1.,1.48029736616688E-16,0.));
#6214=DIRECTION('center_axis',(0.,0.,-1.));
#6215=DIRECTION('ref_axis',(1.,1.62832710278357E-15,0.));
#6216=DIRECTION('',(-3.70074341541719E-16,-1.,0.));
#6217=DIRECTION('center_axis',(0.,0.,-1.));
#6218=DIRECTION('ref_axis',(-7.40148683083438E-16,1.,0.));
#6219=DIRECTION('',(1.,-1.48029736616688E-16,0.));
#6220=DIRECTION('center_axis',(0.,0.,-1.));
#6221=DIRECTION('ref_axis',(-1.,1.48029736616688E-16,0.));
#6222=DIRECTION('',(4.44089209850063E-16,1.,0.));
#6223=DIRECTION('center_axis',(0.,0.,-1.));
#6224=DIRECTION('ref_axis',(-1.92438657601693E-15,-1.,0.));
#6225=DIRECTION('center_axis',(0.,0.,1.));
#6226=DIRECTION('ref_axis',(1.,0.,0.));
#6227=DIRECTION('center_axis',(0.,0.,1.));
#6228=DIRECTION('ref_axis',(-0.0855781598676034,-0.996331460184649,0.));
#6229=DIRECTION('',(0.707106781186548,-0.707106781186547,0.));
#6230=DIRECTION('center_axis',(0.,0.,1.));
#6231=DIRECTION('ref_axis',(-0.923879532511285,0.382683432365095,0.));
#6232=DIRECTION('',(-1.,1.48029736616688E-16,0.));
#6233=DIRECTION('center_axis',(0.,0.,1.));
#6234=DIRECTION('ref_axis',(0.923879532511288,0.382683432365088,0.));
#6235=DIRECTION('',(0.707106781186547,0.707106781186548,0.));
#6236=DIRECTION('center_axis',(0.,0.,1.));
#6237=DIRECTION('ref_axis',(0.0855781598676041,-0.996331460184649,0.));
#6238=DIRECTION('center_axis',(0.,0.,1.));
#6239=DIRECTION('ref_axis',(1.,0.,0.));
#6240=DIRECTION('center_axis',(0.,0.,1.));
#6241=DIRECTION('ref_axis',(-0.996331460184649,0.0855781598676043,0.));
#6242=DIRECTION('',(-0.707106781186547,-0.707106781186548,0.));
#6243=DIRECTION('center_axis',(0.,0.,1.));
#6244=DIRECTION('ref_axis',(0.382683432365095,0.923879532511285,0.));
#6245=DIRECTION('',(3.70074341541719E-16,1.,0.));
#6246=DIRECTION('center_axis',(0.,0.,1.));
#6247=DIRECTION('ref_axis',(0.382683432365088,-0.923879532511288,0.));
#6248=DIRECTION('',(0.707106781186548,-0.707106781186547,0.));
#6249=DIRECTION('center_axis',(0.,0.,1.));
#6250=DIRECTION('ref_axis',(-0.996331460184649,-0.0855781598676055,0.));
#6251=DIRECTION('center_axis',(0.,0.,1.));
#6252=DIRECTION('ref_axis',(1.,0.,0.));
#6253=DIRECTION('center_axis',(0.,0.,1.));
#6254=DIRECTION('ref_axis',(0.0855781598676055,0.996331460184649,0.));
#6255=DIRECTION('',(-0.707106781186548,0.707106781186547,0.));
#6256=DIRECTION('center_axis',(0.,0.,1.));
#6257=DIRECTION('ref_axis',(0.923879532511288,-0.382683432365088,0.));
#6258=DIRECTION('',(1.,-1.48029736616688E-16,0.));
#6259=DIRECTION('center_axis',(0.,0.,1.));
#6260=DIRECTION('ref_axis',(-0.923879532511288,-0.382683432365088,0.));
#6261=DIRECTION('',(-0.707106781186547,-0.707106781186548,0.));
#6262=DIRECTION('center_axis',(0.,0.,1.));
#6263=DIRECTION('ref_axis',(-0.0855781598676053,0.996331460184649,0.));
#6264=DIRECTION('center_axis',(0.,0.,1.));
#6265=DIRECTION('ref_axis',(1.,0.,0.));
#6266=DIRECTION('center_axis',(0.,0.,1.));
#6267=DIRECTION('ref_axis',(-0.0855781598676053,0.996331460184649,0.));
#6268=DIRECTION('',(0.499999999999996,-0.499999999999996,-0.707106781186553));
#6269=DIRECTION('center_axis',(0.,0.,-1.));
#6270=DIRECTION('ref_axis',(-0.0855781598676053,0.996331460184649,0.));
#6271=DIRECTION('center_axis',(0.5,-0.5,0.707106781186548));
#6272=DIRECTION('ref_axis',(0.816496580927726,0.,-0.577350269189625));
#6273=DIRECTION('',(0.500000000000001,-0.499999999999995,-0.70710678118655));
#6274=DIRECTION('',(0.707106781186547,0.707106781186548,0.));
#6275=DIRECTION('center_axis',(0.,0.,1.));
#6276=DIRECTION('ref_axis',(-0.923879532511288,-0.382683432365088,0.));
#6277=DIRECTION('',(0.,0.707106781186546,-0.707106781186549));
#6278=DIRECTION('center_axis',(0.,0.,-1.));
#6279=DIRECTION('ref_axis',(-0.923879532511287,-0.382683432365088,0.));
#6280=DIRECTION('center_axis',(1.04672830578919E-16,0.707106781186549,0.707106781186546));
#6281=DIRECTION('ref_axis',(1.,0.,-1.48029736616688E-16));
#6282=DIRECTION('',(0.,0.707106781186546,-0.707106781186549));
#6283=DIRECTION('',(-1.,1.48029736616688E-16,0.));
#6284=DIRECTION('center_axis',(0.,0.,1.));
#6285=DIRECTION('ref_axis',(0.923879532511288,-0.382683432365088,0.));
#6286=DIRECTION('',(-0.499999999999998,-0.500000000000004,-0.707106781186546));
#6287=DIRECTION('center_axis',(0.,0.,-1.));
#6288=DIRECTION('ref_axis',(0.923879532511287,-0.382683432365088,0.));
#6289=DIRECTION('center_axis',(-0.5,-0.500000000000001,0.707106781186547));
#6290=DIRECTION('ref_axis',(0.816496580927726,0.,0.577350269189626));
#6291=DIRECTION('',(-0.500000000000004,-0.499999999999998,-0.707106781186546));
#6292=DIRECTION('',(0.707106781186548,-0.707106781186547,0.));
#6293=DIRECTION('center_axis',(0.,0.,1.));
#6294=DIRECTION('ref_axis',(0.0855781598676055,0.996331460184649,0.));
#6295=DIRECTION('center_axis',(0.,0.,-1.));
#6296=DIRECTION('ref_axis',(0.0855781598676055,0.996331460184649,0.));
#6297=DIRECTION('center_axis',(0.,0.,1.));
#6298=DIRECTION('ref_axis',(-0.996331460184649,-0.0855781598676055,0.));
#6299=DIRECTION('',(0.499999999999999,0.499999999999999,-0.707106781186548));
#6300=DIRECTION('center_axis',(0.,0.,-1.));
#6301=DIRECTION('ref_axis',(-0.996331460184649,-0.0855781598676055,0.));
#6302=DIRECTION('center_axis',(0.499999999999999,0.499999999999999,0.707106781186549));
#6303=DIRECTION('ref_axis',(0.816496580927727,0.,-0.577350269189624));
#6304=DIRECTION('',(0.499999999999996,0.500000000000009,-0.707106781186544));
#6305=DIRECTION('',(-0.707106781186548,0.707106781186547,0.));
#6306=DIRECTION('center_axis',(0.,0.,1.));
#6307=DIRECTION('ref_axis',(0.382683432365088,-0.923879532511288,0.));
#6308=DIRECTION('',(-0.707106781186549,0.,-0.707106781186546));
#6309=DIRECTION('center_axis',(0.,0.,-1.));
#6310=DIRECTION('ref_axis',(0.382683432365088,-0.923879532511287,0.));
#6311=DIRECTION('center_axis',(-0.707106781186549,2.61682076447296E-16,
0.707106781186546));
#6312=DIRECTION('ref_axis',(0.707106781186546,0.,0.707106781186549));
#6313=DIRECTION('',(-0.707106781186546,0.,-0.707106781186549));
#6314=DIRECTION('',(-3.70074341541719E-16,-1.,0.));
#6315=DIRECTION('center_axis',(0.,0.,1.));
#6316=DIRECTION('ref_axis',(0.382683432365095,0.923879532511285,0.));
#6317=DIRECTION('',(0.500000000000003,-0.500000000000003,-0.707106781186544));
#6318=DIRECTION('center_axis',(0.,0.,-1.));
#6319=DIRECTION('ref_axis',(0.382683432365095,0.923879532511285,0.));
#6320=DIRECTION('center_axis',(0.500000000000001,-0.5,0.707106781186547));
#6321=DIRECTION('ref_axis',(0.816496580927725,0.,-0.577350269189627));
#6322=DIRECTION('',(0.499999999999994,-0.500000000000003,-0.707106781186549));
#6323=DIRECTION('',(0.707106781186547,0.707106781186548,0.));
#6324=DIRECTION('center_axis',(0.,0.,1.));
#6325=DIRECTION('ref_axis',(-0.996331460184649,0.0855781598676043,0.));
#6326=DIRECTION('center_axis',(0.,0.,-1.));
#6327=DIRECTION('ref_axis',(-0.996331460184649,0.0855781598676043,0.));
#6328=DIRECTION('center_axis',(0.,0.,1.));
#6329=DIRECTION('ref_axis',(0.0855781598676041,-0.996331460184649,0.));
#6330=DIRECTION('',(-0.499999999999997,0.5,-0.707106781186549));
#6331=DIRECTION('center_axis',(0.,0.,-1.));
#6332=DIRECTION('ref_axis',(0.0855781598676041,-0.996331460184649,0.));
#6333=DIRECTION('center_axis',(-0.500000000000001,0.5,0.707106781186547));
#6334=DIRECTION('ref_axis',(0.816496580927726,0.,0.577350269189627));
#6335=DIRECTION('',(-0.499999999999998,0.500000000000004,-0.707106781186546));
#6336=DIRECTION('',(-0.707106781186547,-0.707106781186548,0.));
#6337=DIRECTION('center_axis',(0.,0.,1.));
#6338=DIRECTION('ref_axis',(0.923879532511288,0.382683432365088,0.));
#6339=DIRECTION('',(0.,-0.707106781186549,-0.707106781186546));
#6340=DIRECTION('center_axis',(0.,0.,-1.));
#6341=DIRECTION('ref_axis',(0.923879532511287,0.382683432365088,0.));
#6342=DIRECTION('center_axis',(-1.04672830578919E-16,-0.707106781186549,
0.707106781186546));
#6343=DIRECTION('ref_axis',(1.,0.,1.48029736616688E-16));
#6344=DIRECTION('',(0.,-0.707106781186546,-0.707106781186549));
#6345=DIRECTION('',(1.,-1.48029736616688E-16,0.));
#6346=DIRECTION('center_axis',(0.,0.,1.));
#6347=DIRECTION('ref_axis',(-0.923879532511285,0.382683432365095,0.));
#6348=DIRECTION('',(0.500000000000003,0.500000000000003,-0.707106781186544));
#6349=DIRECTION('center_axis',(0.,0.,-1.));
#6350=DIRECTION('ref_axis',(-0.923879532511285,0.382683432365095,0.));
#6351=DIRECTION('center_axis',(0.500000000000001,0.500000000000001,0.707106781186546));
#6352=DIRECTION('ref_axis',(0.816496580927725,0.,-0.577350269189627));
#6353=DIRECTION('',(0.500000000000002,0.499999999999999,-0.707106781186547));
#6354=DIRECTION('',(-0.707106781186548,0.707106781186547,0.));
#6355=DIRECTION('center_axis',(0.,0.,1.));
#6356=DIRECTION('ref_axis',(-0.0855781598676034,-0.996331460184649,0.));
#6357=DIRECTION('center_axis',(0.,0.,-1.));
#6358=DIRECTION('ref_axis',(-0.0855781598676034,-0.996331460184649,0.));
#6359=DIRECTION('center_axis',(-1.04672830578918E-16,-0.707106781186546,
0.707106781186549));
#6360=DIRECTION('ref_axis',(1.,0.,1.48029736616687E-16));
#6361=DIRECTION('',(0.,0.707106781186549,0.707106781186546));
#6362=DIRECTION('',(-3.14018491736754E-15,-0.707106781186549,-0.707106781186546));
#6363=DIRECTION('center_axis',(0.,0.,-1.));
#6364=DIRECTION('ref_axis',(1.,1.62832710278357E-15,0.));
#6365=DIRECTION('',(-0.707106781186546,-3.14018491736756E-15,0.707106781186549));
#6366=DIRECTION('center_axis',(0.707106781186547,-2.61682076447296E-16,
0.707106781186548));
#6367=DIRECTION('ref_axis',(0.707106781186548,0.,-0.707106781186547));
#6368=DIRECTION('',(-0.707106781186548,0.,0.707106781186547));
#6369=DIRECTION('center_axis',(0.,0.,-1.));
#6370=DIRECTION('ref_axis',(-7.40148683083438E-16,1.,0.));
#6371=DIRECTION('',(0.,-0.707106781186546,0.707106781186549));
#6372=DIRECTION('center_axis',(0.,0.,1.));
#6373=DIRECTION('ref_axis',(-7.40148683083438E-16,1.,0.));
#6374=DIRECTION('center_axis',(1.04672830578918E-16,0.707106781186546,0.707106781186549));
#6375=DIRECTION('ref_axis',(1.,0.,-1.48029736616687E-16));
#6376=DIRECTION('',(0.,-0.707106781186549,0.707106781186546));
#6377=DIRECTION('',(-1.,1.48029736616688E-16,0.));
#6378=DIRECTION('center_axis',(0.,0.,-1.));
#6379=DIRECTION('ref_axis',(-1.,1.48029736616688E-16,0.));
#6380=DIRECTION('',(0.707106781186545,0.,0.70710678118655));
#6381=DIRECTION('center_axis',(0.,0.,1.));
#6382=DIRECTION('ref_axis',(-1.,1.48029736616688E-16,0.));
#6383=DIRECTION('center_axis',(-0.707106781186549,3.14018491736756E-16,
0.707106781186546));
#6384=DIRECTION('ref_axis',(0.707106781186546,0.,0.707106781186549));
#6385=DIRECTION('',(0.707106781186548,0.,0.707106781186547));
#6386=DIRECTION('',(-4.44089209850063E-16,-1.,0.));
#6387=DIRECTION('center_axis',(0.,0.,-1.));
#6388=DIRECTION('ref_axis',(-1.92438657601694E-15,-1.,0.));
#6389=DIRECTION('center_axis',(0.,0.,-1.));
#6390=DIRECTION('ref_axis',(-7.40148683083438E-16,1.,0.));
#6391=DIRECTION('',(0.,0.,-1.));
#6392=DIRECTION('center_axis',(0.,0.,-1.));
#6393=DIRECTION('ref_axis',(-0.923879532511287,-0.382683432365088,0.));
#6394=DIRECTION('',(0.,0.,-1.));
#6395=DIRECTION('center_axis',(0.,0.,1.));
#6396=DIRECTION('ref_axis',(-0.923879532511287,-0.382683432365088,0.));
#6397=DIRECTION('',(0.,0.,1.));
#6398=DIRECTION('center_axis',(0.,0.,1.));
#6399=DIRECTION('ref_axis',(1.,0.,0.));
#6400=DIRECTION('',(-1.,1.48029736616688E-16,0.));
#6401=DIRECTION('center_axis',(0.,0.,1.));
#6402=DIRECTION('ref_axis',(0.923879532511287,-0.382683432365088,0.));
#6403=DIRECTION('',(0.707106781186548,-0.707106781186547,0.));
#6404=DIRECTION('center_axis',(0.,0.,1.));
#6405=DIRECTION('ref_axis',(0.0855781598676055,0.996331460184649,0.));
#6406=DIRECTION('center_axis',(0.,0.,1.));
#6407=DIRECTION('ref_axis',(-1.,0.,0.));
#6408=DIRECTION('center_axis',(0.,0.,1.));
#6409=DIRECTION('ref_axis',(-0.0855781598676053,0.996331460184649,0.));
#6410=DIRECTION('',(0.707106781186547,0.707106781186548,0.));
#6411=DIRECTION('center_axis',(-1.48029736616688E-16,-1.,0.));
#6412=DIRECTION('ref_axis',(-1.,1.48029736616688E-16,0.));
#6413=DIRECTION('',(0.,0.,1.));
#6414=DIRECTION('center_axis',(0.,0.,-1.));
#6415=DIRECTION('ref_axis',(-0.382683432365095,-0.923879532511285,0.));
#6416=DIRECTION('',(0.,0.,-1.));
#6417=DIRECTION('center_axis',(0.,0.,1.));
#6418=DIRECTION('ref_axis',(-0.382683432365095,-0.923879532511285,0.));
#6419=DIRECTION('',(0.,0.,1.));
#6420=DIRECTION('center_axis',(-1.,4.44089209850063E-16,0.));
#6421=DIRECTION('ref_axis',(4.44089209850063E-16,1.,0.));
#6422=DIRECTION('',(4.44089209850063E-16,1.,0.));
#6423=DIRECTION('',(0.,0.,-1.));
#6424=DIRECTION('center_axis',(0.,0.,-1.));
#6425=DIRECTION('ref_axis',(-0.382683432365085,0.923879532511289,0.));
#6426=DIRECTION('center_axis',(0.,0.,1.));
#6427=DIRECTION('ref_axis',(-0.382683432365085,0.923879532511289,0.));
#6428=DIRECTION('',(0.,0.,1.));
#6429=DIRECTION('center_axis',(0.707106781186547,0.707106781186548,0.));
#6430=DIRECTION('ref_axis',(0.707106781186548,-0.707106781186547,0.));
#6431=DIRECTION('',(0.707106781186548,-0.707106781186547,0.));
#6432=DIRECTION('',(0.,0.,-1.));
#6433=DIRECTION('center_axis',(0.,0.,-1.));
#6434=DIRECTION('ref_axis',(-0.923879532511285,0.382683432365095,0.));
#6435=DIRECTION('',(0.,0.,-1.));
#6436=DIRECTION('center_axis',(0.,0.,1.));
#6437=DIRECTION('ref_axis',(-0.923879532511285,0.382683432365095,0.));
#6438=DIRECTION('',(0.,0.,1.));
#6439=DIRECTION('center_axis',(-0.707106781186547,-0.707106781186548,0.));
#6440=DIRECTION('ref_axis',(-0.707106781186548,0.707106781186547,0.));
#6441=DIRECTION('',(0.,0.,1.));
#6442=DIRECTION('',(-0.707106781186548,0.707106781186547,0.));
#6443=DIRECTION('center_axis',(0.,0.,-1.));
#6444=DIRECTION('ref_axis',(0.923879532511287,0.382683432365088,0.));
#6445=DIRECTION('',(0.,0.,-1.));
#6446=DIRECTION('center_axis',(0.,0.,1.));
#6447=DIRECTION('ref_axis',(0.923879532511287,0.382683432365088,0.));
#6448=DIRECTION('',(0.,0.,1.));
#6449=DIRECTION('center_axis',(1.48029736616688E-16,1.,0.));
#6450=DIRECTION('ref_axis',(1.,-1.48029736616688E-16,0.));
#6451=DIRECTION('',(1.,-1.48029736616688E-16,0.));
#6452=DIRECTION('center_axis',(0.,0.,-1.));
#6453=DIRECTION('ref_axis',(0.382683432365095,0.923879532511285,0.));
#6454=DIRECTION('',(0.,0.,-1.));
#6455=DIRECTION('center_axis',(0.,0.,1.));
#6456=DIRECTION('ref_axis',(0.382683432365095,0.923879532511285,0.));
#6457=DIRECTION('',(0.,0.,1.));
#6458=DIRECTION('center_axis',(1.,-3.70074341541719E-16,0.));
#6459=DIRECTION('ref_axis',(-3.70074341541719E-16,-1.,0.));
#6460=DIRECTION('',(-3.70074341541719E-16,-1.,0.));
#6461=DIRECTION('',(0.,0.,-1.));
#6462=DIRECTION('center_axis',(0.,0.,-1.));
#6463=DIRECTION('ref_axis',(0.923879532511287,-0.382683432365088,0.));
#6464=DIRECTION('',(0.,0.,-1.));
#6465=DIRECTION('center_axis',(0.,0.,-1.));
#6466=DIRECTION('ref_axis',(0.382683432365088,-0.923879532511287,0.));
#6467=DIRECTION('center_axis',(0.,0.,1.));
#6468=DIRECTION('ref_axis',(0.382683432365088,-0.923879532511287,0.));
#6469=DIRECTION('',(0.,0.,1.));
#6470=DIRECTION('center_axis',(-0.707106781186547,-0.707106781186548,0.));
#6471=DIRECTION('ref_axis',(-0.707106781186548,0.707106781186547,0.));
#6472=DIRECTION('',(-0.707106781186548,0.707106781186547,0.));
#6473=DIRECTION('',(0.,0.,-1.));
#6474=DIRECTION('center_axis',(0.,0.,-1.));
#6475=DIRECTION('ref_axis',(0.0855781598676041,-0.996331460184649,0.));
#6476=DIRECTION('',(0.,0.,-1.));
#6477=DIRECTION('center_axis',(0.,0.,1.));
#6478=DIRECTION('ref_axis',(0.0855781598676041,-0.996331460184649,0.));
#6479=DIRECTION('',(0.,0.,1.));
#6480=DIRECTION('center_axis',(0.707106781186548,-0.707106781186547,0.));
#6481=DIRECTION('ref_axis',(-0.707106781186547,-0.707106781186548,0.));
#6482=DIRECTION('',(-0.707106781186547,-0.707106781186548,0.));
#6483=DIRECTION('center_axis',(0.,0.,-1.));
#6484=DIRECTION('ref_axis',(-0.996331460184649,0.0855781598676043,0.));
#6485=DIRECTION('',(0.,0.,-1.));
#6486=DIRECTION('center_axis',(0.,0.,1.));
#6487=DIRECTION('ref_axis',(-0.996331460184649,0.0855781598676043,0.));
#6488=DIRECTION('',(0.,0.,1.));
#6489=DIRECTION('center_axis',(0.,0.,1.));
#6490=DIRECTION('ref_axis',(1.,0.,0.));
#6491=DIRECTION('',(0.707106781186547,0.707106781186548,0.));
#6492=DIRECTION('center_axis',(0.,0.,1.));
#6493=DIRECTION('ref_axis',(-1.,0.,0.));
#6494=DIRECTION('center_axis',(0.,0.,1.));
#6495=DIRECTION('ref_axis',(-0.996331460184649,-0.0855781598676055,0.));
#6496=DIRECTION('center_axis',(0.,0.,1.));
#6497=DIRECTION('ref_axis',(1.,0.,0.));
#6498=DIRECTION('center_axis',(0.,0.,1.));
#6499=DIRECTION('ref_axis',(-1.,0.,0.));
#6500=DIRECTION('center_axis',(0.,0.,1.));
#6501=DIRECTION('ref_axis',(-1.,0.,0.));
#6502=DIRECTION('',(0.,0.,-1.));
#6503=DIRECTION('center_axis',(0.,0.,1.));
#6504=DIRECTION('ref_axis',(-1.,0.,0.));
#6505=DIRECTION('',(0.,0.,-1.));
#6506=DIRECTION('',(0.,0.,1.));
#6507=DIRECTION('',(0.,0.,-1.));
#6508=DIRECTION('',(0.,0.,1.));
#6509=DIRECTION('center_axis',(0.,0.,1.));
#6510=DIRECTION('ref_axis',(-1.,0.,0.));
#6511=DIRECTION('',(0.,0.,-1.));
#6512=DIRECTION('',(0.,0.,1.));
#6513=DIRECTION('center_axis',(0.,0.,1.));
#6514=DIRECTION('ref_axis',(-1.,0.,0.));
#6515=DIRECTION('center_axis',(0.,0.,-1.));
#6516=DIRECTION('ref_axis',(-0.996331460184649,-0.0855781598676055,0.));
#6517=DIRECTION('center_axis',(0.,0.,-1.));
#6518=DIRECTION('ref_axis',(0.0855781598676055,0.996331460184649,0.));
#6519=DIRECTION('',(0.,0.,1.));
#6520=DIRECTION('center_axis',(0.,0.,-1.));
#6521=DIRECTION('ref_axis',(-0.0855781598676053,0.996331460184649,0.));
#6522=DIRECTION('',(0.,0.,-1.));
#6523=DIRECTION('center_axis',(-0.707106781186548,0.707106781186547,0.));
#6524=DIRECTION('ref_axis',(0.707106781186547,0.707106781186548,0.));
#6525=DIRECTION('center_axis',(0.,0.,-1.));
#6526=DIRECTION('ref_axis',(0.996331460184649,-0.0855781598676055,0.));
#6527=DIRECTION('center_axis',(0.,0.,1.));
#6528=DIRECTION('ref_axis',(0.996331460184649,-0.0855781598676055,0.));
#6529=DIRECTION('',(0.,0.,1.));
#6530=DIRECTION('center_axis',(0.,0.,1.));
#6531=DIRECTION('ref_axis',(1.,0.,0.));
#6532=DIRECTION('',(-0.707106781186547,-0.707106781186548,0.));
#6533=DIRECTION('center_axis',(0.,0.,1.));
#6534=DIRECTION('ref_axis',(0.996331460184649,0.0855781598676055,0.));
#6535=DIRECTION('center_axis',(0.,0.,-1.));
#6536=DIRECTION('ref_axis',(-0.0855781598676034,-0.996331460184649,0.));
#6537=DIRECTION('center_axis',(0.,0.,1.));
#6538=DIRECTION('ref_axis',(-0.0855781598676034,-0.996331460184649,0.));
#6539=DIRECTION('center_axis',(0.,0.,-1.));
#6540=DIRECTION('ref_axis',(0.996331460184649,0.0855781598676055,0.));
#6541=DIRECTION('center_axis',(-0.707106781186548,0.707106781186547,0.));
#6542=DIRECTION('ref_axis',(0.707106781186547,0.707106781186548,0.));
#6543=DIRECTION('center_axis',(0.,0.,1.));
#6544=DIRECTION('ref_axis',(1.,0.,0.));
#6545=DIRECTION('center_axis',(0.707106781186547,0.707106781186548,0.));
#6546=DIRECTION('ref_axis',(0.707106781186548,-0.707106781186547,0.));
#6547=DIRECTION('center_axis',(0.707106781186548,-0.707106781186547,0.));
#6548=DIRECTION('ref_axis',(-0.707106781186547,-0.707106781186548,0.));
#6549=DIRECTION('center_axis',(0.,0.,-1.));
#6550=DIRECTION('ref_axis',(-1.,0.,0.));
#6551=DIRECTION('center_axis',(0.,0.,-1.));
#6552=DIRECTION('ref_axis',(-1.,0.,0.));
#6553=DIRECTION('',(0.707106781186546,8.65956056235491E-17,-0.707106781186549));
#6554=DIRECTION('center_axis',(0.,0.,1.));
#6555=DIRECTION('ref_axis',(1.,0.,0.));
#6556=DIRECTION('center_axis',(0.,0.,-1.));
#6557=DIRECTION('ref_axis',(-1.,0.,0.));
#6558=DIRECTION('',(-0.866025403784439,0.,-0.5));
#6559=DIRECTION('',(0.267616567329816,0.823639103546333,-0.5));
#6560=DIRECTION('center_axis',(0.,0.,-1.));
#6561=DIRECTION('ref_axis',(-1.,0.,0.));
#6562=DIRECTION('',(0.866025403784437,0.,-0.500000000000002));
#6563=DIRECTION('',(-0.267616567329815,-0.823639103546331,-0.500000000000002));
#6564=DIRECTION('center_axis',(0.951056516295154,-0.309016994374945,0.));
#6565=DIRECTION('ref_axis',(0.,0.,1.));
#6566=DIRECTION('center_axis',(0.,1.,0.));
#6567=DIRECTION('ref_axis',(0.,0.,1.));
#6568=DIRECTION('center_axis',(0.,0.,1.));
#6569=DIRECTION('ref_axis',(1.,0.,0.));
#6570=DIRECTION('center_axis',(0.,0.,1.));
#6571=DIRECTION('ref_axis',(1.,0.,0.));
#6572=DIRECTION('center_axis',(0.,0.,-1.));
#6573=DIRECTION('ref_axis',(-1.,0.,0.));
#6574=DIRECTION('center_axis',(1.48029736616688E-16,1.,0.));
#6575=DIRECTION('ref_axis',(1.,-1.48029736616688E-16,-2.32192607687166E-32));
#6576=DIRECTION('',(0.,0.,-1.));
#6577=DIRECTION('center_axis',(0.,0.,-1.));
#6578=DIRECTION('ref_axis',(-1.,1.48029736616688E-16,0.));
#6579=DIRECTION('',(0.,0.,-1.));
#6580=DIRECTION('center_axis',(-1.,4.44089209850063E-16,0.));
#6581=DIRECTION('ref_axis',(4.44089209850063E-16,1.,1.58313141604886E-33));
#6582=DIRECTION('center_axis',(0.,0.,1.));
#6583=DIRECTION('ref_axis',(-1.,0.,0.));
#6584=DIRECTION('',(0.,0.,-1.));
#6585=DIRECTION('axis',(0.,0.,1.));
#6586=DIRECTION('refdir',(1.,0.,0.));
#6587=DIRECTION('center_axis',(0.,1.,0.));
#6588=DIRECTION('ref_axis',(-0.707109624403803,0.,-0.70710393795786));
#6589=DIRECTION('',(0.,-1.,0.));
#6590=DIRECTION('center_axis',(0.,1.,0.));
#6591=DIRECTION('ref_axis',(1.,0.,0.));
#6592=DIRECTION('center_axis',(0.,1.,0.));
#6593=DIRECTION('ref_axis',(1.,0.,0.));
#6594=DIRECTION('',(0.,-1.,0.));
#6595=DIRECTION('center_axis',(0.,1.,0.));
#6596=DIRECTION('ref_axis',(1.,0.,0.));
#6597=DIRECTION('',(0.,-1.,0.));
#6598=DIRECTION('center_axis',(0.,1.,0.));
#6599=DIRECTION('ref_axis',(1.,0.,0.));
#6600=DIRECTION('',(0.,-1.,0.));
#6601=DIRECTION('center_axis',(0.,1.,0.));
#6602=DIRECTION('ref_axis',(-1.,0.,0.));
#6603=DIRECTION('center_axis',(0.,-1.,0.));
#6604=DIRECTION('ref_axis',(-1.,0.,0.));
#6605=DIRECTION('center_axis',(0.,-1.,0.));
#6606=DIRECTION('ref_axis',(-1.,0.,0.));
#6607=DIRECTION('',(-0.707106781186547,-0.707106781186547,8.65956056235493E-17));
#6608=DIRECTION('center_axis',(0.,1.,0.));
#6609=DIRECTION('ref_axis',(-1.,0.,0.));
#6610=DIRECTION('center_axis',(0.,-1.,0.));
#6611=DIRECTION('ref_axis',(0.,0.,-1.));
#6612=DIRECTION('center_axis',(0.,1.,0.));
#6613=DIRECTION('ref_axis',(1.,0.,0.));
#6614=DIRECTION('center_axis',(0.,1.,0.));
#6615=DIRECTION('ref_axis',(1.,0.,0.));
#6616=DIRECTION('center_axis',(0.,1.,0.));
#6617=DIRECTION('ref_axis',(1.,0.,0.));
#6618=DIRECTION('',(0.,-1.,0.));
#6619=DIRECTION('center_axis',(0.,-1.,0.));
#6620=DIRECTION('ref_axis',(-1.,0.,0.));
#6621=DIRECTION('center_axis',(0.,-1.,0.));
#6622=DIRECTION('ref_axis',(-1.,0.,0.));
#6623=DIRECTION('',(0.707106781186549,-0.707106781186546,-8.65956056235495E-17));
#6624=DIRECTION('center_axis',(0.,1.,0.));
#6625=DIRECTION('ref_axis',(-1.,0.,0.));
#6626=DIRECTION('center_axis',(0.,1.,0.));
#6627=DIRECTION('ref_axis',(-1.,0.,0.));
#6628=DIRECTION('center_axis',(0.,1.,0.));
#6629=DIRECTION('ref_axis',(0.,0.,1.));
#6630=DIRECTION('center_axis',(0.,1.,0.));
#6631=DIRECTION('ref_axis',(-1.,0.,0.));
#6632=DIRECTION('center_axis',(0.,1.,0.));
#6633=DIRECTION('ref_axis',(-1.,0.,0.));
#6634=DIRECTION('center_axis',(0.,1.,0.));
#6635=DIRECTION('ref_axis',(1.,0.,0.));
#6636=DIRECTION('',(0.,-1.,0.));
#6637=DIRECTION('center_axis',(0.,1.,0.));
#6638=DIRECTION('ref_axis',(1.,0.,0.));
#6639=DIRECTION('center_axis',(0.,1.,0.));
#6640=DIRECTION('ref_axis',(-1.,0.,0.));
#6641=DIRECTION('',(-0.707106781186548,-0.707106781186548,8.65956056235493E-17));
#6642=DIRECTION('center_axis',(0.,-1.,0.));
#6643=DIRECTION('ref_axis',(-1.,0.,0.));
#6644=DIRECTION('center_axis',(0.,-1.,0.));
#6645=DIRECTION('ref_axis',(-1.,0.,0.));
#6646=DIRECTION('center_axis',(0.,1.,0.));
#6647=DIRECTION('ref_axis',(1.,0.,0.));
#6648=DIRECTION('',(0.,-1.,0.));
#6649=DIRECTION('center_axis',(0.,1.,0.));
#6650=DIRECTION('ref_axis',(1.,0.,0.));
#6651=DIRECTION('center_axis',(0.,1.,0.));
#6652=DIRECTION('ref_axis',(-1.,0.,0.));
#6653=DIRECTION('',(-0.707106781186547,-0.707106781186548,8.65956056235493E-17));
#6654=DIRECTION('center_axis',(0.,-1.,0.));
#6655=DIRECTION('ref_axis',(-1.,0.,0.));
#6656=DIRECTION('center_axis',(0.,-1.,0.));
#6657=DIRECTION('ref_axis',(-1.,0.,0.));
#6658=DIRECTION('center_axis',(0.,1.,0.));
#6659=DIRECTION('ref_axis',(1.,0.,0.));
#6660=DIRECTION('',(0.,-1.,0.));
#6661=DIRECTION('center_axis',(0.,1.,0.));
#6662=DIRECTION('ref_axis',(1.,0.,0.));
#6663=DIRECTION('center_axis',(0.,1.,0.));
#6664=DIRECTION('ref_axis',(1.,0.,0.));
#6665=DIRECTION('',(0.857167300702112,-0.515038074910054,-1.04972719113862E-16));
#6666=DIRECTION('center_axis',(0.,1.,0.));
#6667=DIRECTION('ref_axis',(1.,0.,0.));
#6668=DIRECTION('',(0.857167300702112,-0.515038074910054,-1.04972719113862E-16));
#6669=DIRECTION('',(0.,-0.5,0.866025403784438));
#6670=DIRECTION('',(0.,-0.5,-0.866025403784439));
#6671=DIRECTION('center_axis',(1.,0.,0.));
#6672=DIRECTION('ref_axis',(0.,0.,-1.));
#6673=DIRECTION('center_axis',(0.,-1.,0.));
#6674=DIRECTION('ref_axis',(0.,0.,-1.));
#6675=DIRECTION('center_axis',(0.,1.,0.));
#6676=DIRECTION('ref_axis',(1.,0.,0.));
#6677=DIRECTION('center_axis',(0.,1.,0.));
#6678=DIRECTION('ref_axis',(1.,0.,0.));
#6679=DIRECTION('center_axis',(0.,-1.,0.));
#6680=DIRECTION('ref_axis',(0.,0.,-1.));
#6681=DIRECTION('center_axis',(0.,1.,0.));
#6682=DIRECTION('ref_axis',(1.,0.,0.));
#6683=DIRECTION('center_axis',(0.,1.,0.));
#6684=DIRECTION('ref_axis',(1.,0.,0.));
#6685=DIRECTION('',(0.,-1.,0.));
#6686=DIRECTION('center_axis',(0.,-1.,0.));
#6687=DIRECTION('ref_axis',(0.,0.,-1.));
#6688=DIRECTION('axis',(0.,0.,1.));
#6689=DIRECTION('refdir',(1.,0.,0.));
#6690=DIRECTION('center_axis',(0.,0.,-1.));
#6691=DIRECTION('ref_axis',(-1.,0.,0.));
#6692=DIRECTION('center_axis',(0.,0.,-1.));
#6693=DIRECTION('ref_axis',(-1.,0.,0.));
#6694=DIRECTION('center_axis',(0.,0.,1.));
#6695=DIRECTION('ref_axis',(-1.,0.,0.));
#6696=DIRECTION('center_axis',(0.791074363663196,-0.611719994078066,0.));
#6697=DIRECTION('ref_axis',(0.611719994078066,0.791074363663196,0.));
#6698=DIRECTION('',(-0.611719994078066,-0.791074363663196,0.));
#6699=DIRECTION('',(0.,0.,1.));
#6700=DIRECTION('',(0.611719994078066,0.791074363663196,0.));
#6701=DIRECTION('',(0.,0.,-1.));
#6702=DIRECTION('center_axis',(0.,0.,1.));
#6703=DIRECTION('ref_axis',(1.,0.,0.));
#6704=DIRECTION('',(-0.564613251069885,0.825355606218492,0.));
#6705=DIRECTION('',(0.997085547676175,0.0762916156291263,0.));
#6706=DIRECTION('',(-0.432472296640152,-0.901647221832792,0.));
#6707=DIRECTION('center_axis',(0.,0.,-1.));
#6708=DIRECTION('ref_axis',(1.,0.,0.));
#6709=DIRECTION('',(-0.92244394309481,0.386131029376945,0.));
#6710=DIRECTION('',(0.795621252153469,0.605794373629985,0.));
#6711=DIRECTION('',(0.126822690969084,-0.991925402969074,0.));
#6712=DIRECTION('center_axis',(0.,0.,-1.));
#6713=DIRECTION('ref_axis',(1.,0.,0.));
#6714=DIRECTION('',(-0.982856404626728,0.184372687468131,0.));
#6715=DIRECTION('',(0.651099633425893,0.758992270943959,0.));
#6716=DIRECTION('',(0.331756771166407,-0.94336495842555,0.));
#6717=DIRECTION('center_axis',(0.,0.,-1.));
#6718=DIRECTION('ref_axis',(1.,0.,0.));
#6719=DIRECTION('',(-0.925302236725778,-0.379230498127818,0.));
#6720=DIRECTION('',(0.134227873055431,0.990950492252269,0.));
#6721=DIRECTION('',(0.791074363663196,-0.611719994078066,0.));
#6722=DIRECTION('center_axis',(0.,0.,-1.));
#6723=DIRECTION('ref_axis',(1.,0.,0.));
#6724=DIRECTION('',(-0.825355606218492,-0.564613251069885,0.));
#6725=DIRECTION('',(-0.0762916156291263,0.997085547676175,0.));
#6726=DIRECTION('',(0.901647221832792,-0.432472296640152,0.));
#6727=DIRECTION('center_axis',(0.,0.,-1.));
#6728=DIRECTION('ref_axis',(1.,0.,0.));
#6729=DIRECTION('',(-0.386131029376945,-0.92244394309481,0.));
#6730=DIRECTION('',(-0.605794373629985,0.795621252153469,0.));
#6731=DIRECTION('',(0.991925402969074,0.126822690969084,0.));
#6732=DIRECTION('center_axis',(0.,0.,-1.));
#6733=DIRECTION('ref_axis',(1.,0.,0.));
#6734=DIRECTION('',(-0.184372687468131,-0.982856404626728,0.));
#6735=DIRECTION('',(-0.758992270943958,0.651099633425893,0.));
#6736=DIRECTION('',(0.94336495842555,0.331756771166407,0.));
#6737=DIRECTION('center_axis',(0.,0.,-1.));
#6738=DIRECTION('ref_axis',(1.,0.,0.));
#6739=DIRECTION('',(0.379230498127819,-0.925302236725777,0.));
#6740=DIRECTION('',(-0.990950492252269,0.13422787305543,0.));
#6741=DIRECTION('',(0.611719994078066,0.791074363663196,0.));
#6742=DIRECTION('center_axis',(0.,0.,-1.));
#6743=DIRECTION('ref_axis',(1.,0.,0.));
#6744=DIRECTION('',(0.564613251069886,-0.825355606218492,0.));
#6745=DIRECTION('',(-0.997085547676175,-0.0762916156291263,0.));
#6746=DIRECTION('',(0.432472296640152,0.901647221832792,0.));
#6747=DIRECTION('center_axis',(0.,0.,-1.));
#6748=DIRECTION('ref_axis',(-1.,0.,0.));
#6749=DIRECTION('',(0.92244394309481,-0.386131029376944,0.));
#6750=DIRECTION('',(-0.795621252153469,-0.605794373629985,0.));
#6751=DIRECTION('',(-0.126822690969084,0.991925402969074,0.));
#6752=DIRECTION('center_axis',(0.,0.,-1.));
#6753=DIRECTION('ref_axis',(-1.,0.,0.));
#6754=DIRECTION('',(0.982856404626728,-0.184372687468131,0.));
#6755=DIRECTION('',(-0.651099633425893,-0.758992270943959,0.));
#6756=DIRECTION('',(-0.331756771166407,0.94336495842555,0.));
#6757=DIRECTION('center_axis',(0.,0.,-1.));
#6758=DIRECTION('ref_axis',(-1.,0.,0.));
#6759=DIRECTION('',(0.925302236725777,0.379230498127819,0.));
#6760=DIRECTION('',(-0.13422787305543,-0.990950492252269,0.));
#6761=DIRECTION('',(-0.791074363663196,0.611719994078066,0.));
#6762=DIRECTION('center_axis',(0.,0.,-1.));
#6763=DIRECTION('ref_axis',(-1.,0.,0.));
#6764=DIRECTION('',(0.825355606218492,0.564613251069886,0.));
#6765=DIRECTION('',(0.0762916156291264,-0.997085547676175,0.));
#6766=DIRECTION('',(-0.901647221832792,0.432472296640152,0.));
#6767=DIRECTION('center_axis',(0.,0.,-1.));
#6768=DIRECTION('ref_axis',(-1.,0.,0.));
#6769=DIRECTION('',(0.386131029376945,0.92244394309481,0.));
#6770=DIRECTION('',(0.605794373629985,-0.795621252153469,0.));
#6771=DIRECTION('',(-0.991925402969074,-0.126822690969084,0.));
#6772=DIRECTION('center_axis',(0.,0.,-1.));
#6773=DIRECTION('ref_axis',(-1.,0.,0.));
#6774=DIRECTION('',(0.184372687468131,0.982856404626728,0.));
#6775=DIRECTION('',(0.758992270943959,-0.651099633425893,0.));
#6776=DIRECTION('',(-0.94336495842555,-0.331756771166407,0.));
#6777=DIRECTION('center_axis',(0.,0.,-1.));
#6778=DIRECTION('ref_axis',(-1.,0.,0.));
#6779=DIRECTION('',(-0.379230498127818,0.925302236725778,0.));
#6780=DIRECTION('',(0.990950492252269,-0.134227873055431,0.));
#6781=DIRECTION('center_axis',(0.,0.,-1.));
#6782=DIRECTION('ref_axis',(-1.,0.,0.));
#6783=DIRECTION('center_axis',(0.,0.,1.));
#6784=DIRECTION('ref_axis',(-1.,0.,0.));
#6785=DIRECTION('center_axis',(0.331756771166407,-0.94336495842555,0.));
#6786=DIRECTION('ref_axis',(0.94336495842555,0.331756771166407,0.));
#6787=DIRECTION('',(0.,0.,1.));
#6788=DIRECTION('',(0.94336495842555,0.331756771166407,0.));
#6789=DIRECTION('',(0.,0.,-1.));
#6790=DIRECTION('center_axis',(0.,0.,-1.));
#6791=DIRECTION('ref_axis',(-1.,0.,0.));
#6792=DIRECTION('center_axis',(0.,0.,1.));
#6793=DIRECTION('ref_axis',(-1.,0.,0.));
#6794=DIRECTION('center_axis',(0.126822690969084,-0.991925402969074,0.));
#6795=DIRECTION('ref_axis',(0.991925402969074,0.126822690969084,0.));
#6796=DIRECTION('',(0.,0.,1.));
#6797=DIRECTION('',(0.991925402969074,0.126822690969084,0.));
#6798=DIRECTION('',(0.,0.,-1.));
#6799=DIRECTION('center_axis',(0.,0.,-1.));
#6800=DIRECTION('ref_axis',(-1.,0.,0.));
#6801=DIRECTION('center_axis',(0.,0.,1.));
#6802=DIRECTION('ref_axis',(-1.,0.,0.));
#6803=DIRECTION('center_axis',(-0.432472296640152,-0.901647221832792,0.));
#6804=DIRECTION('ref_axis',(0.901647221832792,-0.432472296640152,0.));
#6805=DIRECTION('',(0.,0.,1.));
#6806=DIRECTION('',(0.901647221832792,-0.432472296640152,0.));
#6807=DIRECTION('',(0.,0.,-1.));
#6808=DIRECTION('center_axis',(0.,0.,-1.));
#6809=DIRECTION('ref_axis',(-1.,0.,0.));
#6810=DIRECTION('center_axis',(0.,0.,1.));
#6811=DIRECTION('ref_axis',(-1.,0.,0.));
#6812=DIRECTION('center_axis',(-0.611719994078066,-0.791074363663196,0.));
#6813=DIRECTION('ref_axis',(0.791074363663196,-0.611719994078066,0.));
#6814=DIRECTION('',(0.,0.,1.));
#6815=DIRECTION('',(0.791074363663196,-0.611719994078066,0.));
#6816=DIRECTION('',(0.,0.,-1.));
#6817=DIRECTION('center_axis',(0.,0.,-1.));
#6818=DIRECTION('ref_axis',(-1.,0.,0.));
#6819=DIRECTION('center_axis',(0.,0.,1.));
#6820=DIRECTION('ref_axis',(-1.,0.,0.));
#6821=DIRECTION('center_axis',(-0.94336495842555,-0.331756771166407,0.));
#6822=DIRECTION('ref_axis',(0.331756771166407,-0.94336495842555,0.));
#6823=DIRECTION('',(0.,0.,1.));
#6824=DIRECTION('',(0.331756771166407,-0.94336495842555,0.));
#6825=DIRECTION('',(0.,0.,-1.));
#6826=DIRECTION('center_axis',(0.,0.,-1.));
#6827=DIRECTION('ref_axis',(-1.,0.,0.));
#6828=DIRECTION('center_axis',(0.,0.,1.));
#6829=DIRECTION('ref_axis',(-1.,0.,0.));
#6830=DIRECTION('center_axis',(-0.991925402969074,-0.126822690969084,0.));
#6831=DIRECTION('ref_axis',(0.126822690969084,-0.991925402969074,0.));
#6832=DIRECTION('',(0.,0.,1.));
#6833=DIRECTION('',(0.126822690969084,-0.991925402969074,0.));
#6834=DIRECTION('',(0.,0.,-1.));
#6835=DIRECTION('center_axis',(0.,0.,-1.));
#6836=DIRECTION('ref_axis',(-1.,0.,0.));
#6837=DIRECTION('center_axis',(0.,0.,1.));
#6838=DIRECTION('ref_axis',(-1.,0.,0.));
#6839=DIRECTION('center_axis',(-0.901647221832792,0.432472296640152,0.));
#6840=DIRECTION('ref_axis',(-0.432472296640152,-0.901647221832792,0.));
#6841=DIRECTION('',(0.,0.,1.));
#6842=DIRECTION('',(-0.432472296640152,-0.901647221832792,0.));
#6843=DIRECTION('',(0.,0.,-1.));
#6844=DIRECTION('center_axis',(0.,0.,-1.));
#6845=DIRECTION('ref_axis',(1.,0.,0.));
#6846=DIRECTION('center_axis',(0.,0.,1.));
#6847=DIRECTION('ref_axis',(1.,0.,0.));
#6848=DIRECTION('center_axis',(-0.791074363663196,0.611719994078066,0.));
#6849=DIRECTION('ref_axis',(-0.611719994078066,-0.791074363663196,0.));
#6850=DIRECTION('',(0.,0.,1.));
#6851=DIRECTION('',(-0.611719994078066,-0.791074363663196,0.));
#6852=DIRECTION('',(0.,0.,-1.));
#6853=DIRECTION('center_axis',(0.,0.,-1.));
#6854=DIRECTION('ref_axis',(1.,0.,0.));
#6855=DIRECTION('center_axis',(0.,0.,1.));
#6856=DIRECTION('ref_axis',(1.,0.,0.));
#6857=DIRECTION('center_axis',(0.,0.,-1.));
#6858=DIRECTION('ref_axis',(1.,0.,0.));
#6859=DIRECTION('',(0.,0.,-1.));
#6860=DIRECTION('center_axis',(0.,0.,-1.));
#6861=DIRECTION('ref_axis',(1.,0.,0.));
#6862=DIRECTION('',(0.,0.,1.));
#6863=DIRECTION('center_axis',(-0.331756771166407,0.94336495842555,0.));
#6864=DIRECTION('ref_axis',(-0.94336495842555,-0.331756771166407,0.));
#6865=DIRECTION('',(0.,0.,1.));
#6866=DIRECTION('',(-0.94336495842555,-0.331756771166407,0.));
#6867=DIRECTION('center_axis',(0.,0.,-1.));
#6868=DIRECTION('ref_axis',(1.,0.,0.));
#6869=DIRECTION('center_axis',(0.,0.,1.));
#6870=DIRECTION('ref_axis',(1.,0.,0.));
#6871=DIRECTION('center_axis',(0.,0.,-1.));
#6872=DIRECTION('ref_axis',(1.,0.,0.));
#6873=DIRECTION('',(0.,0.,-1.));
#6874=DIRECTION('center_axis',(0.,0.,-1.));
#6875=DIRECTION('ref_axis',(1.,0.,0.));
#6876=DIRECTION('',(0.,0.,1.));
#6877=DIRECTION('center_axis',(-0.126822690969084,0.991925402969074,0.));
#6878=DIRECTION('ref_axis',(-0.991925402969074,-0.126822690969084,0.));
#6879=DIRECTION('',(0.,0.,1.));
#6880=DIRECTION('',(-0.991925402969074,-0.126822690969084,0.));
#6881=DIRECTION('center_axis',(0.,0.,-1.));
#6882=DIRECTION('ref_axis',(1.,0.,0.));
#6883=DIRECTION('center_axis',(0.,0.,1.));
#6884=DIRECTION('ref_axis',(1.,0.,0.));
#6885=DIRECTION('center_axis',(0.,0.,-1.));
#6886=DIRECTION('ref_axis',(1.,0.,0.));
#6887=DIRECTION('',(0.,0.,-1.));
#6888=DIRECTION('center_axis',(0.,0.,-1.));
#6889=DIRECTION('ref_axis',(1.,0.,0.));
#6890=DIRECTION('',(0.,0.,1.));
#6891=DIRECTION('center_axis',(0.432472296640152,0.901647221832792,0.));
#6892=DIRECTION('ref_axis',(-0.901647221832792,0.432472296640152,0.));
#6893=DIRECTION('',(0.,0.,1.));
#6894=DIRECTION('',(-0.901647221832792,0.432472296640152,0.));
#6895=DIRECTION('center_axis',(0.,0.,-1.));
#6896=DIRECTION('ref_axis',(1.,0.,0.));
#6897=DIRECTION('center_axis',(0.,0.,1.));
#6898=DIRECTION('ref_axis',(1.,0.,0.));
#6899=DIRECTION('center_axis',(0.,0.,-1.));
#6900=DIRECTION('ref_axis',(1.,0.,0.));
#6901=DIRECTION('',(0.,0.,-1.));
#6902=DIRECTION('center_axis',(0.,0.,-1.));
#6903=DIRECTION('ref_axis',(1.,0.,0.));
#6904=DIRECTION('',(0.,0.,1.));
#6905=DIRECTION('center_axis',(0.611719994078066,0.791074363663196,0.));
#6906=DIRECTION('ref_axis',(-0.791074363663196,0.611719994078066,0.));
#6907=DIRECTION('',(0.,0.,1.));
#6908=DIRECTION('',(-0.791074363663196,0.611719994078066,0.));
#6909=DIRECTION('center_axis',(0.,0.,-1.));
#6910=DIRECTION('ref_axis',(1.,0.,0.));
#6911=DIRECTION('center_axis',(0.,0.,1.));
#6912=DIRECTION('ref_axis',(1.,0.,0.));
#6913=DIRECTION('center_axis',(0.,0.,-1.));
#6914=DIRECTION('ref_axis',(1.,0.,0.));
#6915=DIRECTION('',(0.,0.,-1.));
#6916=DIRECTION('center_axis',(0.,0.,-1.));
#6917=DIRECTION('ref_axis',(1.,0.,0.));
#6918=DIRECTION('',(0.,0.,1.));
#6919=DIRECTION('center_axis',(0.94336495842555,0.331756771166407,0.));
#6920=DIRECTION('ref_axis',(-0.331756771166407,0.94336495842555,0.));
#6921=DIRECTION('',(0.,0.,1.));
#6922=DIRECTION('',(-0.331756771166407,0.94336495842555,0.));
#6923=DIRECTION('center_axis',(0.,0.,-1.));
#6924=DIRECTION('ref_axis',(1.,0.,0.));
#6925=DIRECTION('center_axis',(0.,0.,1.));
#6926=DIRECTION('ref_axis',(1.,0.,0.));
#6927=DIRECTION('center_axis',(0.,0.,-1.));
#6928=DIRECTION('ref_axis',(1.,0.,0.));
#6929=DIRECTION('',(0.,0.,-1.));
#6930=DIRECTION('center_axis',(0.,0.,-1.));
#6931=DIRECTION('ref_axis',(1.,0.,0.));
#6932=DIRECTION('',(0.,0.,1.));
#6933=DIRECTION('center_axis',(0.991925402969074,0.126822690969084,0.));
#6934=DIRECTION('ref_axis',(-0.126822690969084,0.991925402969074,0.));
#6935=DIRECTION('',(0.,0.,1.));
#6936=DIRECTION('',(-0.126822690969084,0.991925402969074,0.));
#6937=DIRECTION('center_axis',(0.,0.,-1.));
#6938=DIRECTION('ref_axis',(1.,0.,0.));
#6939=DIRECTION('center_axis',(0.,0.,1.));
#6940=DIRECTION('ref_axis',(1.,0.,0.));
#6941=DIRECTION('center_axis',(0.,0.,-1.));
#6942=DIRECTION('ref_axis',(1.,0.,0.));
#6943=DIRECTION('',(0.,0.,-1.));
#6944=DIRECTION('center_axis',(0.,0.,-1.));
#6945=DIRECTION('ref_axis',(1.,0.,0.));
#6946=DIRECTION('',(0.,0.,1.));
#6947=DIRECTION('center_axis',(0.901647221832792,-0.432472296640152,0.));
#6948=DIRECTION('ref_axis',(0.432472296640152,0.901647221832792,0.));
#6949=DIRECTION('',(0.,0.,1.));
#6950=DIRECTION('',(0.432472296640152,0.901647221832792,0.));
#6951=DIRECTION('center_axis',(-0.651099633425893,-0.758992270943959,0.));
#6952=DIRECTION('ref_axis',(0.758992270943959,-0.651099633425893,0.));
#6953=DIRECTION('',(0.,0.,1.));
#6954=DIRECTION('',(0.758992270943958,-0.651099633425893,0.));
#6955=DIRECTION('center_axis',(0.982856404626728,-0.184372687468131,0.));
#6956=DIRECTION('ref_axis',(0.184372687468131,0.982856404626728,0.));
#6957=DIRECTION('',(0.184372687468131,0.982856404626728,0.));
#6958=DIRECTION('center_axis',(0.92244394309481,-0.386131029376945,0.));
#6959=DIRECTION('ref_axis',(0.386131029376945,0.92244394309481,0.));
#6960=DIRECTION('',(0.386131029376945,0.92244394309481,0.));
#6961=DIRECTION('',(0.,0.,1.));
#6962=DIRECTION('center_axis',(-0.795621252153469,-0.605794373629985,0.));
#6963=DIRECTION('ref_axis',(0.605794373629985,-0.795621252153469,0.));
#6964=DIRECTION('',(0.605794373629985,-0.795621252153469,0.));
#6965=DIRECTION('center_axis',(-0.997085547676175,-0.0762916156291263,0.));
#6966=DIRECTION('ref_axis',(0.0762916156291263,-0.997085547676175,0.));
#6967=DIRECTION('',(0.,0.,1.));
#6968=DIRECTION('',(0.0762916156291263,-0.997085547676175,0.));
#6969=DIRECTION('center_axis',(0.564613251069886,-0.825355606218492,0.));
#6970=DIRECTION('ref_axis',(0.825355606218492,0.564613251069885,0.));
#6971=DIRECTION('',(0.825355606218492,0.564613251069885,0.));
#6972=DIRECTION('center_axis',(0.379230498127818,-0.925302236725778,0.));
#6973=DIRECTION('ref_axis',(0.925302236725778,0.379230498127818,0.));
#6974=DIRECTION('',(0.925302236725778,0.379230498127818,0.));
#6975=DIRECTION('',(0.,0.,1.));
#6976=DIRECTION('center_axis',(-0.99095049225227,0.134227873055431,0.));
#6977=DIRECTION('ref_axis',(-0.134227873055431,-0.990950492252269,0.));
#6978=DIRECTION('',(-0.134227873055431,-0.990950492252269,0.));
#6979=DIRECTION('center_axis',(-0.758992270943959,0.651099633425893,0.));
#6980=DIRECTION('ref_axis',(-0.651099633425893,-0.758992270943959,0.));
#6981=DIRECTION('',(0.,0.,1.));
#6982=DIRECTION('',(-0.651099633425893,-0.758992270943959,0.));
#6983=DIRECTION('center_axis',(-0.184372687468131,-0.982856404626728,0.));
#6984=DIRECTION('ref_axis',(0.982856404626728,-0.184372687468131,0.));
#6985=DIRECTION('',(0.982856404626728,-0.184372687468131,0.));
#6986=DIRECTION('center_axis',(-0.386131029376945,-0.92244394309481,0.));
#6987=DIRECTION('ref_axis',(0.92244394309481,-0.386131029376945,0.));
#6988=DIRECTION('',(0.92244394309481,-0.386131029376945,0.));
#6989=DIRECTION('',(0.,0.,1.));
#6990=DIRECTION('center_axis',(-0.605794373629985,0.795621252153469,0.));
#6991=DIRECTION('ref_axis',(-0.795621252153469,-0.605794373629985,0.));
#6992=DIRECTION('',(-0.795621252153469,-0.605794373629985,0.));
#6993=DIRECTION('center_axis',(-0.0762916156291263,0.997085547676175,0.));
#6994=DIRECTION('ref_axis',(-0.997085547676175,-0.0762916156291263,0.));
#6995=DIRECTION('',(0.,0.,1.));
#6996=DIRECTION('',(-0.997085547676175,-0.0762916156291263,0.));
#6997=DIRECTION('center_axis',(-0.825355606218492,-0.564613251069886,0.));
#6998=DIRECTION('ref_axis',(0.564613251069885,-0.825355606218492,0.));
#6999=DIRECTION('',(0.,0.,1.));
#7000=DIRECTION('',(0.564613251069885,-0.825355606218492,0.));
#7001=DIRECTION('center_axis',(-0.925302236725778,-0.379230498127818,0.));
#7002=DIRECTION('ref_axis',(0.379230498127818,-0.925302236725778,0.));
#7003=DIRECTION('',(0.,0.,1.));
#7004=DIRECTION('',(0.379230498127818,-0.925302236725778,0.));
#7005=DIRECTION('',(0.,0.,1.));
#7006=DIRECTION('center_axis',(0.134227873055431,0.99095049225227,0.));
#7007=DIRECTION('ref_axis',(-0.990950492252269,0.134227873055431,0.));
#7008=DIRECTION('',(-0.990950492252269,0.134227873055431,0.));
#7009=DIRECTION('center_axis',(0.651099633425893,0.758992270943959,0.));
#7010=DIRECTION('ref_axis',(-0.758992270943959,0.651099633425893,0.));
#7011=DIRECTION('',(0.,0.,1.));
#7012=DIRECTION('',(-0.758992270943959,0.651099633425893,0.));
#7013=DIRECTION('center_axis',(-0.982856404626728,0.184372687468131,0.));
#7014=DIRECTION('ref_axis',(-0.184372687468131,-0.982856404626728,0.));
#7015=DIRECTION('',(0.,0.,1.));
#7016=DIRECTION('',(-0.184372687468131,-0.982856404626728,0.));
#7017=DIRECTION('center_axis',(-0.92244394309481,0.386131029376945,0.));
#7018=DIRECTION('ref_axis',(-0.386131029376945,-0.92244394309481,0.));
#7019=DIRECTION('',(0.,0.,1.));
#7020=DIRECTION('',(-0.386131029376945,-0.92244394309481,0.));
#7021=DIRECTION('',(0.,0.,1.));
#7022=DIRECTION('center_axis',(0.795621252153469,0.605794373629985,0.));
#7023=DIRECTION('ref_axis',(-0.605794373629985,0.795621252153469,0.));
#7024=DIRECTION('',(-0.605794373629985,0.795621252153469,0.));
#7025=DIRECTION('center_axis',(0.997085547676175,0.0762916156291264,0.));
#7026=DIRECTION('ref_axis',(-0.0762916156291264,0.997085547676175,0.));
#7027=DIRECTION('',(0.,0.,1.));
#7028=DIRECTION('',(-0.0762916156291264,0.997085547676175,0.));
#7029=DIRECTION('center_axis',(-0.564613251069886,0.825355606218492,0.));
#7030=DIRECTION('ref_axis',(-0.825355606218492,-0.564613251069886,0.));
#7031=DIRECTION('',(0.,0.,1.));
#7032=DIRECTION('',(-0.825355606218492,-0.564613251069886,0.));
#7033=DIRECTION('center_axis',(-0.379230498127819,0.925302236725777,0.));
#7034=DIRECTION('ref_axis',(-0.925302236725777,-0.379230498127819,0.));
#7035=DIRECTION('',(0.,0.,1.));
#7036=DIRECTION('',(-0.925302236725777,-0.379230498127819,0.));
#7037=DIRECTION('',(0.,0.,1.));
#7038=DIRECTION('center_axis',(0.99095049225227,-0.13422787305543,0.));
#7039=DIRECTION('ref_axis',(0.13422787305543,0.990950492252269,0.));
#7040=DIRECTION('',(0.13422787305543,0.990950492252269,0.));
#7041=DIRECTION('center_axis',(0.758992270943959,-0.651099633425893,0.));
#7042=DIRECTION('ref_axis',(0.651099633425893,0.758992270943959,0.));
#7043=DIRECTION('',(0.,0.,1.));
#7044=DIRECTION('',(0.651099633425893,0.758992270943959,0.));
#7045=DIRECTION('center_axis',(0.184372687468131,0.982856404626728,0.));
#7046=DIRECTION('ref_axis',(-0.982856404626728,0.184372687468131,0.));
#7047=DIRECTION('',(0.,0.,1.));
#7048=DIRECTION('',(-0.982856404626728,0.184372687468131,0.));
#7049=DIRECTION('center_axis',(0.386131029376944,0.92244394309481,0.));
#7050=DIRECTION('ref_axis',(-0.92244394309481,0.386131029376944,0.));
#7051=DIRECTION('',(0.,0.,1.));
#7052=DIRECTION('',(-0.92244394309481,0.386131029376944,0.));
#7053=DIRECTION('',(0.,0.,1.));
#7054=DIRECTION('center_axis',(0.605794373629985,-0.795621252153469,0.));
#7055=DIRECTION('ref_axis',(0.795621252153469,0.605794373629985,0.));
#7056=DIRECTION('',(0.795621252153469,0.605794373629985,0.));
#7057=DIRECTION('center_axis',(0.,0.,-1.));
#7058=DIRECTION('ref_axis',(1.,0.,0.));
#7059=DIRECTION('center_axis',(0.,0.,-1.));
#7060=DIRECTION('ref_axis',(1.,0.,0.));
#7061=DIRECTION('center_axis',(0.,0.,-1.));
#7062=DIRECTION('ref_axis',(1.,0.,0.));
#7063=DIRECTION('center_axis',(0.,0.,-1.));
#7064=DIRECTION('ref_axis',(1.,0.,0.));
#7065=DIRECTION('center_axis',(0.,0.,-1.));
#7066=DIRECTION('ref_axis',(1.,0.,0.));
#7067=DIRECTION('center_axis',(0.,0.,-1.));
#7068=DIRECTION('ref_axis',(1.,0.,0.));
#7069=DIRECTION('center_axis',(0.,0.,-1.));
#7070=DIRECTION('ref_axis',(-0.999575628850519,0.0291300911102069,0.));
#7071=DIRECTION('center_axis',(0.,0.,-1.));
#7072=DIRECTION('ref_axis',(1.,0.,0.));
#7073=DIRECTION('center_axis',(0.,0.,-1.));
#7074=DIRECTION('ref_axis',(1.,0.,0.));
#7075=DIRECTION('center_axis',(0.,0.,-1.));
#7076=DIRECTION('ref_axis',(1.,0.,0.));
#7077=DIRECTION('center_axis',(0.,0.,-1.));
#7078=DIRECTION('ref_axis',(1.,0.,0.));
#7079=DIRECTION('center_axis',(0.,0.,-1.));
#7080=DIRECTION('ref_axis',(1.,0.,0.));
#7081=DIRECTION('center_axis',(0.,0.,-1.));
#7082=DIRECTION('ref_axis',(1.,0.,0.));
#7083=DIRECTION('center_axis',(0.,0.,-1.));
#7084=DIRECTION('ref_axis',(1.,0.,0.));
#7085=DIRECTION('center_axis',(0.,0.,-1.));
#7086=DIRECTION('ref_axis',(1.,0.,0.));
#7087=DIRECTION('center_axis',(0.,0.,-1.));
#7088=DIRECTION('ref_axis',(1.,0.,0.));
#7089=DIRECTION('center_axis',(0.0762916156291264,-0.997085547676175,0.));
#7090=DIRECTION('ref_axis',(0.997085547676175,0.0762916156291263,0.));
#7091=DIRECTION('',(0.,0.,1.));
#7092=DIRECTION('',(0.997085547676175,0.0762916156291263,0.));
#7093=DIRECTION('center_axis',(0.825355606218492,0.564613251069886,0.));
#7094=DIRECTION('ref_axis',(-0.564613251069886,0.825355606218492,0.));
#7095=DIRECTION('',(0.,0.,1.));
#7096=DIRECTION('',(-0.564613251069886,0.825355606218492,0.));
#7097=DIRECTION('center_axis',(-0.13422787305543,-0.990950492252269,0.));
#7098=DIRECTION('ref_axis',(0.990950492252269,-0.13422787305543,0.));
#7099=DIRECTION('',(0.,0.,1.));
#7100=DIRECTION('',(0.990950492252269,-0.13422787305543,0.));
#7101=DIRECTION('center_axis',(0.925302236725777,0.379230498127819,0.));
#7102=DIRECTION('ref_axis',(-0.379230498127819,0.925302236725777,0.));
#7103=DIRECTION('',(-0.379230498127819,0.925302236725777,0.));
#7104=DIRECTION('center_axis',(0.,0.,1.));
#7105=DIRECTION('ref_axis',(0.958210581444424,0.286063771924966,0.));
#7106=DIRECTION('center_axis',(0.,0.,-1.));
#7107=DIRECTION('ref_axis',(0.958210581444424,0.286063771924966,0.));
#7108=DIRECTION('',(0.,0.,-1.));
#7109=DIRECTION('center_axis',(0.,0.,-1.));
#7110=DIRECTION('ref_axis',(0.958210581444424,0.286063771924966,0.));
#7111=DIRECTION('',(0.,0.,1.));
#7112=DIRECTION('center_axis',(0.,0.,-1.));
#7113=DIRECTION('ref_axis',(-1.,0.,0.));
#7114=DIRECTION('',(0.5,0.866025403784439,0.));
#7115=DIRECTION('center_axis',(0.,0.,-1.));
#7116=DIRECTION('ref_axis',(0.321215783967023,-0.947006029616734,0.));
#7117=DIRECTION('center_axis',(0.,0.,-1.));
#7118=DIRECTION('ref_axis',(1.,0.,0.));
#7119=DIRECTION('center_axis',(0.,0.,-1.));
#7120=DIRECTION('ref_axis',(-0.321215783967025,-0.947006029616733,0.));
#7121=DIRECTION('',(0.5,-0.866025403784439,0.));
#7122=DIRECTION('center_axis',(0.,0.,-1.));
#7123=DIRECTION('ref_axis',(-0.958210581444424,0.286063771924966,0.));
#7124=DIRECTION('center_axis',(0.,0.,1.));
#7125=DIRECTION('ref_axis',(-1.,0.,0.));
#7126=DIRECTION('center_axis',(0.866025403784439,-0.5,0.));
#7127=DIRECTION('ref_axis',(0.5,0.866025403784439,0.));
#7128=DIRECTION('',(0.5,0.866025403784439,0.));
#7129=DIRECTION('',(0.,0.,-1.));
#7130=DIRECTION('center_axis',(0.,0.,1.));
#7131=DIRECTION('ref_axis',(0.321215783967023,-0.947006029616734,0.));
#7132=DIRECTION('center_axis',(0.,0.,-1.));
#7133=DIRECTION('ref_axis',(0.321215783967023,-0.947006029616734,0.));
#7134=DIRECTION('',(0.,0.,1.));
#7135=DIRECTION('center_axis',(0.,0.,1.));
#7136=DIRECTION('ref_axis',(-0.321215783967025,-0.947006029616733,0.));
#7137=DIRECTION('',(0.,0.,-1.));
#7138=DIRECTION('center_axis',(0.,0.,-1.));
#7139=DIRECTION('ref_axis',(-0.321215783967025,-0.947006029616733,0.));
#7140=DIRECTION('',(0.,0.,1.));
#7141=DIRECTION('center_axis',(-0.866025403784439,-0.5,0.));
#7142=DIRECTION('ref_axis',(0.5,-0.866025403784439,0.));
#7143=DIRECTION('',(0.5,-0.866025403784439,0.));
#7144=DIRECTION('',(0.,0.,-1.));
#7145=DIRECTION('center_axis',(0.,0.,1.));
#7146=DIRECTION('ref_axis',(-0.958210581444424,0.286063771924966,0.));
#7147=DIRECTION('center_axis',(0.,0.,-1.));
#7148=DIRECTION('ref_axis',(-0.958210581444424,0.286063771924966,0.));
#7149=DIRECTION('',(0.,0.,1.));
#7150=DIRECTION('center_axis',(0.,0.,1.));
#7151=DIRECTION('ref_axis',(-1.,0.,0.));
#7152=DIRECTION('center_axis',(0.,0.,1.));
#7153=DIRECTION('ref_axis',(-1.,0.,0.));
#7154=DIRECTION('center_axis',(0.,0.,1.));
#7155=DIRECTION('ref_axis',(0.726843784311635,-0.686802819743441,0.));
#7156=DIRECTION('center_axis',(0.,0.,-1.));
#7157=DIRECTION('ref_axis',(0.726843784311635,-0.686802819743441,0.));
#7158=DIRECTION('',(0.,0.,-1.));
#7159=DIRECTION('center_axis',(0.,0.,-1.));
#7160=DIRECTION('ref_axis',(0.726843784311635,-0.686802819743441,0.));
#7161=DIRECTION('',(0.,0.,1.));
#7162=DIRECTION('center_axis',(0.,0.,1.));
#7163=DIRECTION('ref_axis',(-1.,0.,0.));
#7164=DIRECTION('center_axis',(0.,0.,1.));
#7165=DIRECTION('ref_axis',(-1.,0.,0.));
#7166=DIRECTION('',(0.,0.,1.));
#7167=DIRECTION('center_axis',(0.,0.,1.));
#7168=DIRECTION('ref_axis',(-1.,0.,0.));
#7169=DIRECTION('center_axis',(0.,0.,1.));
#7170=DIRECTION('ref_axis',(-0.659523387201618,-0.751684043820344,0.));
#7171=DIRECTION('center_axis',(0.,0.,-1.));
#7172=DIRECTION('ref_axis',(-0.659523387201618,-0.751684043820344,0.));
#7173=DIRECTION('',(0.,0.,-1.));
#7174=DIRECTION('center_axis',(0.,0.,-1.));
#7175=DIRECTION('ref_axis',(-0.659523387201618,-0.751684043820344,0.));
#7176=DIRECTION('',(0.,0.,1.));
#7177=DIRECTION('center_axis',(0.,0.,-1.));
#7178=DIRECTION('ref_axis',(-1.,0.,0.));
#7179=DIRECTION('',(1.,-1.23439028222075E-16,0.));
#7180=DIRECTION('center_axis',(0.,0.,-1.));
#7181=DIRECTION('ref_axis',(1.,0.,0.));
#7182=DIRECTION('center_axis',(0.,0.,-1.));
#7183=DIRECTION('ref_axis',(-0.980739171168642,-0.195321985796392,0.));
#7184=DIRECTION('',(-0.5,-0.866025403784439,0.));
#7185=DIRECTION('center_axis',(0.,0.,-1.));
#7186=DIRECTION('ref_axis',(-0.231366797132793,0.972866591668412,0.));
#7187=DIRECTION('center_axis',(0.,0.,-1.));
#7188=DIRECTION('ref_axis',(1.,0.,0.));
#7189=DIRECTION('center_axis',(0.,0.,-1.));
#7190=DIRECTION('ref_axis',(-1.,0.,0.));
#7191=DIRECTION('',(0.,0.,-1.));
#7192=DIRECTION('center_axis',(0.,0.,1.));
#7193=DIRECTION('ref_axis',(-0.980739171168642,-0.195321985796392,0.));
#7194=DIRECTION('center_axis',(0.,0.,-1.));
#7195=DIRECTION('ref_axis',(-0.980739171168642,-0.195321985796392,0.));
#7196=DIRECTION('',(0.,0.,1.));
#7197=DIRECTION('center_axis',(-0.866025403784439,0.5,0.));
#7198=DIRECTION('ref_axis',(-0.5,-0.866025403784439,0.));
#7199=DIRECTION('',(-0.5,-0.866025403784439,0.));
#7200=DIRECTION('',(0.,0.,-1.));
#7201=DIRECTION('center_axis',(0.,0.,1.));
#7202=DIRECTION('ref_axis',(-0.231366797132793,0.972866591668412,0.));
#7203=DIRECTION('center_axis',(0.,0.,-1.));
#7204=DIRECTION('ref_axis',(-0.231366797132793,0.972866591668412,0.));
#7205=DIRECTION('center_axis',(0.,0.,1.));
#7206=DIRECTION('ref_axis',(-0.231366797132792,-0.972866591668412,0.));
#7207=DIRECTION('center_axis',(0.,0.,-1.));
#7208=DIRECTION('ref_axis',(-0.231366797132792,-0.972866591668412,0.));
#7209=DIRECTION('',(0.,0.,-1.));
#7210=DIRECTION('center_axis',(0.,0.,-1.));
#7211=DIRECTION('ref_axis',(-0.231366797132792,-0.972866591668412,0.));
#7212=DIRECTION('',(0.,0.,1.));
#7213=DIRECTION('center_axis',(0.,0.,1.));
#7214=DIRECTION('ref_axis',(-1.,0.,0.));
#7215=DIRECTION('center_axis',(0.,0.,1.));
#7216=DIRECTION('ref_axis',(-1.,0.,0.));
#7217=DIRECTION('',(0.,0.,1.));
#7218=DIRECTION('center_axis',(0.,0.,1.));
#7219=DIRECTION('ref_axis',(-1.,0.,0.));
#7220=DIRECTION('center_axis',(0.,0.,1.));
#7221=DIRECTION('ref_axis',(-0.980739171168642,0.195321985796389,0.));
#7222=DIRECTION('center_axis',(0.,0.,-1.));
#7223=DIRECTION('ref_axis',(-0.980739171168642,0.195321985796389,0.));
#7224=DIRECTION('',(0.,0.,-1.));
#7225=DIRECTION('center_axis',(0.,0.,-1.));
#7226=DIRECTION('ref_axis',(-0.980739171168642,0.195321985796389,0.));
#7227=DIRECTION('',(0.,0.,1.));
#7228=DIRECTION('center_axis',(0.,0.,-1.));
#7229=DIRECTION('ref_axis',(-1.,0.,0.));
#7230=DIRECTION('',(0.499999999999999,-0.866025403784439,0.));
#7231=DIRECTION('center_axis',(0.,0.,-1.));
#7232=DIRECTION('ref_axis',(1.,0.,0.));
#7233=DIRECTION('center_axis',(0.,0.,-1.));
#7234=DIRECTION('ref_axis',(-0.659523387201618,0.751684043820344,0.));
#7235=DIRECTION('',(-1.,0.,0.));
#7236=DIRECTION('center_axis',(0.,0.,-1.));
#7237=DIRECTION('ref_axis',(0.72684378431163,0.686802819743446,0.));
#7238=DIRECTION('center_axis',(0.,0.,-1.));
#7239=DIRECTION('ref_axis',(1.,0.,0.));
#7240=DIRECTION('center_axis',(0.,0.,-1.));
#7241=DIRECTION('ref_axis',(-1.,0.,0.));
#7242=DIRECTION('',(0.,0.,-1.));
#7243=DIRECTION('center_axis',(0.,0.,1.));
#7244=DIRECTION('ref_axis',(-0.659523387201618,0.751684043820344,0.));
#7245=DIRECTION('center_axis',(0.,0.,-1.));
#7246=DIRECTION('ref_axis',(-0.659523387201618,0.751684043820344,0.));
#7247=DIRECTION('',(0.,0.,1.));
#7248=DIRECTION('center_axis',(0.,1.,0.));
#7249=DIRECTION('ref_axis',(-1.,0.,0.));
#7250=DIRECTION('',(-1.,0.,0.));
#7251=DIRECTION('',(0.,0.,-1.));
#7252=DIRECTION('center_axis',(0.,0.,1.));
#7253=DIRECTION('ref_axis',(0.72684378431163,0.686802819743446,0.));
#7254=DIRECTION('center_axis',(0.,0.,-1.));
#7255=DIRECTION('ref_axis',(0.72684378431163,0.686802819743446,0.));
#7256=DIRECTION('center_axis',(0.,0.,1.));
#7257=DIRECTION('ref_axis',(-0.958210581444424,-0.286063771924966,0.));
#7258=DIRECTION('center_axis',(0.,0.,-1.));
#7259=DIRECTION('ref_axis',(-0.958210581444424,-0.286063771924966,0.));
#7260=DIRECTION('',(0.,0.,-1.));
#7261=DIRECTION('center_axis',(0.,0.,-1.));
#7262=DIRECTION('ref_axis',(-0.958210581444424,-0.286063771924966,0.));
#7263=DIRECTION('',(0.,0.,1.));
#7264=DIRECTION('center_axis',(0.,0.,1.));
#7265=DIRECTION('ref_axis',(-1.,0.,0.));
#7266=DIRECTION('center_axis',(0.,0.,1.));
#7267=DIRECTION('ref_axis',(-1.,0.,0.));
#7268=DIRECTION('',(0.,0.,1.));
#7269=DIRECTION('center_axis',(0.,0.,1.));
#7270=DIRECTION('ref_axis',(-1.,0.,0.));
#7271=DIRECTION('center_axis',(0.,0.,1.));
#7272=DIRECTION('ref_axis',(-0.321215783967023,0.947006029616734,0.));
#7273=DIRECTION('center_axis',(0.,0.,-1.));
#7274=DIRECTION('ref_axis',(-0.321215783967023,0.947006029616734,0.));
#7275=DIRECTION('',(0.,0.,-1.));
#7276=DIRECTION('center_axis',(0.,0.,-1.));
#7277=DIRECTION('ref_axis',(-0.321215783967023,0.947006029616734,0.));
#7278=DIRECTION('',(0.,0.,1.));
#7279=DIRECTION('center_axis',(0.,0.,-1.));
#7280=DIRECTION('ref_axis',(-1.,0.,0.));
#7281=DIRECTION('',(-0.500000000000001,-0.866025403784438,0.));
#7282=DIRECTION('center_axis',(0.,0.,-1.));
#7283=DIRECTION('ref_axis',(1.,0.,0.));
#7284=DIRECTION('center_axis',(0.,0.,-1.));
#7285=DIRECTION('ref_axis',(0.321215783967026,0.947006029616733,0.));
#7286=DIRECTION('',(-0.499999999999999,0.866025403784439,0.));
#7287=DIRECTION('center_axis',(0.,0.,-1.));
#7288=DIRECTION('ref_axis',(0.958210581444424,-0.286063771924966,0.));
#7289=DIRECTION('center_axis',(0.,0.,-1.));
#7290=DIRECTION('ref_axis',(1.,0.,0.));
#7291=DIRECTION('center_axis',(0.,0.,-1.));
#7292=DIRECTION('ref_axis',(-1.,0.,0.));
#7293=DIRECTION('',(0.,0.,-1.));
#7294=DIRECTION('center_axis',(0.,0.,1.));
#7295=DIRECTION('ref_axis',(0.321215783967026,0.947006029616733,0.));
#7296=DIRECTION('center_axis',(0.,0.,-1.));
#7297=DIRECTION('ref_axis',(0.321215783967026,0.947006029616733,0.));
#7298=DIRECTION('',(0.,0.,1.));
#7299=DIRECTION('center_axis',(0.866025403784439,0.499999999999999,0.));
#7300=DIRECTION('ref_axis',(-0.499999999999999,0.866025403784439,0.));
#7301=DIRECTION('',(-0.499999999999999,0.866025403784439,0.));
#7302=DIRECTION('',(0.,0.,-1.));
#7303=DIRECTION('center_axis',(0.,0.,1.));
#7304=DIRECTION('ref_axis',(0.958210581444424,-0.286063771924966,0.));
#7305=DIRECTION('center_axis',(0.,0.,-1.));
#7306=DIRECTION('ref_axis',(0.958210581444424,-0.286063771924966,0.));
#7307=DIRECTION('center_axis',(0.,0.,1.));
#7308=DIRECTION('ref_axis',(-0.726843784311632,0.686802819743444,0.));
#7309=DIRECTION('center_axis',(0.,0.,-1.));
#7310=DIRECTION('ref_axis',(-0.726843784311632,0.686802819743444,0.));
#7311=DIRECTION('',(0.,0.,-1.));
#7312=DIRECTION('center_axis',(0.,0.,-1.));
#7313=DIRECTION('ref_axis',(-0.726843784311632,0.686802819743444,0.));
#7314=DIRECTION('',(0.,0.,1.));
#7315=DIRECTION('center_axis',(0.,0.,1.));
#7316=DIRECTION('ref_axis',(-1.,0.,0.));
#7317=DIRECTION('center_axis',(0.,0.,1.));
#7318=DIRECTION('ref_axis',(-1.,0.,0.));
#7319=DIRECTION('',(0.,0.,1.));
#7320=DIRECTION('center_axis',(0.,0.,1.));
#7321=DIRECTION('ref_axis',(-1.,0.,0.));
#7322=DIRECTION('center_axis',(0.,0.,1.));
#7323=DIRECTION('ref_axis',(0.659523387201619,0.751684043820343,0.));
#7324=DIRECTION('center_axis',(0.,0.,-1.));
#7325=DIRECTION('ref_axis',(0.659523387201619,0.751684043820343,0.));
#7326=DIRECTION('',(0.,0.,-1.));
#7327=DIRECTION('center_axis',(0.,0.,-1.));
#7328=DIRECTION('ref_axis',(0.659523387201619,0.751684043820343,0.));
#7329=DIRECTION('',(0.,0.,1.));
#7330=DIRECTION('center_axis',(0.,0.,-1.));
#7331=DIRECTION('ref_axis',(-1.,0.,0.));
#7332=DIRECTION('',(-1.,2.4687805644415E-16,0.));
#7333=DIRECTION('center_axis',(0.,0.,-1.));
#7334=DIRECTION('ref_axis',(1.,0.,0.));
#7335=DIRECTION('center_axis',(0.,0.,-1.));
#7336=DIRECTION('ref_axis',(0.980739171168642,0.195321985796389,0.));
#7337=DIRECTION('',(0.5,0.866025403784438,0.));
#7338=DIRECTION('center_axis',(0.,0.,-1.));
#7339=DIRECTION('ref_axis',(0.231366797132792,-0.972866591668412,0.));
#7340=DIRECTION('center_axis',(0.,0.,-1.));
#7341=DIRECTION('ref_axis',(1.,0.,0.));
#7342=DIRECTION('center_axis',(0.,0.,-1.));
#7343=DIRECTION('ref_axis',(-1.,0.,0.));
#7344=DIRECTION('',(0.,0.,-1.));
#7345=DIRECTION('center_axis',(0.,0.,1.));
#7346=DIRECTION('ref_axis',(0.980739171168642,0.195321985796389,0.));
#7347=DIRECTION('center_axis',(0.,0.,-1.));
#7348=DIRECTION('ref_axis',(0.980739171168642,0.195321985796389,0.));
#7349=DIRECTION('',(0.,0.,1.));
#7350=DIRECTION('center_axis',(0.866025403784438,-0.5,0.));
#7351=DIRECTION('ref_axis',(0.5,0.866025403784438,0.));
#7352=DIRECTION('',(0.5,0.866025403784438,0.));
#7353=DIRECTION('',(0.,0.,-1.));
#7354=DIRECTION('center_axis',(0.,0.,1.));
#7355=DIRECTION('ref_axis',(0.231366797132792,-0.972866591668412,0.));
#7356=DIRECTION('center_axis',(0.,0.,-1.));
#7357=DIRECTION('ref_axis',(0.231366797132792,-0.972866591668412,0.));
#7358=DIRECTION('center_axis',(0.,0.,1.));
#7359=DIRECTION('ref_axis',(0.231366797132792,0.972866591668412,0.));
#7360=DIRECTION('center_axis',(0.,0.,-1.));
#7361=DIRECTION('ref_axis',(0.231366797132792,0.972866591668412,0.));
#7362=DIRECTION('',(0.,0.,-1.));
#7363=DIRECTION('center_axis',(0.,0.,-1.));
#7364=DIRECTION('ref_axis',(0.231366797132792,0.972866591668412,0.));
#7365=DIRECTION('',(0.,0.,1.));
#7366=DIRECTION('center_axis',(0.,0.,1.));
#7367=DIRECTION('ref_axis',(-1.,0.,0.));
#7368=DIRECTION('center_axis',(0.,0.,1.));
#7369=DIRECTION('ref_axis',(-1.,0.,0.));
#7370=DIRECTION('',(0.,0.,1.));
#7371=DIRECTION('center_axis',(0.,0.,1.));
#7372=DIRECTION('ref_axis',(-1.,0.,0.));
#7373=DIRECTION('center_axis',(0.,0.,1.));
#7374=DIRECTION('ref_axis',(0.980739171168642,-0.195321985796392,0.));
#7375=DIRECTION('center_axis',(0.,0.,-1.));
#7376=DIRECTION('ref_axis',(0.980739171168642,-0.195321985796392,0.));
#7377=DIRECTION('',(0.,0.,-1.));
#7378=DIRECTION('center_axis',(0.,0.,-1.));
#7379=DIRECTION('ref_axis',(0.980739171168642,-0.195321985796392,0.));
#7380=DIRECTION('',(0.,0.,1.));
#7381=DIRECTION('center_axis',(0.,0.,-1.));
#7382=DIRECTION('ref_axis',(-1.,0.,0.));
#7383=DIRECTION('',(-0.5,0.866025403784439,0.));
#7384=DIRECTION('center_axis',(0.,0.,-1.));
#7385=DIRECTION('ref_axis',(1.,0.,0.));
#7386=DIRECTION('center_axis',(0.,0.,-1.));
#7387=DIRECTION('ref_axis',(0.659523387201617,-0.751684043820345,0.));
#7388=DIRECTION('',(1.,-1.23439028222075E-16,0.));
#7389=DIRECTION('center_axis',(0.,0.,-1.));
#7390=DIRECTION('ref_axis',(-0.726843784311633,-0.686802819743444,0.));
#7391=DIRECTION('center_axis',(0.,0.,-1.));
#7392=DIRECTION('ref_axis',(1.,0.,0.));
#7393=DIRECTION('center_axis',(0.,0.,-1.));
#7394=DIRECTION('ref_axis',(-1.,0.,0.));
#7395=DIRECTION('',(0.,0.,-1.));
#7396=DIRECTION('center_axis',(0.,0.,1.));
#7397=DIRECTION('ref_axis',(0.659523387201617,-0.751684043820345,0.));
#7398=DIRECTION('center_axis',(0.,0.,-1.));
#7399=DIRECTION('ref_axis',(0.659523387201617,-0.751684043820345,0.));
#7400=DIRECTION('',(0.,0.,1.));
#7401=DIRECTION('center_axis',(-1.23439028222075E-16,-1.,0.));
#7402=DIRECTION('ref_axis',(1.,-1.23439028222075E-16,0.));
#7403=DIRECTION('',(1.,-1.23439028222075E-16,0.));
#7404=DIRECTION('',(0.,0.,-1.));
#7405=DIRECTION('center_axis',(0.,0.,1.));
#7406=DIRECTION('ref_axis',(-0.726843784311633,-0.686802819743444,0.));
#7407=DIRECTION('center_axis',(0.,0.,-1.));
#7408=DIRECTION('ref_axis',(-0.726843784311633,-0.686802819743444,0.));
#7409=DIRECTION('center_axis',(0.,0.,1.));
#7410=DIRECTION('ref_axis',(-1.,0.,0.));
#7411=DIRECTION('center_axis',(0.,0.,1.));
#7412=DIRECTION('ref_axis',(-1.,0.,0.));
#7413=DIRECTION('',(0.707106781186547,-8.65956056235493E-17,0.707106781186548));
#7414=DIRECTION('center_axis',(0.,0.,-1.));
#7415=DIRECTION('ref_axis',(-1.,0.,0.));
#7416=DIRECTION('center_axis',(0.,0.,-1.));
#7417=DIRECTION('ref_axis',(-1.,0.,0.));
#7418=DIRECTION('center_axis',(0.,0.,-1.));
#7419=DIRECTION('ref_axis',(-1.,0.,0.));
#7420=DIRECTION('center_axis',(0.,0.,-1.));
#7421=DIRECTION('ref_axis',(-1.,0.,0.));
#7422=DIRECTION('center_axis',(0.,0.,-1.));
#7423=DIRECTION('ref_axis',(1.,0.,0.));
#7424=DIRECTION('center_axis',(0.,0.,-1.));
#7425=DIRECTION('ref_axis',(-1.,0.,0.));
#7426=DIRECTION('center_axis',(0.,0.,-1.));
#7427=DIRECTION('ref_axis',(-1.,0.,0.));
#7428=DIRECTION('center_axis',(0.,0.,-1.));
#7429=DIRECTION('ref_axis',(-1.,0.,0.));
#7430=DIRECTION('center_axis',(0.,0.,1.));
#7431=DIRECTION('ref_axis',(1.,0.,0.));
#7432=DIRECTION('center_axis',(0.,0.,1.));
#7433=DIRECTION('ref_axis',(-1.,0.,0.));
#7434=DIRECTION('center_axis',(-0.866025403784438,0.500000000000001,0.));
#7435=DIRECTION('ref_axis',(-0.500000000000001,-0.866025403784438,0.));
#7436=DIRECTION('',(-0.500000000000001,-0.866025403784438,0.));
#7437=DIRECTION('center_axis',(-1.23439028222075E-16,-1.,0.));
#7438=DIRECTION('ref_axis',(1.,-1.23439028222075E-16,0.));
#7439=DIRECTION('',(1.,-1.23439028222075E-16,0.));
#7440=DIRECTION('center_axis',(0.866025403784439,0.5,0.));
#7441=DIRECTION('ref_axis',(-0.5,0.866025403784439,0.));
#7442=DIRECTION('',(-0.5,0.866025403784439,0.));
#7443=DIRECTION('center_axis',(2.4687805644415E-16,1.,0.));
#7444=DIRECTION('ref_axis',(-1.,2.4687805644415E-16,0.));
#7445=DIRECTION('',(-1.,2.4687805644415E-16,0.));
#7446=DIRECTION('center_axis',(-0.866025403784439,-0.499999999999999,0.));
#7447=DIRECTION('ref_axis',(0.499999999999999,-0.866025403784439,0.));
#7448=DIRECTION('',(0.499999999999999,-0.866025403784439,0.));
#7449=DIRECTION('center_axis',(0.,0.,-1.));
#7450=DIRECTION('ref_axis',(1.,0.,0.));
#7451=DIRECTION('center_axis',(0.,0.,-1.));
#7452=DIRECTION('ref_axis',(1.,0.,0.));
#7453=DIRECTION('center_axis',(0.,0.,1.));
#7454=DIRECTION('ref_axis',(1.,0.,0.));
#7455=DIRECTION('center_axis',(0.,0.,1.));
#7456=DIRECTION('ref_axis',(1.83697019872103E-16,-1.,0.));
#7457=DIRECTION('center_axis',(0.,0.,1.));
#7458=DIRECTION('ref_axis',(1.83697019872103E-16,-1.,0.));
#7459=DIRECTION('',(0.,0.,1.));
#7460=DIRECTION('center_axis',(0.,0.,1.));
#7461=DIRECTION('ref_axis',(1.83697019872103E-16,-1.,0.));
#7462=DIRECTION('center_axis',(0.,0.,-1.));
#7463=DIRECTION('ref_axis',(1.83697019872103E-16,-1.,0.));
#7464=DIRECTION('center_axis',(0.,0.,1.));
#7465=DIRECTION('ref_axis',(1.,1.22464679914735E-16,0.));
#7466=DIRECTION('center_axis',(0.,0.,1.));
#7467=DIRECTION('ref_axis',(1.,1.22464679914735E-16,0.));
#7468=DIRECTION('',(0.,0.,1.));
#7469=DIRECTION('center_axis',(0.,0.,1.));
#7470=DIRECTION('ref_axis',(1.,1.22464679914735E-16,0.));
#7471=DIRECTION('center_axis',(0.,0.,-1.));
#7472=DIRECTION('ref_axis',(1.,1.22464679914735E-16,0.));
#7473=DIRECTION('center_axis',(0.,0.,1.));
#7474=DIRECTION('ref_axis',(-6.12323399573677E-17,1.,0.));
#7475=DIRECTION('center_axis',(0.,0.,1.));
#7476=DIRECTION('ref_axis',(-6.12323399573677E-17,1.,0.));
#7477=DIRECTION('',(0.,0.,1.));
#7478=DIRECTION('center_axis',(0.,0.,1.));
#7479=DIRECTION('ref_axis',(-6.12323399573677E-17,1.,0.));
#7480=DIRECTION('center_axis',(0.,0.,-1.));
#7481=DIRECTION('ref_axis',(-6.12323399573677E-17,1.,0.));
#7482=DIRECTION('center_axis',(0.,0.,1.));
#7483=DIRECTION('ref_axis',(-1.,0.,0.));
#7484=DIRECTION('center_axis',(0.,0.,1.));
#7485=DIRECTION('ref_axis',(-1.,0.,0.));
#7486=DIRECTION('',(0.,0.,1.));
#7487=DIRECTION('center_axis',(0.,0.,1.));
#7488=DIRECTION('ref_axis',(-1.,0.,0.));
#7489=DIRECTION('center_axis',(0.,0.,-1.));
#7490=DIRECTION('ref_axis',(-1.,0.,0.));
#7491=DIRECTION('center_axis',(0.,0.,-1.));
#7492=DIRECTION('ref_axis',(1.,0.,0.));
#7493=DIRECTION('center_axis',(0.,0.,1.));
#7494=DIRECTION('ref_axis',(1.,0.,0.));
#7495=DIRECTION('center_axis',(0.,0.,-1.));
#7496=DIRECTION('ref_axis',(-1.,0.,0.));
#7497=DIRECTION('center_axis',(0.,0.,1.));
#7498=DIRECTION('ref_axis',(1.,0.,0.));
#7499=DIRECTION('center_axis',(0.,0.,-1.));
#7500=DIRECTION('ref_axis',(-1.,0.,0.));
#7501=DIRECTION('center_axis',(0.,0.,-1.));
#7502=DIRECTION('ref_axis',(-1.,0.,0.));
#7503=DIRECTION('center_axis',(0.,0.,1.));
#7504=DIRECTION('ref_axis',(-1.,0.,0.));
#7505=DIRECTION('',(0.,0.,-1.));
#7506=DIRECTION('center_axis',(0.,0.,-1.));
#7507=DIRECTION('ref_axis',(-1.,0.,0.));
#7508=DIRECTION('',(0.,0.,1.));
#7509=DIRECTION('axis',(0.,0.,1.));
#7510=DIRECTION('refdir',(1.,0.,0.));
#7511=DIRECTION('center_axis',(0.521833111435322,0.853047597622624,0.));
#7512=DIRECTION('ref_axis',(-0.853047597622624,0.521833111435322,0.));
#7513=DIRECTION('',(0.853047597622624,-0.521833111435322,0.));
#7514=DIRECTION('',(0.,0.,-1.));
#7515=DIRECTION('',(-0.853047597622624,0.521833111435322,0.));
#7516=DIRECTION('',(0.,0.,1.));
#7517=DIRECTION('center_axis',(0.477844334460812,-0.87844452985018,0.));
#7518=DIRECTION('ref_axis',(0.87844452985018,0.477844334460812,0.));
#7519=DIRECTION('',(-0.87844452985018,-0.477844334460812,0.));
#7520=DIRECTION('',(0.87844452985018,0.477844334460812,0.));
#7521=DIRECTION('',(0.,0.,1.));
#7522=DIRECTION('center_axis',(-0.999677445896139,0.0253969322275583,0.));
#7523=DIRECTION('ref_axis',(-0.0253969322275583,-0.999677445896139,0.));
#7524=DIRECTION('',(0.0253969322275583,0.999677445896139,0.));
#7525=DIRECTION('',(-0.0253969322275583,-0.999677445896139,0.));
#7526=DIRECTION('',(0.,0.,1.));
#7527=DIRECTION('center_axis',(0.688920357992966,0.724837043991851,0.));
#7528=DIRECTION('ref_axis',(-0.724837043991851,0.688920357992966,0.));
#7529=DIRECTION('',(0.724837043991851,-0.688920357992965,0.));
#7530=DIRECTION('',(0.,0.,-1.));
#7531=DIRECTION('',(-0.724837043991851,0.688920357992965,0.));
#7532=DIRECTION('',(0.,0.,1.));
#7533=DIRECTION('center_axis',(0.283267114704478,-0.959041053202104,0.));
#7534=DIRECTION('ref_axis',(0.959041053202104,0.283267114704478,0.));
#7535=DIRECTION('',(-0.959041053202104,-0.283267114704478,0.));
#7536=DIRECTION('',(0.959041053202104,0.283267114704478,0.));
#7537=DIRECTION('',(0.,0.,1.));
#7538=DIRECTION('center_axis',(-0.972187472697443,0.234204009210259,0.));
#7539=DIRECTION('ref_axis',(-0.234204009210259,-0.972187472697443,0.));
#7540=DIRECTION('',(0.234204009210259,0.972187472697443,0.));
#7541=DIRECTION('',(-0.234204009210259,-0.972187472697443,0.));
#7542=DIRECTION('',(0.,0.,1.));
#7543=DIRECTION('center_axis',(0.,0.,-1.));
#7544=DIRECTION('ref_axis',(0.559086118002537,-0.829109590257436,0.));
#7545=DIRECTION('center_axis',(0.,0.,1.));
#7546=DIRECTION('ref_axis',(0.559086118002537,-0.829109590257436,0.));
#7547=DIRECTION('',(0.,0.,-1.));
#7548=DIRECTION('center_axis',(0.,0.,1.));
#7549=DIRECTION('ref_axis',(0.559086118002537,-0.829109590257436,0.));
#7550=DIRECTION('center_axis',(0.,0.,-1.));
#7551=DIRECTION('ref_axis',(0.559086118002537,-0.829109590257436,0.));
#7552=DIRECTION('center_axis',(0.,0.,1.));
#7553=DIRECTION('ref_axis',(0.559086118002537,-0.829109590257436,0.));
#7554=DIRECTION('center_axis',(0.,0.,1.));
#7555=DIRECTION('ref_axis',(0.559086118002537,-0.829109590257436,0.));
#7556=DIRECTION('center_axis',(0.,0.,-1.));
#7557=DIRECTION('ref_axis',(0.559086118002537,-0.829109590257436,0.));
#7558=DIRECTION('center_axis',(0.,0.,1.));
#7559=DIRECTION('ref_axis',(0.559086118002537,-0.829109590257436,0.));
#7560=DIRECTION('',(0.,0.,-1.));
#7561=DIRECTION('center_axis',(0.,0.,1.));
#7562=DIRECTION('ref_axis',(0.559086118002537,-0.829109590257436,0.));
#7563=DIRECTION('center_axis',(0.701057384649979,-0.092295955641257,0.707106781186547));
#7564=DIRECTION('ref_axis',(0.710137920573859,0.,-0.704062592219637));
#7565=DIRECTION('',(-0.616927112978626,0.418833317601993,0.666317934126319));
#7566=DIRECTION('',(-0.130526192220051,-0.991444861373811,0.));
#7567=DIRECTION('',(0.599718754346573,-0.460180385407251,-0.654653670707978));
#7568=DIRECTION('',(0.130526192220051,0.991444861373811,0.));
#7569=DIRECTION('center_axis',(-0.113038998321815,-0.858616436401261,0.5));
#7570=DIRECTION('ref_axis',(0.0652630961100256,0.495722430686906,0.866025403784438));
#7571=DIRECTION('',(-0.991444861373811,0.130526192220051,0.));
#7572=DIRECTION('',(-0.21227457502506,0.512476157972484,0.832050294337843));
#7573=DIRECTION('',(-0.991444861373811,0.130526192220051,0.));
#7574=DIRECTION('',(0.0652630961100256,0.495722430686906,0.866025403784438));
#7575=DIRECTION('center_axis',(0.,0.,1.));
#7576=DIRECTION('ref_axis',(0.130526192220051,0.991444861373811,0.));
#7577=DIRECTION('',(-0.991444861373811,0.130526192220051,0.));
#7578=DIRECTION('center_axis',(0.,0.,-1.));
#7579=DIRECTION('ref_axis',(-0.382683432365089,0.923879532511287,0.));
#7580=DIRECTION('',(-0.608761429008721,-0.793353340291235,0.));
#7581=DIRECTION('',(-0.793353340291235,0.608761429008721,0.));
#7582=DIRECTION('',(-0.608761429008721,-0.793353340291235,0.));
#7583=DIRECTION('center_axis',(0.,0.,1.));
#7584=DIRECTION('ref_axis',(-0.382683432365095,0.923879532511285,0.));
#7585=DIRECTION('center_axis',(-0.430459334576881,-0.560985526796933,0.707106781186545));
#7586=DIRECTION('ref_axis',(0.854173600813943,0.,0.519987941853023));
#7587=DIRECTION('',(-0.140073466021795,-0.732393224148253,-0.66631793412632));
#7588=DIRECTION('',(0.793353340291235,-0.608761429008721,0.));
#7589=DIRECTION('',(0.0986685269127034,0.749461869093716,0.654653670707979));
#7590=DIRECTION('center_axis',(-0.708929078030751,0.543980414136038,-0.448892939751622));
#7591=DIRECTION('ref_axis',(0.192015084419503,-0.46356542098578,-0.865007114318517));
#7592=DIRECTION('',(0.192015084419503,-0.46356542098578,-0.865007114318517));
#7593=DIRECTION('center_axis',(-0.708929078030751,0.543980414136038,-0.448892939751622));
#7594=DIRECTION('ref_axis',(-0.356130713185102,0.273268707475123,0.893585546347492));
#7595=DIRECTION('',(-0.608761429008721,-0.793353340291235,0.));
#7596=DIRECTION('',(0.356130713185102,-0.273268707475123,-0.893585546347492));
#7597=DIRECTION('center_axis',(-0.56098552679693,0.430459334576879,-0.707106781186548));
#7598=DIRECTION('ref_axis',(-0.783402358984,0.,0.621514878291988));
#7599=DIRECTION('',(-0.560985526796932,0.43045933457688,0.707106781186547));
#7600=DIRECTION('',(0.608761429008721,0.793353340291235,0.));
#7601=DIRECTION('',(0.560985526796931,-0.430459334576881,-0.707106781186547));
#7602=DIRECTION('',(-0.608761429008721,-0.793353340291235,0.));
#7603=DIRECTION('center_axis',(0.,0.,1.));
#7604=DIRECTION('ref_axis',(-0.382683432365088,0.923879532511288,0.));
#7605=DIRECTION('center_axis',(0.,0.,-1.));
#7606=DIRECTION('ref_axis',(-0.382683432365088,0.923879532511288,0.));
#7607=DIRECTION('',(-0.092295955641258,-0.701057384649979,-0.707106781186546));
#7608=DIRECTION('center_axis',(0.,0.,1.));
#7609=DIRECTION('ref_axis',(-0.382683432365088,0.923879532511288,0.));
#7610=DIRECTION('center_axis',(0.0922959556412571,0.701057384649979,-0.707106781186546));
#7611=DIRECTION('ref_axis',(-0.991588782252707,0.,-0.129428307995564));
#7612=DIRECTION('',(-0.0922959556412568,-0.701057384649977,-0.707106781186549));
#7613=DIRECTION('',(-0.991444861373811,0.130526192220051,0.));
#7614=DIRECTION('',(0.991444861373811,-0.130526192220051,0.));
#7615=DIRECTION('center_axis',(0.,0.,-1.));
#7616=DIRECTION('ref_axis',(-0.382683432365088,0.923879532511288,0.));
#7617=DIRECTION('',(0.,0.,1.));
#7618=DIRECTION('center_axis',(0.0994214524186909,-0.240024618820035,-0.965662237616888));
#7619=DIRECTION('ref_axis',(0.369542939596584,-0.892155576653293,0.259800775288961));
#7620=DIRECTION('center_axis',(0.116636318787612,0.88594079812413,-0.448892939751622));
#7621=DIRECTION('ref_axis',(0.0585922861402441,0.445052598423729,0.893585546347492));
#7622=DIRECTION('',(0.,0.,-1.));
#7623=DIRECTION('center_axis',(-0.793353340291235,0.608761429008721,0.));
#7624=DIRECTION('ref_axis',(0.608761429008721,0.793353340291235,0.));
#7625=DIRECTION('',(0.,0.,-1.));
#7626=DIRECTION('center_axis',(-0.608761429008721,-0.793353340291235,0.));
#7627=DIRECTION('ref_axis',(0.,0.,1.));
#7628=DIRECTION('',(-0.793353340291236,0.608761429008719,0.));
#7629=DIRECTION('',(-0.793353340291236,0.608761429008719,0.));
#7630=DIRECTION('',(-0.396676670145618,0.304380714504361,0.866025403784438));
#7631=DIRECTION('center_axis',(-0.21227457502506,0.512476157972484,0.832050294337843));
#7632=DIRECTION('ref_axis',(-0.318411862537595,0.768714236958724,-0.554700196225228));
#7633=DIRECTION('center_axis',(0.,0.,1.));
#7634=DIRECTION('ref_axis',(-0.382683432365095,0.923879532511285,0.));
#7635=DIRECTION('',(0.21227457502506,-0.512476157972484,-0.832050294337843));
#7636=DIRECTION('center_axis',(0.192015084419503,-0.46356542098578,-0.865007114318517));
#7637=DIRECTION('ref_axis',(-0.331023891527631,0.79916236839553,-0.501759596000266));
#7638=DIRECTION('',(0.192015084419503,-0.46356542098578,-0.865007114318517));
#7639=DIRECTION('center_axis',(0.116636318787612,0.88594079812413,-0.448892939751622));
#7640=DIRECTION('ref_axis',(-0.0585922861402441,-0.445052598423729,-0.893585546347492));
#7641=DIRECTION('',(-0.0585922861402441,-0.445052598423729,-0.893585546347492));
#7642=DIRECTION('',(-0.991444861373811,0.130526192220051,0.));
#7643=DIRECTION('center_axis',(0.130526192220051,0.99144486137381,0.));
#7644=DIRECTION('ref_axis',(0.991444861373811,-0.130526192220051,0.));
#7645=DIRECTION('',(0.,0.,-1.));
#7646=DIRECTION('center_axis',(0.,0.,-1.));
#7647=DIRECTION('ref_axis',(-1.,0.,0.));
#7648=DIRECTION('',(-0.130526192220053,-0.99144486137381,0.));
#7649=DIRECTION('center_axis',(0.,0.,-1.));
#7650=DIRECTION('ref_axis',(-1.,0.,0.));
#7651=DIRECTION('',(-0.608761429008721,-0.793353340291235,0.));
#7652=DIRECTION('',(-0.130526192220053,-0.99144486137381,0.));
#7653=DIRECTION('center_axis',(0.68706414686945,-0.527202862365669,0.5));
#7654=DIRECTION('ref_axis',(-0.21227457502506,0.512476157972484,0.832050294337843));
#7655=DIRECTION('center_axis',(-0.99144486137381,0.130526192220051,0.));
#7656=DIRECTION('ref_axis',(0.,0.,1.));
#7657=DIRECTION('',(0.,0.,1.));
#7658=DIRECTION('',(1.,0.,0.));
#7659=DIRECTION('',(1.,0.,0.));
#7660=DIRECTION('',(0.,1.,0.));
#7661=DIRECTION('',(0.,0.,1.));
#7662=DIRECTION('',(0.999575628850503,0.0291300911107603,0.));
#7663=DIRECTION('',(0.,0.,1.));
#7664=DIRECTION('',(0.923879532511287,-0.382683432365089,0.));
#7665=DIRECTION('',(0.,0.,1.));
#7666=DIRECTION('',(0.923879532511287,0.38268343236509,0.));
#7667=DIRECTION('',(0.,0.,1.));
#7668=DIRECTION('',(0.382683432365089,0.923879532511287,0.));
#7669=DIRECTION('',(0.,0.,1.));
#7670=DIRECTION('',(-0.38268343236509,0.923879532511287,0.));
#7671=DIRECTION('',(0.,0.,1.));
#7672=DIRECTION('',(-0.923879532511287,0.38268343236509,0.));
#7673=DIRECTION('',(0.,0.,1.));
#7674=DIRECTION('',(-0.923879532511287,-0.38268343236509,0.));
#7675=DIRECTION('',(0.,0.,1.));
#7676=DIRECTION('',(-0.38268343236509,-0.923879532511287,0.));
#7677=DIRECTION('',(0.,0.,1.));
#7678=DIRECTION('',(0.38268343236509,-0.923879532511287,0.));
#7679=DIRECTION('center_axis',(0.,0.,1.));
#7680=DIRECTION('ref_axis',(1.,0.,0.));
#7681=CARTESIAN_POINT('',(0.,0.,0.));
#7682=CARTESIAN_POINT('',(0.,0.,0.));
#7683=CARTESIAN_POINT('Origin',(0.,0.,-199.9599959992));
#7684=CARTESIAN_POINT('',(-10.1007141433628,-6.39252724317543E-5,-6.32679491924312));
#7685=CARTESIAN_POINT('',(-10.1006121154333,-0.000125925821382739,-7.17320508075688));
#7686=CARTESIAN_POINT('',(-10.1,-1.23689326713883E-15,-199.9599959992));
#7687=CARTESIAN_POINT('',(3.12107164318695,9.60567081458106,-8.22320508075688));
#7688=CARTESIAN_POINT('Ctrl Pts',(-10.1006121154333,-0.000125925821382617,
-7.17320508075688));
#7689=CARTESIAN_POINT('Ctrl Pts',(-10.0996664603547,1.4803395425789,-7.25487174742355));
#7690=CARTESIAN_POINT('Ctrl Pts',(-9.40833769150775,4.583134954488,-7.42598285853466));
#7691=CARTESIAN_POINT('Ctrl Pts',(-6.3478689023375,8.36265768555557,-7.68653841409022));
#7692=CARTESIAN_POINT('Ctrl Pts',(-1.75053141387436,10.3522108514231,-7.95487174742355));
#7693=CARTESIAN_POINT('Ctrl Pts',(1.57868628347703,10.1068221971321,-8.13376063631243));
#7694=CARTESIAN_POINT('Ctrl Pts',(3.12107164318695,9.60567081458106,-8.22320508075688));
#7695=CARTESIAN_POINT('',(3.12107164318695,9.60567081458106,-10.8767949192431));
#7696=CARTESIAN_POINT('',(3.12107164318695,9.60567081458106,-199.9599959992));
#7697=CARTESIAN_POINT('',(-10.1006123982099,-0.000125586015376755,-9.82679491924311));
#7698=CARTESIAN_POINT('Ctrl Pts',(3.12107164318695,9.60567081458106,-10.8767949192431));
#7699=CARTESIAN_POINT('Ctrl Pts',(1.57868628347703,10.1068221971321,-10.7873504747987));
#7700=CARTESIAN_POINT('Ctrl Pts',(-0.085926058462944,10.229507312888,-10.6979060303542));
#7701=CARTESIAN_POINT('Ctrl Pts',(-1.68445359372818,9.95926190641976,-10.6084615859098));
#7702=CARTESIAN_POINT('Ctrl Pts',(-3.28298112899342,9.68901649995148,-10.5190171414653));
#7703=CARTESIAN_POINT('Ctrl Pts',(-4.81542385758393,9.02584057125898,-10.4295726970209));
#7704=CARTESIAN_POINT('Ctrl Pts',(-6.10695032647046,8.04552684317779,-10.3401282525764));
#7705=CARTESIAN_POINT('Ctrl Pts',(-7.39847679535699,7.0652131150966,-10.250683808132));
#7706=CARTESIAN_POINT('Ctrl Pts',(-8.44908700453954,5.76776158762671,-10.1612393636876));
#7707=CARTESIAN_POINT('Ctrl Pts',(-9.13941548090085,4.30070452489218,-10.0717949192431));
#7708=CARTESIAN_POINT('Ctrl Pts',(-9.7697153941003,2.96121764152589,-9.99012825257644));
#7709=CARTESIAN_POINT('Ctrl Pts',(-10.0996670196359,1.4803393762093,-9.90846158590977));
#7710=CARTESIAN_POINT('Ctrl Pts',(-10.1006123982099,-0.000125586015376755,
-9.82679491924311));
#7711=CARTESIAN_POINT('',(-10.1,-1.23689326713883E-15,-11.));
#7712=CARTESIAN_POINT('',(-10.1,-1.23689326713883E-15,-199.9599959992));
#7713=CARTESIAN_POINT('Origin',(0.,0.,-11.));
#7714=CARTESIAN_POINT('Ctrl Pts',(-10.1006123982099,-0.000125586015376755,
-9.82679491924311));
#7715=CARTESIAN_POINT('Ctrl Pts',(-10.1007024342646,-0.141122249084404,
-9.81901714146533));
#7716=CARTESIAN_POINT('Ctrl Pts',(-10.0978082866734,-0.282115163372552,
-9.81123936368755));
#7717=CARTESIAN_POINT('Ctrl Pts',(-10.0919051996135,-0.422981832661233,
-9.80346158590978));
#7718=CARTESIAN_POINT('Ctrl Pts',(-10.0240196984247,-2.04294852948097,-9.71401714146533));
#7719=CARTESIAN_POINT('Ctrl Pts',(-9.55820195250713,-3.64621932512127,-9.62457269702089));
#7720=CARTESIAN_POINT('Ctrl Pts',(-8.74750539600013,-5.05037451065845,-9.53512825257645));
#7721=CARTESIAN_POINT('Ctrl Pts',(-7.93680883949313,-6.45452969619562,-9.445683808132));
#7722=CARTESIAN_POINT('Ctrl Pts',(-6.78123347239672,-7.65956927162966,-9.35623936368756));
#7723=CARTESIAN_POINT('Ctrl Pts',(-5.41225763070075,-8.52835096891608,-9.26679491924311));
#7724=CARTESIAN_POINT('Ctrl Pts',(-4.04328178900478,-9.39713266620249,-9.17735047479866));
#7725=CARTESIAN_POINT('Ctrl Pts',(-2.46090547270924,-9.92965648534129,-9.08790603035423));
#7726=CARTESIAN_POINT('Ctrl Pts',(-0.845208193998774,-10.0653295108328,
-8.99846158590978));
#7727=CARTESIAN_POINT('Ctrl Pts',(0.770489084711697,-10.2010025363243,-8.90901714146534));
#7728=CARTESIAN_POINT('Ctrl Pts',(2.4195073258371,-9.93982476816857,-8.81957269702089));
#7729=CARTESIAN_POINT('Ctrl Pts',(3.91419940861197,-9.31151417995239,-8.73012825257645));
#7730=CARTESIAN_POINT('Ctrl Pts',(5.40889149138683,-8.68320359173621,-8.640683808132));
#7731=CARTESIAN_POINT('Ctrl Pts',(6.74925741581117,-7.68776018345961,-8.55123936368756));
#7732=CARTESIAN_POINT('Ctrl Pts',(7.78276577079151,-6.43846337713551,-8.46179491924312));
#7733=CARTESIAN_POINT('Ctrl Pts',(8.81627412577186,-5.18916657081141,-8.37235047479867));
#7734=CARTESIAN_POINT('Ctrl Pts',(9.54292491130823,-3.6860163664398,-8.28290603035422));
#7735=CARTESIAN_POINT('Ctrl Pts',(9.88002912246339,-2.10006513228779,-8.19346158590978));
#7736=CARTESIAN_POINT('Ctrl Pts',(10.2171333336185,-0.51411389813578,-8.10401714146533));
#7737=CARTESIAN_POINT('Ctrl Pts',(10.1646909703925,1.15463836579661,-8.01457269702089));
#7738=CARTESIAN_POINT('Ctrl Pts',(9.72866917415646,2.71629326135192,-7.92512825257645));
#7739=CARTESIAN_POINT('Ctrl Pts',(9.2926473779204,4.27794815690723,-7.835683808132));
#7740=CARTESIAN_POINT('Ctrl Pts',(8.47304614867433,5.73250568408545,-7.74623936368756));
#7741=CARTESIAN_POINT('Ctrl Pts',(7.36313347039288,6.91444257887126,-7.65679491924311));
#7742=CARTESIAN_POINT('Ctrl Pts',(6.25322079211142,8.09637947365707,-7.56735047479867));
#7743=CARTESIAN_POINT('Ctrl Pts',(4.85299666479458,9.00569573605049,-7.47790603035422));
#7744=CARTESIAN_POINT('Ctrl Pts',(3.32180143969526,9.53891434624512,-7.38846158590978));
#7745=CARTESIAN_POINT('Ctrl Pts',(1.79060621459595,10.0721329564397,-7.29901714146534));
#7746=CARTESIAN_POINT('Ctrl Pts',(0.128439891714145,10.2292539144356,-7.20957269702089));
#7747=CARTESIAN_POINT('Ctrl Pts',(-1.4755488865039,9.99239745365897,-7.12012825257645));
#7748=CARTESIAN_POINT('Ctrl Pts',(-3.07953766472195,9.75554099288233,-7.030683808132));
#7749=CARTESIAN_POINT('Ctrl Pts',(-4.62534889827627,9.12470711333321,-6.94123936368756));
#7750=CARTESIAN_POINT('Ctrl Pts',(-5.93707482160788,8.1716824449457,-6.85179491924312));
#7751=CARTESIAN_POINT('Ctrl Pts',(-7.24880074493949,7.21865777655818,-6.76235047479867));
#7752=CARTESIAN_POINT('Ctrl Pts',(-8.32644135804841,5.94344231933226,-6.67290603035423));
#7753=CARTESIAN_POINT('Ctrl Pts',(-9.04736502975273,4.49115101135116,-6.58346158590978));
#7754=CARTESIAN_POINT('Ctrl Pts',(-9.73694419399163,3.10200280371708,-6.49790603035423));
#7755=CARTESIAN_POINT('Ctrl Pts',(-10.1001509581552,1.55084190843553,-6.41235047479867));
#7756=CARTESIAN_POINT('Ctrl Pts',(-10.1007141433628,-6.39252724317543E-5,
-6.32679491924312));
#7757=CARTESIAN_POINT('Origin',(0.,0.,-199.9599959992));
#7758=CARTESIAN_POINT('',(-10.1,0.,-2.82679491924311));
#7759=CARTESIAN_POINT('',(-10.1007136161491,-6.3926090881003E-5,-3.67320508075688));
#7760=CARTESIAN_POINT('',(-10.1,-1.23689326713883E-15,-199.9599959992));
#7761=CARTESIAN_POINT('',(-10.1,0.,-0.17320508075688));
#7762=CARTESIAN_POINT('',(-10.1,0.,-199.9599959992));
#7763=CARTESIAN_POINT('',(-10.1,-1.23689326713883E-15,0.));
#7764=CARTESIAN_POINT('',(-10.1,-1.23689326713883E-15,-199.9599959992));
#7765=CARTESIAN_POINT('Origin',(0.,0.,0.));
#7766=CARTESIAN_POINT('Ctrl Pts',(-10.1,0.,-0.17320508075688));
#7767=CARTESIAN_POINT('Ctrl Pts',(-10.1,1.62175994095313,-0.262649525201324));
#7768=CARTESIAN_POINT('Ctrl Pts',(-9.30459363223298,4.86386339058705,-0.441538414090213));
#7769=CARTESIAN_POINT('Ctrl Pts',(-5.99176071650685,8.62138542713237,-0.709871747423547));
#7770=CARTESIAN_POINT('Ctrl Pts',(-1.31595348359956,10.4161496076236,-0.978205080756879));
#7771=CARTESIAN_POINT('Ctrl Pts',(3.65969830939424,9.84056028354024,-1.24653841409021));
#7772=CARTESIAN_POINT('Ctrl Pts',(7.80226150200549,7.02518892970146,-1.51487174742355));
#7773=CARTESIAN_POINT('Ctrl Pts',(10.16916802628,2.61100406212926,-1.78320508075688));
#7774=CARTESIAN_POINT('Ctrl Pts',(10.2216043457312,-2.39746061570951,-2.05153841409021));
#7775=CARTESIAN_POINT('Ctrl Pts',(7.94769650336412,-6.86026373638842,-2.31987174742355));
#7776=CARTESIAN_POINT('Ctrl Pts',(3.86494010020649,-9.76172813121802,-2.58820508075688));
#7777=CARTESIAN_POINT('Ctrl Pts',(-1.09744422588426,-10.4414890605467,-2.85653841409021));
#7778=CARTESIAN_POINT('Ctrl Pts',(-5.81006044612091,-8.74484379850685,-3.12487174742355));
#7779=CARTESIAN_POINT('Ctrl Pts',(-9.20034735226166,-5.05793372041495,-3.39320508075688));
#7780=CARTESIAN_POINT('Ctrl Pts',(-10.0833712725531,-1.76244417825056,-3.57598285853466));
#7781=CARTESIAN_POINT('Ctrl Pts',(-10.100739215424,-0.0705596420879132,
-3.66931619186799));
#7782=CARTESIAN_POINT('Ctrl Pts',(-10.1007136161491,-6.3926090881029E-5,
-3.67320508075688));
#7783=CARTESIAN_POINT('Origin',(0.,0.,-1.3));
#7784=CARTESIAN_POINT('',(8.147738807193,-2.17640792127272E-5,-3.45));
#7785=CARTESIAN_POINT('',(8.14773846544762,-2.17418808214747E-5,-3.05));
#7786=CARTESIAN_POINT('',(8.14833395016046,-9.97883109044771E-16,-1.3));
#7787=CARTESIAN_POINT('',(-8.14833395016046,0.,-1.3));
#7788=CARTESIAN_POINT('Ctrl Pts',(-8.14833395016046,0.,-1.3));
#7789=CARTESIAN_POINT('Ctrl Pts',(-8.14833395016046,1.30838035503749,-1.38944444444445));
#7790=CARTESIAN_POINT('Ctrl Pts',(-7.50662734514562,3.92399833608545,-1.56833333333333));
#7791=CARTESIAN_POINT('Ctrl Pts',(-4.83394725421292,6.95543837359616,-1.83666666666667));
#7792=CARTESIAN_POINT('Ctrl Pts',(-1.06166618289567,8.40339262155936,-2.105));
#7793=CARTESIAN_POINT('Ctrl Pts',(2.95251920611702,7.93902687593777,-2.37333333333333));
#7794=CARTESIAN_POINT('Ctrl Pts',(6.2945972559229,5.6676817289285,-2.64166666666667));
#7795=CARTESIAN_POINT('Ctrl Pts',(7.89971706900789,2.67419824451762,-2.86722222222222));
#7796=CARTESIAN_POINT('Ctrl Pts',(8.14766752132371,0.682744958297921,-3.00333333333333));
#7797=CARTESIAN_POINT('Ctrl Pts',(8.14773846544762,-2.17418808218239E-5,
-3.05));
#7798=CARTESIAN_POINT('',(-8.14833395016046,0.,-1.7));
#7799=CARTESIAN_POINT('',(-8.14833395016046,0.,-1.3));
#7800=CARTESIAN_POINT('Ctrl Pts',(-8.14833395016046,0.,-1.7));
#7801=CARTESIAN_POINT('Ctrl Pts',(-8.14833395016046,1.30838035503749,-1.78944444444445));
#7802=CARTESIAN_POINT('Ctrl Pts',(-7.50661146794734,3.92399910382925,-1.96833333333334));
#7803=CARTESIAN_POINT('Ctrl Pts',(-4.83395316961642,6.95543833086393,-2.23666666666667));
#7804=CARTESIAN_POINT('Ctrl Pts',(-1.06166307565027,8.40339351628796,-2.505));
#7805=CARTESIAN_POINT('Ctrl Pts',(2.95251767566406,7.93902694126436,-2.77333333333333));
#7806=CARTESIAN_POINT('Ctrl Pts',(6.29459848526798,5.66768226100335,-3.04166666666667));
#7807=CARTESIAN_POINT('Ctrl Pts',(7.89971722512097,2.67419829891664,-3.26722222222222));
#7808=CARTESIAN_POINT('Ctrl Pts',(8.14766780456676,0.682744952247655,-3.40333333333334));
#7809=CARTESIAN_POINT('Ctrl Pts',(8.147738807193,-2.1764079212172E-5,-3.45));
#7810=CARTESIAN_POINT('Origin',(0.,0.,-1.3));
#7811=CARTESIAN_POINT('',(8.1477739115262,-6.74794343272223E-5,-6.95));
#7812=CARTESIAN_POINT('',(8.14777347884826,-6.74864317530563E-5,-6.55));
#7813=CARTESIAN_POINT('',(8.14833395016046,-9.97883109044771E-16,-1.3));
#7814=CARTESIAN_POINT('',(2.51797366644191,7.74952610024914,-9.75));
#7815=CARTESIAN_POINT('Ctrl Pts',(8.1477739115262,-6.74794343274304E-5,
-6.95));
#7816=CARTESIAN_POINT('Ctrl Pts',(8.14795067615852,-0.569031829310589,-6.98888888888889));
#7817=CARTESIAN_POINT('Ctrl Pts',(7.95379048878948,-2.44649515481697,-7.11722222222223));
#7818=CARTESIAN_POINT('Ctrl Pts',(6.52643094131201,-5.39913187964873,-7.335));
#7819=CARTESIAN_POINT('Ctrl Pts',(3.28234703013628,-7.80840078631911,-7.60333333333333));
#7820=CARTESIAN_POINT('Ctrl Pts',(-0.708767222912041,-8.44052861066289,
-7.87166666666668));
#7821=CARTESIAN_POINT('Ctrl Pts',(-4.53858821103108,-7.1516626953883,-8.13999999999999));
#7822=CARTESIAN_POINT('Ctrl Pts',(-7.3354240513323,-4.23510876950827,-8.40833333333334));
#7823=CARTESIAN_POINT('Ctrl Pts',(-8.46284144350484,-0.354716931265686,
-8.67666666666666));
#7824=CARTESIAN_POINT('Ctrl Pts',(-7.66403022998182,3.60649299316036,-8.945));
#7825=CARTESIAN_POINT('Ctrl Pts',(-5.12124126883311,6.74671130899317,-9.21333333333334));
#7826=CARTESIAN_POINT('Ctrl Pts',(-1.41227440386758,8.35179416088255,-9.48166666666666));
#7827=CARTESIAN_POINT('Ctrl Pts',(1.27363000399094,8.15383786506205,-9.66055555555556));
#7828=CARTESIAN_POINT('Ctrl Pts',(2.51797366644191,7.74952610024914,-9.75));
#7829=CARTESIAN_POINT('',(2.51797366644191,7.74952610024914,-9.35));
#7830=CARTESIAN_POINT('',(2.51797366644191,7.74952610024914,-9.35));
#7831=CARTESIAN_POINT('Ctrl Pts',(8.14777347884826,-6.74864317529167E-5,
-6.55));
#7832=CARTESIAN_POINT('Ctrl Pts',(8.1479502411852,-0.569031808993599,-6.58888888888889));
#7833=CARTESIAN_POINT('Ctrl Pts',(7.95379006037771,-2.44649503973703,-6.71722222222222));
#7834=CARTESIAN_POINT('Ctrl Pts',(6.52643064769455,-5.39913154018039,-6.935));
#7835=CARTESIAN_POINT('Ctrl Pts',(3.28234676984073,-7.80840048740115,-7.20333333333333));
#7836=CARTESIAN_POINT('Ctrl Pts',(-0.708767025304879,-8.44052795647052,
-7.47166666666667));
#7837=CARTESIAN_POINT('Ctrl Pts',(-4.53858826011123,-7.15166272931302,-7.74));
#7838=CARTESIAN_POINT('Ctrl Pts',(-7.3354231654105,-4.23510776475179,-8.00833333333333));
#7839=CARTESIAN_POINT('Ctrl Pts',(-8.46284185431157,-0.354718406999983,
-8.27666666666666));
#7840=CARTESIAN_POINT('Ctrl Pts',(-7.6640284188527,3.60649567184,-8.545));
#7841=CARTESIAN_POINT('Ctrl Pts',(-5.12124313743411,6.74670569631511,-8.81333333333333));
#7842=CARTESIAN_POINT('Ctrl Pts',(-1.41226876737573,8.35180902374956,-9.08166666666667));
#7843=CARTESIAN_POINT('Ctrl Pts',(1.27363000399094,8.15383786506205,-9.26055555555556));
#7844=CARTESIAN_POINT('Ctrl Pts',(2.51797366644191,7.74952610024914,-9.35));
#7845=CARTESIAN_POINT('Origin',(69.6,30.,-10.6));
#7846=CARTESIAN_POINT('',(70.,-60.,-10.2));
#7847=CARTESIAN_POINT('',(69.2,-60.,-11.));
#7848=CARTESIAN_POINT('',(70.,-60.,-10.2));
#7849=CARTESIAN_POINT('',(69.2,60.,-11.));
#7850=CARTESIAN_POINT('',(69.2,30.,-11.));
#7851=CARTESIAN_POINT('',(70.,60.,-10.2));
#7852=CARTESIAN_POINT('',(69.2,60.,-11.));
#7853=CARTESIAN_POINT('',(70.,30.,-10.2));
#7854=CARTESIAN_POINT('Origin',(60.,-60.,-10.6));
#7855=CARTESIAN_POINT('',(60.,-70.,-10.2));
#7856=CARTESIAN_POINT('',(60.,-69.2,-11.));
#7857=CARTESIAN_POINT('',(60.,-70.,-10.2));
#7858=CARTESIAN_POINT('Origin',(60.,-60.,-11.));
#7859=CARTESIAN_POINT('Origin',(60.,-60.,-10.2));
#7860=CARTESIAN_POINT('Origin',(30.,-69.6,-10.6));
#7861=CARTESIAN_POINT('',(-60.,-70.,-10.2));
#7862=CARTESIAN_POINT('',(-60.,-69.2,-11.));
#7863=CARTESIAN_POINT('',(-60.,-70.,-10.2));
#7864=CARTESIAN_POINT('',(30.,-69.2,-11.));
#7865=CARTESIAN_POINT('',(30.,-70.,-10.2));
#7866=CARTESIAN_POINT('Origin',(-60.,-60.,-10.6));
#7867=CARTESIAN_POINT('',(-70.,-60.,-10.2));
#7868=CARTESIAN_POINT('',(-69.2,-60.,-11.));
#7869=CARTESIAN_POINT('',(-70.,-60.,-10.2));
#7870=CARTESIAN_POINT('Origin',(-60.,-60.,-11.));
#7871=CARTESIAN_POINT('Origin',(-60.,-60.,-10.2));
#7872=CARTESIAN_POINT('Origin',(-69.6,-30.,-10.6));
#7873=CARTESIAN_POINT('',(-70.,60.,-10.2));
#7874=CARTESIAN_POINT('',(-69.2,60.,-11.));
#7875=CARTESIAN_POINT('',(-70.,60.,-10.2));
#7876=CARTESIAN_POINT('',(-69.2,-30.,-11.));
#7877=CARTESIAN_POINT('',(-70.,-30.,-10.2));
#7878=CARTESIAN_POINT('Origin',(-60.,60.,-10.6));
#7879=CARTESIAN_POINT('',(-60.,70.,-10.2));
#7880=CARTESIAN_POINT('',(-60.,69.2,-11.));
#7881=CARTESIAN_POINT('',(-60.,70.,-10.2));
#7882=CARTESIAN_POINT('Origin',(-60.,60.,-11.));
#7883=CARTESIAN_POINT('Origin',(-60.,60.,-10.2));
#7884=CARTESIAN_POINT('Origin',(-30.,69.6,-10.6));
#7885=CARTESIAN_POINT('',(60.,70.,-10.2));
#7886=CARTESIAN_POINT('',(60.,69.2,-11.));
#7887=CARTESIAN_POINT('',(60.,70.,-10.2));
#7888=CARTESIAN_POINT('',(-30.,69.2,-11.));
#7889=CARTESIAN_POINT('',(-30.,70.,-10.2));
#7890=CARTESIAN_POINT('Origin',(60.,60.,-10.6));
#7891=CARTESIAN_POINT('Origin',(60.,60.,-11.));
#7892=CARTESIAN_POINT('Origin',(60.,60.,-10.2));
#7893=CARTESIAN_POINT('Origin',(-60.,-60.,-6.));
#7894=CARTESIAN_POINT('',(-60.,-70.,-2.));
#7895=CARTESIAN_POINT('',(-60.,-70.,-6.));
#7896=CARTESIAN_POINT('',(-70.,-60.,-2.));
#7897=CARTESIAN_POINT('Origin',(-60.,-60.,-2.));
#7898=CARTESIAN_POINT('',(-70.,-60.,-6.));
#7899=CARTESIAN_POINT('Origin',(60.,-70.,-6.));
#7900=CARTESIAN_POINT('',(60.,-70.,-2.));
#7901=CARTESIAN_POINT('',(60.,-70.,0.));
#7902=CARTESIAN_POINT('',(30.,-70.,-2.));
#7903=CARTESIAN_POINT('Origin',(60.,-60.,-6.));
#7904=CARTESIAN_POINT('',(70.,-60.,-2.));
#7905=CARTESIAN_POINT('',(70.,-60.,-6.));
#7906=CARTESIAN_POINT('Origin',(60.,-60.,-2.));
#7907=CARTESIAN_POINT('Origin',(70.,60.,-6.));
#7908=CARTESIAN_POINT('',(70.,60.,-2.));
#7909=CARTESIAN_POINT('',(70.,60.,-6.));
#7910=CARTESIAN_POINT('',(70.,30.,-2.));
#7911=CARTESIAN_POINT('Origin',(-8.88178419700125E-15,-8.88178419700125E-15,
-11.));
#7912=CARTESIAN_POINT('Origin',(-44.2993631154343,31.2282953035688,-0.5));
#7913=CARTESIAN_POINT('',(-40.2127060014644,28.3474562534241,-1.));
#7914=CARTESIAN_POINT('',(-38.3100480477287,30.8703776876914,0.));
#7915=CARTESIAN_POINT('Ctrl Pts',(-40.2127060014643,28.3474562534241,-1.));
#7916=CARTESIAN_POINT('Ctrl Pts',(-39.7577194469058,28.9928842025677,-1.));
#7917=CARTESIAN_POINT('Ctrl Pts',(-39.3505731220112,29.5395735171616,-0.803527869911132));
#7918=CARTESIAN_POINT('Ctrl Pts',(-38.7381920973996,30.3335048976614,-0.376690208794542));
#7919=CARTESIAN_POINT('Ctrl Pts',(-38.5236354397755,30.6053163614426,-0.197395344584224));
#7920=CARTESIAN_POINT('Ctrl Pts',(-38.3100480477289,30.8703776876912,-1.69274316785817E-13));
#7921=CARTESIAN_POINT('',(-40.056722428315,35.4709359906881,0.));
#7922=CARTESIAN_POINT('Origin',(-44.2993631154343,31.2282953035688,0.));
#7923=CARTESIAN_POINT('',(-40.7638292095016,34.7638292095016,-1.));
#7924=CARTESIAN_POINT('',(-40.056722428315,35.4709359906881,0.));
#7925=CARTESIAN_POINT('Origin',(-44.2993631154343,31.2282953035688,-1.));
#7926=CARTESIAN_POINT('Origin',(-34.1464466094067,28.8535533905933,-0.5));
#7927=CARTESIAN_POINT('',(-60.1715728752538,55.5857864376269,0.));
#7928=CARTESIAN_POINT('',(-33.7928932188134,29.2071067811866,0.));
#7929=CARTESIAN_POINT('',(-60.8786796564403,54.8786796564403,-1.));
#7930=CARTESIAN_POINT('',(-60.1715728752538,55.5857864376269,0.));
#7931=CARTESIAN_POINT('',(-34.5,28.5,-1.));
#7932=CARTESIAN_POINT('Origin',(-63.,52.7573593128807,-0.5));
#7933=CARTESIAN_POINT('',(-67.,52.7573593128807,0.));
#7934=CARTESIAN_POINT('',(-66.,52.7573593128807,-1.));
#7935=CARTESIAN_POINT('',(-67.,52.7573593128807,0.));
#7936=CARTESIAN_POINT('Origin',(-63.,52.7573593128807,-1.));
#7937=CARTESIAN_POINT('Origin',(-63.,52.7573593128807,0.));
#7938=CARTESIAN_POINT('Origin',(-66.5,-30.,-0.5));
#7939=CARTESIAN_POINT('',(-67.,-52.7573593128807,0.));
#7940=CARTESIAN_POINT('',(-67.,-30.,0.));
#7941=CARTESIAN_POINT('',(-66.,-52.7573593128807,-1.));
#7942=CARTESIAN_POINT('',(-67.,-52.7573593128807,0.));
#7943=CARTESIAN_POINT('',(-66.,-30.,-1.));
#7944=CARTESIAN_POINT('Origin',(-63.,-52.7573593128807,-0.5));
#7945=CARTESIAN_POINT('',(-60.1715728752538,-55.5857864376269,0.));
#7946=CARTESIAN_POINT('',(-60.8786796564404,-54.8786796564403,-1.));
#7947=CARTESIAN_POINT('',(-60.1715728752538,-55.5857864376269,0.));
#7948=CARTESIAN_POINT('Origin',(-63.,-52.7573593128807,-1.));
#7949=CARTESIAN_POINT('Origin',(-63.,-52.7573593128807,0.));
#7950=CARTESIAN_POINT('Origin',(-19.9764783462502,-14.6835851274367,-0.5));
#7951=CARTESIAN_POINT('',(-40.056722428315,-35.4709359906881,0.));
#7952=CARTESIAN_POINT('',(-19.6229249556569,-15.0371385180299,0.));
#7953=CARTESIAN_POINT('',(-40.7638292095016,-34.7638292095015,-1.));
#7954=CARTESIAN_POINT('',(-40.056722428315,-35.4709359906881,0.));
#7955=CARTESIAN_POINT('',(-20.3300317368435,-14.3300317368434,-1.));
#7956=CARTESIAN_POINT('Origin',(-44.2993631154343,-31.2282953035688,-0.5));
#7957=CARTESIAN_POINT('',(-38.3100480477288,-30.8703776876914,0.));
#7958=CARTESIAN_POINT('',(-40.2127060014644,-28.3474562534241,-1.));
#7959=CARTESIAN_POINT('Ctrl Pts',(-38.310048047729,-30.8703776876911,-1.67886538005035E-13));
#7960=CARTESIAN_POINT('Ctrl Pts',(-38.5236354397756,-30.6053163614425,-0.197395344584223));
#7961=CARTESIAN_POINT('Ctrl Pts',(-38.7381920973996,-30.3335048976614,-0.376690208794544));
#7962=CARTESIAN_POINT('Ctrl Pts',(-39.3505731220112,-29.5395735171615,-0.803527869911132));
#7963=CARTESIAN_POINT('Ctrl Pts',(-39.7577194469058,-28.9928842025676,-1.));
#7964=CARTESIAN_POINT('Ctrl Pts',(-40.2127060014644,-28.3474562534241,-1.));
#7965=CARTESIAN_POINT('Origin',(-44.2993631154343,-31.2282953035688,-1.));
#7966=CARTESIAN_POINT('Origin',(-44.2993631154343,-31.2282953035688,0.));
#7967=CARTESIAN_POINT('Origin',(-8.88178419700125E-15,-8.88178419700125E-15,
0.));
#7968=CARTESIAN_POINT('',(60.,-68.,0.));
#7969=CARTESIAN_POINT('',(-60.,-68.,0.));
#7970=CARTESIAN_POINT('',(30.,-68.,0.));
#7971=CARTESIAN_POINT('',(68.,-60.,0.));
#7972=CARTESIAN_POINT('Origin',(60.,-60.,0.));
#7973=CARTESIAN_POINT('',(68.,60.,0.));
#7974=CARTESIAN_POINT('',(68.,30.,0.));
#7975=CARTESIAN_POINT('',(60.,68.,0.));
#7976=CARTESIAN_POINT('Origin',(60.,60.,0.));
#7977=CARTESIAN_POINT('',(-60.,68.,0.));
#7978=CARTESIAN_POINT('',(-30.,68.,0.));
#7979=CARTESIAN_POINT('',(-68.,60.,0.));
#7980=CARTESIAN_POINT('Origin',(-60.,60.,0.));
#7981=CARTESIAN_POINT('',(-68.,-60.,0.));
#7982=CARTESIAN_POINT('',(-68.,-30.,0.));
#7983=CARTESIAN_POINT('Origin',(-60.,-60.,0.));
#7984=CARTESIAN_POINT('',(-30.8703776876914,38.3100480477288,0.));
#7985=CARTESIAN_POINT('Origin',(0.,0.,0.));
#7986=CARTESIAN_POINT('',(-35.4709359906881,40.056722428315,0.));
#7987=CARTESIAN_POINT('Origin',(-31.2282953035688,44.2993631154343,0.));
#7988=CARTESIAN_POINT('',(-55.5857864376269,60.1715728752538,0.));
#7989=CARTESIAN_POINT('',(-15.0371385180299,19.6229249556569,0.));
#7990=CARTESIAN_POINT('',(-52.7573593128807,67.,0.));
#7991=CARTESIAN_POINT('Origin',(-52.7573593128807,63.,0.));
#7992=CARTESIAN_POINT('',(52.7573593128807,67.,0.));
#7993=CARTESIAN_POINT('',(-30.,67.,0.));
#7994=CARTESIAN_POINT('',(55.5857864376269,60.1715728752538,0.));
#7995=CARTESIAN_POINT('Origin',(52.7573593128807,63.,0.));
#7996=CARTESIAN_POINT('',(35.4709359906881,40.056722428315,0.));
#7997=CARTESIAN_POINT('',(29.2071067811866,33.7928932188134,0.));
#7998=CARTESIAN_POINT('',(30.8703776876914,38.3100480477287,0.));
#7999=CARTESIAN_POINT('Origin',(31.2282953035688,44.2993631154343,0.));
#8000=CARTESIAN_POINT('',(38.3100480477288,30.8703776876914,0.));
#8001=CARTESIAN_POINT('Origin',(0.,0.,0.));
#8002=CARTESIAN_POINT('',(40.056722428315,35.4709359906881,0.));
#8003=CARTESIAN_POINT('Origin',(44.2993631154343,31.2282953035688,0.));
#8004=CARTESIAN_POINT('',(60.1715728752538,55.5857864376269,0.));
#8005=CARTESIAN_POINT('',(19.6229249556569,15.0371385180299,0.));
#8006=CARTESIAN_POINT('',(67.,52.7573593128807,0.));
#8007=CARTESIAN_POINT('Origin',(63.,52.7573593128807,0.));
#8008=CARTESIAN_POINT('',(67.,-52.7573593128807,0.));
#8009=CARTESIAN_POINT('',(67.,30.,0.));
#8010=CARTESIAN_POINT('',(60.1715728752538,-55.5857864376269,0.));
#8011=CARTESIAN_POINT('Origin',(63.,-52.7573593128807,0.));
#8012=CARTESIAN_POINT('',(40.056722428315,-35.4709359906881,0.));
#8013=CARTESIAN_POINT('',(33.7928932188134,-29.2071067811866,0.));
#8014=CARTESIAN_POINT('',(38.3100480477287,-30.8703776876914,0.));
#8015=CARTESIAN_POINT('Origin',(44.2993631154343,-31.2282953035688,0.));
#8016=CARTESIAN_POINT('',(30.8703776876914,-38.3100480477288,0.));
#8017=CARTESIAN_POINT('Origin',(0.,0.,0.));
#8018=CARTESIAN_POINT('',(35.4709359906881,-40.056722428315,0.));
#8019=CARTESIAN_POINT('Origin',(31.2282953035688,-44.2993631154343,0.));
#8020=CARTESIAN_POINT('',(55.5857864376269,-60.1715728752538,0.));
#8021=CARTESIAN_POINT('',(15.0371385180299,-19.6229249556569,0.));
#8022=CARTESIAN_POINT('',(52.7573593128807,-67.,0.));
#8023=CARTESIAN_POINT('Origin',(52.7573593128807,-63.,0.));
#8024=CARTESIAN_POINT('',(-52.7573593128807,-67.,0.));
#8025=CARTESIAN_POINT('',(30.,-67.,0.));
#8026=CARTESIAN_POINT('',(-55.5857864376269,-60.1715728752538,0.));
#8027=CARTESIAN_POINT('Origin',(-52.7573593128807,-63.,0.));
#8028=CARTESIAN_POINT('',(-35.4709359906881,-40.056722428315,0.));
#8029=CARTESIAN_POINT('',(-29.2071067811866,-33.7928932188134,0.));
#8030=CARTESIAN_POINT('',(-30.8703776876914,-38.3100480477287,0.));
#8031=CARTESIAN_POINT('Origin',(-31.2282953035688,-44.2993631154343,0.));
#8032=CARTESIAN_POINT('Origin',(0.,0.,0.));
#8033=CARTESIAN_POINT('Origin',(-31.2282953035688,-44.2993631154343,-0.5));
#8034=CARTESIAN_POINT('',(-28.3474562534241,-40.2127060014644,-1.));
#8035=CARTESIAN_POINT('Ctrl Pts',(-28.3474562534241,-40.2127060014644,-1.));
#8036=CARTESIAN_POINT('Ctrl Pts',(-28.9928842025676,-39.7577194469058,-1.));
#8037=CARTESIAN_POINT('Ctrl Pts',(-29.5395735171616,-39.3505731220112,-0.803527869911133));
#8038=CARTESIAN_POINT('Ctrl Pts',(-30.3335048976614,-38.7381920973996,-0.376690208794544));
#8039=CARTESIAN_POINT('Ctrl Pts',(-30.6053163614426,-38.5236354397755,-0.19739534458422));
#8040=CARTESIAN_POINT('Ctrl Pts',(-30.8703776876912,-38.3100480477289,-1.66568148163293E-13));
#8041=CARTESIAN_POINT('',(-34.7638292095016,-40.7638292095016,-1.));
#8042=CARTESIAN_POINT('',(-35.4709359906881,-40.056722428315,0.));
#8043=CARTESIAN_POINT('Origin',(-31.2282953035688,-44.2993631154343,-1.));
#8044=CARTESIAN_POINT('Origin',(-28.8535533905933,-34.1464466094067,-0.5));
#8045=CARTESIAN_POINT('',(-54.8786796564404,-60.8786796564404,-1.));
#8046=CARTESIAN_POINT('',(-55.5857864376269,-60.1715728752538,0.));
#8047=CARTESIAN_POINT('',(-28.5,-34.5,-1.));
#8048=CARTESIAN_POINT('Origin',(-52.7573593128807,-63.,-0.5));
#8049=CARTESIAN_POINT('',(-52.7573593128807,-66.,-1.));
#8050=CARTESIAN_POINT('',(-52.7573593128807,-67.,0.));
#8051=CARTESIAN_POINT('Origin',(-52.7573593128807,-63.,-1.));
#8052=CARTESIAN_POINT('Origin',(30.,-66.5,-0.5));
#8053=CARTESIAN_POINT('',(52.7573593128807,-66.,-1.));
#8054=CARTESIAN_POINT('',(52.7573593128807,-67.,0.));
#8055=CARTESIAN_POINT('',(30.,-66.,-1.));
#8056=CARTESIAN_POINT('Origin',(52.7573593128807,-63.,-0.5));
#8057=CARTESIAN_POINT('',(54.8786796564404,-60.8786796564404,-1.));
#8058=CARTESIAN_POINT('',(55.5857864376269,-60.1715728752538,0.));
#8059=CARTESIAN_POINT('Origin',(52.7573593128807,-63.,-1.));
#8060=CARTESIAN_POINT('Origin',(14.6835851274367,-19.9764783462502,-0.5));
#8061=CARTESIAN_POINT('',(34.7638292095015,-40.7638292095016,-1.));
#8062=CARTESIAN_POINT('',(35.4709359906881,-40.056722428315,0.));
#8063=CARTESIAN_POINT('',(14.3300317368434,-20.3300317368434,-1.));
#8064=CARTESIAN_POINT('Origin',(31.2282953035688,-44.2993631154343,-0.5));
#8065=CARTESIAN_POINT('',(28.3474562534241,-40.2127060014644,-1.));
#8066=CARTESIAN_POINT('Ctrl Pts',(30.8703776876911,-38.310048047729,-1.67886538005035E-13));
#8067=CARTESIAN_POINT('Ctrl Pts',(30.6053163614425,-38.5236354397756,-0.197395344584223));
#8068=CARTESIAN_POINT('Ctrl Pts',(30.3335048976614,-38.7381920973996,-0.376690208794544));
#8069=CARTESIAN_POINT('Ctrl Pts',(29.5395735171615,-39.3505731220112,-0.803527869911132));
#8070=CARTESIAN_POINT('Ctrl Pts',(28.9928842025676,-39.7577194469058,-1.));
#8071=CARTESIAN_POINT('Ctrl Pts',(28.3474562534241,-40.2127060014644,-1.));
#8072=CARTESIAN_POINT('Origin',(31.2282953035688,-44.2993631154343,-1.));
#8073=CARTESIAN_POINT('Origin',(44.2993631154343,-31.2282953035688,-0.5));
#8074=CARTESIAN_POINT('',(40.2127060014644,-28.3474562534241,-1.));
#8075=CARTESIAN_POINT('Ctrl Pts',(40.2127060014644,-28.3474562534241,-1.));
#8076=CARTESIAN_POINT('Ctrl Pts',(39.7577194469058,-28.9928842025677,-1.));
#8077=CARTESIAN_POINT('Ctrl Pts',(39.3505731220112,-29.5395735171616,-0.803527869911123));
#8078=CARTESIAN_POINT('Ctrl Pts',(38.7381920973996,-30.3335048976614,-0.376690208794536));
#8079=CARTESIAN_POINT('Ctrl Pts',(38.5236354397755,-30.6053163614426,-0.197395344584218));
#8080=CARTESIAN_POINT('Ctrl Pts',(38.3100480477289,-30.8703776876912,-1.64417091053082E-13));
#8081=CARTESIAN_POINT('',(40.7638292095016,-34.7638292095016,-1.));
#8082=CARTESIAN_POINT('',(40.056722428315,-35.4709359906881,0.));
#8083=CARTESIAN_POINT('Origin',(44.2993631154343,-31.2282953035688,-1.));
#8084=CARTESIAN_POINT('Origin',(34.1464466094067,-28.8535533905933,-0.5));
#8085=CARTESIAN_POINT('',(60.8786796564403,-54.8786796564403,-1.));
#8086=CARTESIAN_POINT('',(60.1715728752538,-55.5857864376269,0.));
#8087=CARTESIAN_POINT('',(34.5,-28.5,-1.));
#8088=CARTESIAN_POINT('Origin',(63.,-52.7573593128807,-0.5));
#8089=CARTESIAN_POINT('',(66.,-52.7573593128807,-1.));
#8090=CARTESIAN_POINT('',(67.,-52.7573593128807,0.));
#8091=CARTESIAN_POINT('Origin',(63.,-52.7573593128807,-1.));
#8092=CARTESIAN_POINT('Origin',(66.5,30.,-0.5));
#8093=CARTESIAN_POINT('',(66.,52.7573593128807,-1.));
#8094=CARTESIAN_POINT('',(67.,52.7573593128807,0.));
#8095=CARTESIAN_POINT('',(66.,30.,-1.));
#8096=CARTESIAN_POINT('Origin',(63.,52.7573593128807,-0.5));
#8097=CARTESIAN_POINT('',(60.8786796564404,54.8786796564403,-1.));
#8098=CARTESIAN_POINT('',(60.1715728752538,55.5857864376269,0.));
#8099=CARTESIAN_POINT('Origin',(63.,52.7573593128807,-1.));
#8100=CARTESIAN_POINT('Origin',(19.9764783462502,14.6835851274367,-0.5));
#8101=CARTESIAN_POINT('',(40.7638292095016,34.7638292095015,-1.));
#8102=CARTESIAN_POINT('',(40.056722428315,35.4709359906881,0.));
#8103=CARTESIAN_POINT('',(20.3300317368434,14.3300317368434,-1.));
#8104=CARTESIAN_POINT('Origin',(44.2993631154343,31.2282953035688,-0.5));
#8105=CARTESIAN_POINT('',(40.2127060014644,28.3474562534241,-1.));
#8106=CARTESIAN_POINT('Ctrl Pts',(38.310048047729,30.8703776876911,-1.6608242559002E-13));
#8107=CARTESIAN_POINT('Ctrl Pts',(38.5236354397756,30.6053163614426,-0.197395344584218));
#8108=CARTESIAN_POINT('Ctrl Pts',(38.7381920973996,30.3335048976614,-0.376690208794539));
#8109=CARTESIAN_POINT('Ctrl Pts',(39.3505731220112,29.5395735171615,-0.803527869911127));
#8110=CARTESIAN_POINT('Ctrl Pts',(39.7577194469058,28.9928842025676,-0.999999999999998));
#8111=CARTESIAN_POINT('Ctrl Pts',(40.2127060014644,28.3474562534241,-0.999999999999998));
#8112=CARTESIAN_POINT('Origin',(44.2993631154343,31.2282953035688,-1.));
#8113=CARTESIAN_POINT('Origin',(31.2282953035688,44.2993631154343,-0.5));
#8114=CARTESIAN_POINT('',(28.3474562534241,40.2127060014643,-1.));
#8115=CARTESIAN_POINT('Ctrl Pts',(28.3474562534241,40.2127060014644,-0.999999999999994));
#8116=CARTESIAN_POINT('Ctrl Pts',(28.9928842025677,39.7577194469058,-0.999999999999995));
#8117=CARTESIAN_POINT('Ctrl Pts',(29.5395735171616,39.3505731220112,-0.803527869911124));
#8118=CARTESIAN_POINT('Ctrl Pts',(30.3335048976614,38.7381920973996,-0.376690208794535));
#8119=CARTESIAN_POINT('Ctrl Pts',(30.6053163614426,38.5236354397755,-0.197395344584218));
#8120=CARTESIAN_POINT('Ctrl Pts',(30.8703776876912,38.3100480477289,-1.61398672204882E-13));
#8121=CARTESIAN_POINT('',(34.7638292095016,40.7638292095016,-1.));
#8122=CARTESIAN_POINT('',(35.4709359906881,40.056722428315,0.));
#8123=CARTESIAN_POINT('Origin',(31.2282953035688,44.2993631154343,-1.));
#8124=CARTESIAN_POINT('Origin',(28.8535533905933,34.1464466094067,-0.5));
#8125=CARTESIAN_POINT('',(54.8786796564404,60.8786796564403,-1.));
#8126=CARTESIAN_POINT('',(55.5857864376269,60.1715728752538,0.));
#8127=CARTESIAN_POINT('',(28.5,34.5,-1.));
#8128=CARTESIAN_POINT('Origin',(52.7573593128807,63.,-0.5));
#8129=CARTESIAN_POINT('',(52.7573593128807,66.,-1.));
#8130=CARTESIAN_POINT('',(52.7573593128807,67.,0.));
#8131=CARTESIAN_POINT('Origin',(52.7573593128807,63.,-1.));
#8132=CARTESIAN_POINT('Origin',(-30.,66.5,-0.5));
#8133=CARTESIAN_POINT('',(-52.7573593128807,66.,-1.));
#8134=CARTESIAN_POINT('',(-52.7573593128807,67.,0.));
#8135=CARTESIAN_POINT('',(-30.,66.,-1.));
#8136=CARTESIAN_POINT('Origin',(-52.7573593128807,63.,-0.5));
#8137=CARTESIAN_POINT('',(-54.8786796564403,60.8786796564404,-1.));
#8138=CARTESIAN_POINT('',(-55.5857864376269,60.1715728752538,0.));
#8139=CARTESIAN_POINT('Origin',(-52.7573593128807,63.,-1.));
#8140=CARTESIAN_POINT('Origin',(-14.6835851274367,19.9764783462502,-0.5));
#8141=CARTESIAN_POINT('',(-34.7638292095015,40.7638292095016,-1.));
#8142=CARTESIAN_POINT('',(-35.4709359906881,40.056722428315,0.));
#8143=CARTESIAN_POINT('',(-14.3300317368434,20.3300317368434,-1.));
#8144=CARTESIAN_POINT('Origin',(-31.2282953035688,44.2993631154343,-0.5));
#8145=CARTESIAN_POINT('',(-28.3474562534241,40.2127060014644,-1.));
#8146=CARTESIAN_POINT('Ctrl Pts',(-30.8703776876911,38.310048047729,-1.67400815431762E-13));
#8147=CARTESIAN_POINT('Ctrl Pts',(-30.6053163614426,38.5236354397756,-0.197395344584221));
#8148=CARTESIAN_POINT('Ctrl Pts',(-30.3335048976614,38.7381920973996,-0.376690208794535));
#8149=CARTESIAN_POINT('Ctrl Pts',(-29.5395735171616,39.3505731220112,-0.803527869911125));
#8150=CARTESIAN_POINT('Ctrl Pts',(-28.9928842025676,39.7577194469058,-0.999999999999998));
#8151=CARTESIAN_POINT('Ctrl Pts',(-28.3474562534241,40.2127060014644,-0.999999999999998));
#8152=CARTESIAN_POINT('Origin',(-31.2282953035688,44.2993631154343,-1.));
#8153=CARTESIAN_POINT('Origin',(30.,-69.,-1.));
#8154=CARTESIAN_POINT('',(60.,-70.,-2.));
#8155=CARTESIAN_POINT('',(-60.,-68.,0.));
#8156=CARTESIAN_POINT('Origin',(60.,-60.,-1.));
#8157=CARTESIAN_POINT('',(70.,-60.,-2.));
#8158=CARTESIAN_POINT('Origin',(69.,30.,-1.));
#8159=CARTESIAN_POINT('',(70.,60.,-2.));
#8160=CARTESIAN_POINT('Origin',(60.,60.,-1.));
#8161=CARTESIAN_POINT('',(60.,70.,-2.));
#8162=CARTESIAN_POINT('',(60.,70.,-2.));
#8163=CARTESIAN_POINT('Origin',(60.,60.,-2.));
#8164=CARTESIAN_POINT('Origin',(-30.,69.,-1.));
#8165=CARTESIAN_POINT('',(-60.,70.,-2.));
#8166=CARTESIAN_POINT('',(-60.,70.,-2.));
#8167=CARTESIAN_POINT('',(-30.,70.,-2.));
#8168=CARTESIAN_POINT('Origin',(-60.,60.,-1.));
#8169=CARTESIAN_POINT('',(-70.,60.,-2.));
#8170=CARTESIAN_POINT('',(-70.,60.,-2.));
#8171=CARTESIAN_POINT('Origin',(-60.,60.,-2.));
#8172=CARTESIAN_POINT('Origin',(-69.,-30.,-1.));
#8173=CARTESIAN_POINT('',(-70.,-60.,-2.));
#8174=CARTESIAN_POINT('',(-70.,-30.,-2.));
#8175=CARTESIAN_POINT('Origin',(-60.,-60.,-1.));
#8176=CARTESIAN_POINT('Origin',(60.,60.,-6.));
#8177=CARTESIAN_POINT('',(60.,70.,-6.));
#8178=CARTESIAN_POINT('Origin',(-52.7573593128807,-63.,0.));
#8179=CARTESIAN_POINT('',(-52.7573593128807,-66.,-7.));
#8180=CARTESIAN_POINT('',(-52.7573593128807,-66.,0.));
#8181=CARTESIAN_POINT('',(-54.8786796564404,-60.8786796564404,-7.));
#8182=CARTESIAN_POINT('Origin',(-52.7573593128807,-63.,-7.));
#8183=CARTESIAN_POINT('',(-54.8786796564404,-60.8786796564404,0.));
#8184=CARTESIAN_POINT('Origin',(0.,-51.8300317368434,-7.));
#8185=CARTESIAN_POINT('',(52.7573593128807,-66.,-7.));
#8186=CARTESIAN_POINT('',(-60.,-66.,-7.));
#8187=CARTESIAN_POINT('',(54.8786796564404,-60.8786796564404,-7.));
#8188=CARTESIAN_POINT('Origin',(52.7573593128807,-63.,-7.));
#8189=CARTESIAN_POINT('',(34.7638292095016,-40.7638292095016,-7.));
#8190=CARTESIAN_POINT('',(60.,-66.,-7.));
#8191=CARTESIAN_POINT('',(28.3474562534241,-40.2127060014644,-7.));
#8192=CARTESIAN_POINT('Origin',(31.2282953035688,-44.2993631154343,-7.));
#8193=CARTESIAN_POINT('',(-28.3474562534241,-40.2127060014644,-7.));
#8194=CARTESIAN_POINT('Origin',(0.,0.,-7.));
#8195=CARTESIAN_POINT('',(-34.7638292095016,-40.7638292095016,-7.));
#8196=CARTESIAN_POINT('Origin',(-31.2282953035688,-44.2993631154343,-7.));
#8197=CARTESIAN_POINT('',(-27.7558921921922,-33.7558921921922,-7.));
#8198=CARTESIAN_POINT('Origin',(60.,-66.,0.));
#8199=CARTESIAN_POINT('',(52.7573593128807,-66.,0.));
#8200=CARTESIAN_POINT('Origin',(-63.,-52.7573593128807,0.));
#8201=CARTESIAN_POINT('',(-60.8786796564404,-54.8786796564403,-7.));
#8202=CARTESIAN_POINT('',(-60.8786796564404,-54.8786796564403,0.));
#8203=CARTESIAN_POINT('',(-66.,-52.7573593128807,-7.));
#8204=CARTESIAN_POINT('Origin',(-63.,-52.7573593128807,-7.));
#8205=CARTESIAN_POINT('',(-66.,-52.7573593128807,0.));
#8206=CARTESIAN_POINT('Origin',(-66.,-60.,0.));
#8207=CARTESIAN_POINT('',(-66.,52.7573593128807,-7.));
#8208=CARTESIAN_POINT('',(-66.,60.,-7.));
#8209=CARTESIAN_POINT('',(-66.,52.7573593128807,0.));
#8210=CARTESIAN_POINT('Origin',(-63.,52.7573593128807,0.));
#8211=CARTESIAN_POINT('',(-60.8786796564403,54.8786796564403,-7.));
#8212=CARTESIAN_POINT('Origin',(-63.,52.7573593128807,-7.));
#8213=CARTESIAN_POINT('',(-60.8786796564403,54.8786796564403,0.));
#8214=CARTESIAN_POINT('Origin',(-66.,60.,0.));
#8215=CARTESIAN_POINT('',(-40.7638292095016,34.7638292095016,-7.));
#8216=CARTESIAN_POINT('',(-33.7558921921922,27.7558921921922,-7.));
#8217=CARTESIAN_POINT('',(-40.7638292095016,34.7638292095016,0.));
#8218=CARTESIAN_POINT('Origin',(-52.7573593128807,63.,0.));
#8219=CARTESIAN_POINT('',(-54.8786796564403,60.8786796564404,-7.));
#8220=CARTESIAN_POINT('',(-54.8786796564403,60.8786796564404,0.));
#8221=CARTESIAN_POINT('',(-52.7573593128807,66.,-7.));
#8222=CARTESIAN_POINT('Origin',(-52.7573593128807,63.,-7.));
#8223=CARTESIAN_POINT('',(-52.7573593128807,66.,0.));
#8224=CARTESIAN_POINT('Origin',(-31.6600634736868,37.6600634736869,0.));
#8225=CARTESIAN_POINT('',(-34.7638292095015,40.7638292095016,-7.));
#8226=CARTESIAN_POINT('',(-34.7638292095015,40.7638292095016,0.));
#8227=CARTESIAN_POINT('',(-60.,66.,-7.));
#8228=CARTESIAN_POINT('Origin',(52.7573593128807,63.,0.));
#8229=CARTESIAN_POINT('',(52.7573593128807,66.,-7.));
#8230=CARTESIAN_POINT('',(52.7573593128807,66.,0.));
#8231=CARTESIAN_POINT('',(54.8786796564404,60.8786796564403,-7.));
#8232=CARTESIAN_POINT('Origin',(52.7573593128807,63.,-7.));
#8233=CARTESIAN_POINT('',(54.8786796564404,60.8786796564403,0.));
#8234=CARTESIAN_POINT('Origin',(-60.,66.,0.));
#8235=CARTESIAN_POINT('',(60.,66.,-7.));
#8236=CARTESIAN_POINT('Origin',(63.,52.7573593128807,0.));
#8237=CARTESIAN_POINT('',(60.8786796564404,54.8786796564403,-7.));
#8238=CARTESIAN_POINT('',(60.8786796564404,54.8786796564403,0.));
#8239=CARTESIAN_POINT('',(66.,52.7573593128807,-7.));
#8240=CARTESIAN_POINT('Origin',(63.,52.7573593128807,-7.));
#8241=CARTESIAN_POINT('',(66.,52.7573593128807,0.));
#8242=CARTESIAN_POINT('Origin',(66.,60.,0.));
#8243=CARTESIAN_POINT('',(66.,-52.7573593128807,-7.));
#8244=CARTESIAN_POINT('',(66.,-60.,-7.));
#8245=CARTESIAN_POINT('',(66.,-52.7573593128807,0.));
#8246=CARTESIAN_POINT('Origin',(52.7573593128807,-63.,0.));
#8247=CARTESIAN_POINT('',(54.8786796564404,-60.8786796564404,0.));
#8248=CARTESIAN_POINT('Origin',(63.,-52.7573593128807,0.));
#8249=CARTESIAN_POINT('',(60.8786796564403,-54.8786796564403,-7.));
#8250=CARTESIAN_POINT('Origin',(63.,-52.7573593128807,-7.));
#8251=CARTESIAN_POINT('',(60.8786796564403,-54.8786796564403,0.));
#8252=CARTESIAN_POINT('Origin',(66.,-60.,0.));
#8253=CARTESIAN_POINT('',(40.7638292095016,-34.7638292095016,-7.));
#8254=CARTESIAN_POINT('',(33.7558921921922,-27.7558921921922,-7.));
#8255=CARTESIAN_POINT('',(40.7638292095016,-34.7638292095016,0.));
#8256=CARTESIAN_POINT('Origin',(31.2282953035688,44.2993631154343,0.));
#8257=CARTESIAN_POINT('',(34.7638292095016,40.7638292095016,-7.));
#8258=CARTESIAN_POINT('',(34.7638292095016,40.7638292095016,0.));
#8259=CARTESIAN_POINT('',(28.3474562534241,40.2127060014643,-7.));
#8260=CARTESIAN_POINT('Origin',(31.2282953035688,44.2993631154343,-7.));
#8261=CARTESIAN_POINT('',(28.3474562534241,40.2127060014643,0.));
#8262=CARTESIAN_POINT('Origin',(60.,66.,0.));
#8263=CARTESIAN_POINT('',(27.7558921921922,33.7558921921922,-7.));
#8264=CARTESIAN_POINT('Origin',(44.2993631154343,31.2282953035688,0.));
#8265=CARTESIAN_POINT('',(40.2127060014644,28.3474562534241,-7.));
#8266=CARTESIAN_POINT('',(40.2127060014644,28.3474562534241,0.));
#8267=CARTESIAN_POINT('',(40.7638292095016,34.7638292095015,-7.));
#8268=CARTESIAN_POINT('Origin',(44.2993631154343,31.2282953035688,-7.));
#8269=CARTESIAN_POINT('',(40.7638292095016,34.7638292095015,0.));
#8270=CARTESIAN_POINT('Origin',(51.8300317368434,0.,-7.));
#8271=CARTESIAN_POINT('',(66.,60.,-7.));
#8272=CARTESIAN_POINT('',(40.2127060014644,-28.3474562534241,-7.));
#8273=CARTESIAN_POINT('Origin',(0.,0.,-7.));
#8274=CARTESIAN_POINT('Origin',(44.2993631154343,-31.2282953035688,-7.));
#8275=CARTESIAN_POINT('Origin',(0.,0.,0.));
#8276=CARTESIAN_POINT('',(49.2,6.02526225180498E-15,16.));
#8277=CARTESIAN_POINT('',(-49.2,-6.02526225180498E-15,16.));
#8278=CARTESIAN_POINT('Origin',(0.,0.,16.));
#8279=CARTESIAN_POINT('Origin',(0.,0.,16.));
#8280=CARTESIAN_POINT('',(-49.2,-6.02526225180498E-15,-7.));
#8281=CARTESIAN_POINT('',(-49.2,-6.02526225180498E-15,0.));
#8282=CARTESIAN_POINT('',(-40.2127060014644,-28.3474562534241,-7.));
#8283=CARTESIAN_POINT('Origin',(0.,0.,-7.));
#8284=CARTESIAN_POINT('',(-40.2127060014644,-28.3474562534241,0.));
#8285=CARTESIAN_POINT('',(-28.3474562534241,-40.2127060014644,0.));
#8286=CARTESIAN_POINT('',(28.3474562534241,-40.2127060014644,0.));
#8287=CARTESIAN_POINT('',(40.2127060014644,-28.3474562534241,0.));
#8288=CARTESIAN_POINT('',(-28.3474562534241,40.2127060014644,-7.));
#8289=CARTESIAN_POINT('Origin',(0.,0.,-7.));
#8290=CARTESIAN_POINT('',(-28.3474562534241,40.2127060014644,0.));
#8291=CARTESIAN_POINT('',(-40.2127060014644,28.3474562534241,-7.));
#8292=CARTESIAN_POINT('',(-40.2127060014644,28.3474562534241,0.));
#8293=CARTESIAN_POINT('Origin',(0.,0.,-7.));
#8294=CARTESIAN_POINT('Origin',(44.2993631154343,-31.2282953035688,0.));
#8295=CARTESIAN_POINT('Origin',(31.2282953035688,-44.2993631154343,0.));
#8296=CARTESIAN_POINT('',(34.7638292095015,-40.7638292095016,0.));
#8297=CARTESIAN_POINT('Origin',(-31.2282953035688,-44.2993631154343,0.));
#8298=CARTESIAN_POINT('',(-34.7638292095016,-40.7638292095016,0.));
#8299=CARTESIAN_POINT('Origin',(-60.,-66.,0.));
#8300=CARTESIAN_POINT('Origin',(-44.2993631154343,-31.2282953035688,0.));
#8301=CARTESIAN_POINT('',(-40.7638292095016,-34.7638292095016,-7.));
#8302=CARTESIAN_POINT('Origin',(-44.2993631154343,-31.2282953035688,-7.));
#8303=CARTESIAN_POINT('',(-40.7638292095016,-34.7638292095015,0.));
#8304=CARTESIAN_POINT('Origin',(-51.8300317368434,4.44089209850063E-15,
-7.));
#8305=CARTESIAN_POINT('',(-66.,-60.,-7.));
#8306=CARTESIAN_POINT('Origin',(-44.2993631154343,31.2282953035688,-7.));
#8307=CARTESIAN_POINT('Origin',(-31.2282953035688,44.2993631154343,0.));
#8308=CARTESIAN_POINT('Origin',(-31.2282953035688,44.2993631154343,-7.));
#8309=CARTESIAN_POINT('Origin',(-44.2993631154343,31.2282953035688,0.));
#8310=CARTESIAN_POINT('Origin',(37.6600634736869,31.6600634736868,0.));
#8311=CARTESIAN_POINT('Origin',(4.44089209850063E-15,51.8300317368434,-7.));
#8312=CARTESIAN_POINT('Origin',(31.6600634736868,-37.6600634736868,0.));
#8313=CARTESIAN_POINT('Origin',(-37.6600634736869,-31.6600634736868,0.));
#8314=CARTESIAN_POINT('Origin',(0.,0.,16.5));
#8315=CARTESIAN_POINT('',(48.2,-5.90279757189024E-15,17.));
#8316=CARTESIAN_POINT('Origin',(0.,0.,17.));
#8317=CARTESIAN_POINT('',(48.7,5.96402991184761E-15,16.5));
#8318=CARTESIAN_POINT('Origin',(0.,0.,17.));
#8319=CARTESIAN_POINT('',(45.2,5.53540353214604E-15,17.));
#8320=CARTESIAN_POINT('Origin',(0.,0.,17.));
#8321=CARTESIAN_POINT('Ctrl Pts',(-8.14833395016046,0.,-1.7));
#8322=CARTESIAN_POINT('Ctrl Pts',(-8.14833395016046,1.30838035503749,-1.78944444444445));
#8323=CARTESIAN_POINT('Ctrl Pts',(-7.50661146794734,3.92399910382925,-1.96833333333334));
#8324=CARTESIAN_POINT('Ctrl Pts',(-4.83395316961642,6.95543833086393,-2.23666666666667));
#8325=CARTESIAN_POINT('Ctrl Pts',(-1.06166307565027,8.40339351628796,-2.505));
#8326=CARTESIAN_POINT('Ctrl Pts',(2.95251767566406,7.93902694126436,-2.77333333333333));
#8327=CARTESIAN_POINT('Ctrl Pts',(6.29459848526798,5.66768226100335,-3.04166666666667));
#8328=CARTESIAN_POINT('Ctrl Pts',(8.2041362964724,2.10646858196917,-3.31));
#8329=CARTESIAN_POINT('Ctrl Pts',(8.24644085308238,-1.93418909631588,-3.57833333333334));
#8330=CARTESIAN_POINT('Ctrl Pts',(6.41192943592475,-5.53462607361645,-3.84666666666667));
#8331=CARTESIAN_POINT('Ctrl Pts',(3.11810148299693,-7.87542818056812,-4.11500000000001));
#8332=CARTESIAN_POINT('Ctrl Pts',(-0.885380482563192,-8.42383608065704,
-4.38333333333333));
#8333=CARTESIAN_POINT('Ctrl Pts',(-4.68735792847951,-7.05504071858496,-4.65166666666667));
#8334=CARTESIAN_POINT('Ctrl Pts',(-7.42252541628832,-4.0805678470211,-4.92));
#8335=CARTESIAN_POINT('Ctrl Pts',(-8.46837966255518,-0.177387305234644,
-5.18833333333333));
#8336=CARTESIAN_POINT('Ctrl Pts',(-7.58689112828447,3.76616548787645,-5.45666666666667));
#8337=CARTESIAN_POINT('Ctrl Pts',(-4.97868055584869,6.8525659048715,-5.725));
#8338=CARTESIAN_POINT('Ctrl Pts',(-1.23735793557841,8.37937138535908,-5.99333333333334));
#8339=CARTESIAN_POINT('Ctrl Pts',(2.78557858310016,7.99909196863057,-6.26166666666666));
#8340=CARTESIAN_POINT('Ctrl Pts',(6.17453713590696,5.79827635309791,-6.53));
#8341=CARTESIAN_POINT('Ctrl Pts',(8.15821570675618,2.27781482403821,-6.79833333333333));
#8342=CARTESIAN_POINT('Ctrl Pts',(8.28514181231104,-1.76106162940959,-7.06666666666667));
#8343=CARTESIAN_POINT('Ctrl Pts',(6.52643094131201,-5.39913187964873,-7.335));
#8344=CARTESIAN_POINT('Ctrl Pts',(3.28234703013628,-7.80840078631911,-7.60333333333333));
#8345=CARTESIAN_POINT('Ctrl Pts',(-0.708767222912041,-8.44052861066289,
-7.87166666666668));
#8346=CARTESIAN_POINT('Ctrl Pts',(-4.53858821103108,-7.1516626953883,-8.13999999999999));
#8347=CARTESIAN_POINT('Ctrl Pts',(-7.3354240513323,-4.23510876950827,-8.40833333333334));
#8348=CARTESIAN_POINT('Ctrl Pts',(-8.46284144350484,-0.354716931265686,
-8.67666666666666));
#8349=CARTESIAN_POINT('Ctrl Pts',(-7.66403022998182,3.60649299316036,-8.945));
#8350=CARTESIAN_POINT('Ctrl Pts',(-5.12124126883311,6.74671130899317,-9.21333333333334));
#8351=CARTESIAN_POINT('Ctrl Pts',(-1.41227440386758,8.35179416088255,-9.48166666666666));
#8352=CARTESIAN_POINT('Ctrl Pts',(1.27363000399094,8.15383786506205,-9.66055555555556));
#8353=CARTESIAN_POINT('Ctrl Pts',(2.51797366644191,7.74952610024914,-9.75));
#8354=CARTESIAN_POINT('Ctrl Pts',(-8.79888930010697,0.,-2.07559830641437));
#8355=CARTESIAN_POINT('Ctrl Pts',(-8.79888930010697,1.41284021700937,-2.16504275085882));
#8356=CARTESIAN_POINT('Ctrl Pts',(-8.10593229602249,4.23728751662574,-2.3439316397477));
#8357=CARTESIAN_POINT('Ctrl Pts',(-5.21989146266133,7.51075401196428,-2.61226497308104));
#8358=CARTESIAN_POINT('Ctrl Pts',(-1.14642526113868,9.074312583077,-2.88059830641437));
#8359=CARTESIAN_POINT('Ctrl Pts',(3.1882439212332,8.57287141568078,-3.14893163974771));
#8360=CARTESIAN_POINT('Ctrl Pts',(6.79715333211194,6.12018470374138,-3.41726497308104));
#8361=CARTESIAN_POINT('Ctrl Pts',(8.85914685347778,2.27464706040122,-3.68559830641438));
#8362=CARTESIAN_POINT('Ctrl Pts',(8.90482896626037,-2.08861294198947,-3.9539316397477));
#8363=CARTESIAN_POINT('Ctrl Pts',(6.92385187596395,-5.9765054349887,-4.22226497308104));
#8364=CARTESIAN_POINT('Ctrl Pts',(3.36704778463935,-8.50419498950421,-4.49059830641437));
#8365=CARTESIAN_POINT('Ctrl Pts',(-0.956068430945376,-9.09638726263653,
-4.75893163974771));
#8366=CARTESIAN_POINT('Ctrl Pts',(-5.06159219478943,-7.61830856102232,-5.02726497308104));
#8367=CARTESIAN_POINT('Ctrl Pts',(-8.01513289276334,-4.40635656161435,-5.29559830641438));
#8368=CARTESIAN_POINT('Ctrl Pts',(-9.14448716238893,-0.191549741523935,
-5.5639316397477));
#8369=CARTESIAN_POINT('Ctrl Pts',(-8.1926214092421,4.06685261261975,-5.83226497308104));
#8370=CARTESIAN_POINT('Ctrl Pts',(-5.37617374784265,7.39966834784236,-6.10059830641437));
#8371=CARTESIAN_POINT('Ctrl Pts',(-1.33614743410816,9.04837254771653,-6.36893163974771));
#8372=CARTESIAN_POINT('Ctrl Pts',(3.00797656789269,8.63773197856835,-6.63726497308103));
#8373=CARTESIAN_POINT('Ctrl Pts',(6.66750639708073,6.26120530581982,-6.90559830641437));
#8374=CARTESIAN_POINT('Ctrl Pts',(8.80956000689295,2.45967342593515,-7.1739316397477));
#8375=CARTESIAN_POINT('Ctrl Pts',(8.94661977382221,-1.9016631402958,-7.44226497308104));
#8376=CARTESIAN_POINT('Ctrl Pts',(7.04749507428651,-5.83019351149349,-7.71059830641437));
#8377=CARTESIAN_POINT('Ctrl Pts',(3.54440654241169,-8.43181619088368,-7.9789316397477));
#8378=CARTESIAN_POINT('Ctrl Pts',(-0.765354534079258,-9.11441250860196,
-8.24726497308104));
#8379=CARTESIAN_POINT('Ctrl Pts',(-4.90094484245416,-7.72264474594676,-8.51559830641437));
#8380=CARTESIAN_POINT('Ctrl Pts',(-7.92107743641804,-4.5732358865927,-8.78393163974771));
#8381=CARTESIAN_POINT('Ctrl Pts',(-9.13850677711734,-0.38303719879068,-9.05226497308103));
#8382=CARTESIAN_POINT('Ctrl Pts',(-8.2759192245619,3.89443201549252,-9.32059830641438));
#8383=CARTESIAN_POINT('Ctrl Pts',(-5.53011637461356,7.28536242018427,-9.5889316397477));
#8384=CARTESIAN_POINT('Ctrl Pts',(-1.52502906937935,9.01859358346969,-9.85726497308104));
#8385=CARTESIAN_POINT('Ctrl Pts',(1.3753154304863,8.80483264241873,-10.0361538619699));
#8386=CARTESIAN_POINT('Ctrl Pts',(2.71900632535692,8.36824100502645,-10.1255983064144));
#8387=CARTESIAN_POINT('Ctrl Pts',(-9.44944465005349,0.,-2.45119661282874));
#8388=CARTESIAN_POINT('Ctrl Pts',(-9.44944465005349,1.51730007898125,-2.54064105727319));
#8389=CARTESIAN_POINT('Ctrl Pts',(-8.70525312409763,4.55057592942222,-2.71952994616207));
#8390=CARTESIAN_POINT('Ctrl Pts',(-5.60582975570625,8.06606969306466,-2.98786327949541));
#8391=CARTESIAN_POINT('Ctrl Pts',(-1.23118744662708,9.74523164986602,-3.25619661282874));
#8392=CARTESIAN_POINT('Ctrl Pts',(3.42397016680234,9.20671589009721,-3.52452994616208));
#8393=CARTESIAN_POINT('Ctrl Pts',(7.29970817895589,6.57268714647939,-3.79286327949541));
#8394=CARTESIAN_POINT('Ctrl Pts',(9.51415741048317,2.44282553883328,-4.06119661282874));
#8395=CARTESIAN_POINT('Ctrl Pts',(9.56321707943834,-2.24303678766307,-4.32952994616207));
#8396=CARTESIAN_POINT('Ctrl Pts',(7.43577431600315,-6.41838479636094,-4.59786327949541));
#8397=CARTESIAN_POINT('Ctrl Pts',(3.61599408628177,-9.13296179844032,-4.86619661282874));
#8398=CARTESIAN_POINT('Ctrl Pts',(-1.02675637932755,-9.768938444616,-5.13452994616208));
#8399=CARTESIAN_POINT('Ctrl Pts',(-5.43582646109936,-8.18157640345967,-5.40286327949541));
#8400=CARTESIAN_POINT('Ctrl Pts',(-8.60774036923837,-4.7321452762076,-5.67119661282874));
#8401=CARTESIAN_POINT('Ctrl Pts',(-9.82059466222269,-0.205712177813222,
-5.93952994616208));
#8402=CARTESIAN_POINT('Ctrl Pts',(-8.79835169019972,4.36753973736305,-6.20786327949541));
#8403=CARTESIAN_POINT('Ctrl Pts',(-5.77366693983661,7.94677079081323,-6.47619661282874));
#8404=CARTESIAN_POINT('Ctrl Pts',(-1.43493693263791,9.71737371007399,-6.74452994616208));
#8405=CARTESIAN_POINT('Ctrl Pts',(3.23037455268522,9.27637198850613,-7.01286327949541));
#8406=CARTESIAN_POINT('Ctrl Pts',(7.16047565825449,6.72413425854174,-7.28119661282875));
#8407=CARTESIAN_POINT('Ctrl Pts',(9.46090430702971,2.64153202783209,-7.54952994616207));
#8408=CARTESIAN_POINT('Ctrl Pts',(9.6080977353334,-2.042264651182,-7.81786327949541));
#8409=CARTESIAN_POINT('Ctrl Pts',(7.568559207261,-6.26125514333825,-8.08619661282874));
#8410=CARTESIAN_POINT('Ctrl Pts',(3.8064660546871,-9.05523159544824,-8.35452994616207));
#8411=CARTESIAN_POINT('Ctrl Pts',(-0.821941845246479,-9.78829640654103,
-8.62286327949541));
#8412=CARTESIAN_POINT('Ctrl Pts',(-5.26330147387724,-8.29362679650522,-8.89119661282874));
#8413=CARTESIAN_POINT('Ctrl Pts',(-8.50673082150378,-4.91136300367714,-9.15952994616208));
#8414=CARTESIAN_POINT('Ctrl Pts',(-9.81417211072984,-0.411357466315669,
-9.4278632794954));
#8415=CARTESIAN_POINT('Ctrl Pts',(-8.88780821914198,4.18237103782467,-9.69619661282875));
#8416=CARTESIAN_POINT('Ctrl Pts',(-5.93899148039401,7.82401353137538,-9.96452994616207));
#8417=CARTESIAN_POINT('Ctrl Pts',(-1.63778373489112,9.68539300605684,-10.2328632794954));
#8418=CARTESIAN_POINT('Ctrl Pts',(1.47700085698166,9.4558274197754,-10.4117521683843));
#8419=CARTESIAN_POINT('Ctrl Pts',(2.92003898427193,8.98695590980375,-10.5011966128287));
#8420=CARTESIAN_POINT('Ctrl Pts',(-10.1,0.,-2.82679491924311));
#8421=CARTESIAN_POINT('Ctrl Pts',(-10.1,1.62175994095313,-2.91623936368756));
#8422=CARTESIAN_POINT('Ctrl Pts',(-9.30457395217278,4.8638643422187,-3.09512825257644));
#8423=CARTESIAN_POINT('Ctrl Pts',(-5.99176804875117,8.62138537416502,-3.36346158590979));
#8424=CARTESIAN_POINT('Ctrl Pts',(-1.31594963211548,10.416150716655,-3.63179491924311));
#8425=CARTESIAN_POINT('Ctrl Pts',(3.65969641237147,9.84056036451365,-3.90012825257645));
#8426=CARTESIAN_POINT('Ctrl Pts',(7.80226302579986,7.02518958921739,-4.16846158590978));
#8427=CARTESIAN_POINT('Ctrl Pts',(10.1691679674885,2.61100401726535,-4.43679491924312));
#8428=CARTESIAN_POINT('Ctrl Pts',(10.2216051926163,-2.39746063333667,-4.70512825257645));
#8429=CARTESIAN_POINT('Ctrl Pts',(7.94769675604234,-6.86026415773318,-4.97346158590978));
#8430=CARTESIAN_POINT('Ctrl Pts',(3.86494038792419,-9.76172860737643,-5.24179491924311));
#8431=CARTESIAN_POINT('Ctrl Pts',(-1.09744432770973,-10.4414896265955,-5.51012825257644));
#8432=CARTESIAN_POINT('Ctrl Pts',(-5.81006072740929,-8.74484424589703,-5.77846158590978));
#8433=CARTESIAN_POINT('Ctrl Pts',(-9.20034784571339,-5.05793399080085,-6.04679491924311));
#8434=CARTESIAN_POINT('Ctrl Pts',(-10.4967021620564,-0.219874614102509,
-6.31512825257645));
#8435=CARTESIAN_POINT('Ctrl Pts',(-9.40408197115733,4.66822686210635,-6.58346158590978));
#8436=CARTESIAN_POINT('Ctrl Pts',(-6.17116013183057,8.49387323378409,-6.85179491924312));
#8437=CARTESIAN_POINT('Ctrl Pts',(-1.53372643116766,10.3863748724314,-7.12012825257645));
#8438=CARTESIAN_POINT('Ctrl Pts',(3.45277253747775,9.9150119984439,-7.38846158590978));
#8439=CARTESIAN_POINT('Ctrl Pts',(7.65344491942826,7.18706321126366,-7.65679491924311));
#8440=CARTESIAN_POINT('Ctrl Pts',(10.1122486071665,2.82339062972902,-7.92512825257645));
#8441=CARTESIAN_POINT('Ctrl Pts',(10.2695756968446,-2.18286616206821,-8.19346158590978));
#8442=CARTESIAN_POINT('Ctrl Pts',(8.0896233402355,-6.69231677518302,-8.46179491924312));
#8443=CARTESIAN_POINT('Ctrl Pts',(4.06852556696251,-9.6786470000128,-8.73012825257644));
#8444=CARTESIAN_POINT('Ctrl Pts',(-0.878529156413701,-10.4621803044801,
-8.99846158590979));
#8445=CARTESIAN_POINT('Ctrl Pts',(-5.62565810530032,-8.86460884706369,-9.26679491924311));
#8446=CARTESIAN_POINT('Ctrl Pts',(-9.09238420658953,-5.24949012076158,-9.53512825257645));
#8447=CARTESIAN_POINT('Ctrl Pts',(-10.4898374443423,-0.439677733840661,
-9.80346158590977));
#8448=CARTESIAN_POINT('Ctrl Pts',(-9.49969721372208,4.47031006015682,-10.0717949192431));
#8449=CARTESIAN_POINT('Ctrl Pts',(-6.34786658617445,8.36266464256648,-10.3401282525765));
#8450=CARTESIAN_POINT('Ctrl Pts',(-1.7505384004029,10.352192428644,-10.6084615859098));
#8451=CARTESIAN_POINT('Ctrl Pts',(1.57868628347703,10.1068221971321,-10.7873504747987));
#8452=CARTESIAN_POINT('Ctrl Pts',(3.12107164318695,9.60567081458106,-10.8767949192431));
#8453=CARTESIAN_POINT('',(-7.80192378864668,0.,-1.5));
#8454=CARTESIAN_POINT('Ctrl Pts',(-10.1007141433628,-6.39252724317543E-5,
-6.32679491924312));
#8455=CARTESIAN_POINT('Ctrl Pts',(-10.1007397426904,-0.0705596449864442,
-6.32290603035423));
#8456=CARTESIAN_POINT('Ctrl Pts',(-10.1000160784251,-0.141054837713734,
-6.31901714146534));
#8457=CARTESIAN_POINT('Ctrl Pts',(-10.0985397441828,-0.21153426418409,-6.31512825257645));
#8458=CARTESIAN_POINT('Ctrl Pts',(-10.0645840566088,-1.83256107300196,-6.225683808132));
#8459=CARTESIAN_POINT('Ctrl Pts',(-9.63246595116107,-3.4452475319014,-6.13623936368756));
#8460=CARTESIAN_POINT('Ctrl Pts',(-8.85135904538655,-4.86607580386716,-6.04679491924311));
#8461=CARTESIAN_POINT('Ctrl Pts',(-8.07025213961202,-6.28690407583291,-5.95735047479867));
#8462=CARTESIAN_POINT('Ctrl Pts',(-6.94015643351066,-7.51587416086497,-5.86790603035423));
#8463=CARTESIAN_POINT('Ctrl Pts',(-5.58967251384339,-8.4131334334974,-5.77846158590978));
#8464=CARTESIAN_POINT('Ctrl Pts',(-4.23918859417611,-9.31039270612984,-5.68901714146534));
#8465=CARTESIAN_POINT('Ctrl Pts',(-2.66831646094292,-9.87594116636266,-5.59957269702089));
#8466=CARTESIAN_POINT('Ctrl Pts',(-1.05581627505401,-10.0454218932759,-5.51012825257645));
#8467=CARTESIAN_POINT('Ctrl Pts',(0.556683910834904,-10.2149026201891,-5.420683808132));
#8468=CARTESIAN_POINT('Ctrl Pts',(2.21081214937955,-9.98831561378278,-5.33123936368756));
#8469=CARTESIAN_POINT('Ctrl Pts',(3.71833566333823,-9.39144470230573,-5.24179491924311));
#8470=CARTESIAN_POINT('Ctrl Pts',(5.22585917729691,-8.79457379082868,-5.15235047479867));
#8471=CARTESIAN_POINT('Ctrl Pts',(6.58677796666963,-7.82741897428093,-5.06290603035423));
#8472=CARTESIAN_POINT('Ctrl Pts',(7.64622210078498,-6.60004097860763,-4.97346158590978));
#8473=CARTESIAN_POINT('Ctrl Pts',(8.70566623490034,-5.37266298293434,-4.88401714146534));
#8474=CARTESIAN_POINT('Ctrl Pts',(9.46363571375833,-3.88506180813551,-4.79457269702089));
#8475=CARTESIAN_POINT('Ctrl Pts',(9.83388091566604,-2.30651711230242,-4.70512825257645));
#8476=CARTESIAN_POINT('Ctrl Pts',(10.2041261175737,-0.727972416469333,-4.615683808132));
#8477=CARTESIAN_POINT('Ctrl Pts',(10.1866470425311,0.94151580039801,-4.52623936368756));
#8478=CARTESIAN_POINT('Ctrl Pts',(9.78342334806173,2.51195750415702,-4.43679491924311));
#8479=CARTESIAN_POINT('Ctrl Pts',(9.38019965359232,4.08239920791603,-4.34735047479867));
#8480=CARTESIAN_POINT('Ctrl Pts',(8.59123133969609,5.55379439856671,-4.25790603035422));
#8481=CARTESIAN_POINT('Ctrl Pts',(7.50631941384325,6.75872045644143,-4.16846158590978));
#8482=CARTESIAN_POINT('Ctrl Pts',(6.4214074879904,7.96364651431614,-4.07901714146534));
#8483=CARTESIAN_POINT('Ctrl Pts',(5.04055195018093,8.9021034394149,-3.98957269702089));
#8484=CARTESIAN_POINT('Ctrl Pts',(3.52084984052838,9.46726362732117,-3.90012825257645));
#8485=CARTESIAN_POINT('Ctrl Pts',(2.00114773087582,10.0324238152274,-3.810683808132));
#8486=CARTESIAN_POINT('Ctrl Pts',(0.342599049380172,10.2242872659412,-3.72123936368756));
#8487=CARTESIAN_POINT('Ctrl Pts',(-1.26597836080694,10.0210914342165,-3.63179491924311));
#8488=CARTESIAN_POINT('Ctrl Pts',(-2.87455577099404,9.8178956024917,-3.54235047479867));
#8489=CARTESIAN_POINT('Ctrl Pts',(-4.4331619098726,9.21964048832836,-3.45290603035423));
#8490=CARTESIAN_POINT('Ctrl Pts',(-5.76459929654882,8.2942594259223,-3.36346158590978));
#8491=CARTESIAN_POINT('Ctrl Pts',(-7.09603668322504,7.36887836351625,-3.27401714146534));
#8492=CARTESIAN_POINT('Ctrl Pts',(-8.20030531769891,6.11637135286747,-3.18457269702089));
#8493=CARTESIAN_POINT('Ctrl Pts',(-8.95129614689265,4.6795917472267,-3.09512825257645));
#8494=CARTESIAN_POINT('Ctrl Pts',(-9.70228697608639,3.24281214158592,-3.005683808132));
#8495=CARTESIAN_POINT('Ctrl Pts',(-10.1,1.62175994095313,-2.91623936368756));
#8496=CARTESIAN_POINT('Ctrl Pts',(-10.1,0.,-2.82679491924311));
#8497=CARTESIAN_POINT('',(2.41092703950998,7.42007045883061,-9.55));
#8498=CARTESIAN_POINT('Ctrl Pts',(8.147738807193,-2.1764079212172E-5,-3.45));
#8499=CARTESIAN_POINT('Ctrl Pts',(8.14780389293372,-0.625891254045497,-3.49277777777778));
#8500=CARTESIAN_POINT('Ctrl Pts',(7.92739538922887,-2.5603520488899,-3.625));
#8501=CARTESIAN_POINT('Ctrl Pts',(6.41192943592475,-5.53462607361645,-3.84666666666667));
#8502=CARTESIAN_POINT('Ctrl Pts',(3.11810148299693,-7.87542818056812,-4.11500000000001));
#8503=CARTESIAN_POINT('Ctrl Pts',(-0.885380482563192,-8.42383608065704,
-4.38333333333333));
#8504=CARTESIAN_POINT('Ctrl Pts',(-4.68735792847951,-7.05504071858496,-4.65166666666667));
#8505=CARTESIAN_POINT('Ctrl Pts',(-7.42252541628832,-4.0805678470211,-4.92));
#8506=CARTESIAN_POINT('Ctrl Pts',(-8.46837966255518,-0.177387305234644,
-5.18833333333333));
#8507=CARTESIAN_POINT('Ctrl Pts',(-7.58689112828447,3.76616548787645,-5.45666666666667));
#8508=CARTESIAN_POINT('Ctrl Pts',(-4.97868055584869,6.8525659048715,-5.725));
#8509=CARTESIAN_POINT('Ctrl Pts',(-1.23735793557841,8.37937138535908,-5.99333333333334));
#8510=CARTESIAN_POINT('Ctrl Pts',(2.78557858310016,7.99909196863057,-6.26166666666666));
#8511=CARTESIAN_POINT('Ctrl Pts',(6.17453713590696,5.79827635309791,-6.53));
#8512=CARTESIAN_POINT('Ctrl Pts',(7.87072605880702,2.78802663984396,-6.75944444444444));
#8513=CARTESIAN_POINT('Ctrl Pts',(8.14754411750419,0.739586175404817,-6.89944444444445));
#8514=CARTESIAN_POINT('Ctrl Pts',(8.1477739115262,-6.74794343274304E-5,
-6.95));
#8515=CARTESIAN_POINT('Origin',(0.,0.,-1.3));
#8516=CARTESIAN_POINT('Ctrl Pts',(8.14773846544762,-2.17418808218239E-5,
-3.05));
#8517=CARTESIAN_POINT('Ctrl Pts',(8.14780349756121,-0.62589121704467,-3.09277777777778));
#8518=CARTESIAN_POINT('Ctrl Pts',(7.92739478936243,-2.56035197802446,-3.225));
#8519=CARTESIAN_POINT('Ctrl Pts',(6.41192923207262,-5.53462573368994,-3.44666666666667));
#8520=CARTESIAN_POINT('Ctrl Pts',(3.11810125087614,-7.87542779641982,-3.715));
#8521=CARTESIAN_POINT('Ctrl Pts',(-0.885380400413883,-8.42383562398832,
-3.98333333333333));
#8522=CARTESIAN_POINT('Ctrl Pts',(-4.68735770154569,-7.05504035764589,-4.25166666666667));
#8523=CARTESIAN_POINT('Ctrl Pts',(-7.42252501818836,-4.08056762888303,-4.52));
#8524=CARTESIAN_POINT('Ctrl Pts',(-8.46837922380775,-0.177387298151267,
-4.78833333333334));
#8525=CARTESIAN_POINT('Ctrl Pts',(-7.58689072903968,3.76616529146874,-5.05666666666666));
#8526=CARTESIAN_POINT('Ctrl Pts',(-4.97868029540401,6.85256554640015,-5.325));
#8527=CARTESIAN_POINT('Ctrl Pts',(-1.237357872157,8.37937094496139,-5.59333333333333));
#8528=CARTESIAN_POINT('Ctrl Pts',(2.78557844078306,7.99909155354586,-5.86166666666667));
#8529=CARTESIAN_POINT('Ctrl Pts',(6.17453680542567,5.79827604189073,-6.13));
#8530=CARTESIAN_POINT('Ctrl Pts',(7.87072565742434,2.78802650556547,-6.35944444444445));
#8531=CARTESIAN_POINT('Ctrl Pts',(8.14754368781025,0.73958613289864,-6.49944444444444));
#8532=CARTESIAN_POINT('Ctrl Pts',(8.14777347884826,-6.74864317529167E-5,
-6.55));
#8533=CARTESIAN_POINT('Ctrl Pts',(-10.1,0.,-0.17320508075688));
#8534=CARTESIAN_POINT('Ctrl Pts',(-10.1,1.62175994095313,-0.262649525201324));
#8535=CARTESIAN_POINT('Ctrl Pts',(-9.30459363223298,4.86386339058705,-0.441538414090213));
#8536=CARTESIAN_POINT('Ctrl Pts',(-5.99176071650685,8.62138542713237,-0.709871747423547));
#8537=CARTESIAN_POINT('Ctrl Pts',(-1.31595348359956,10.4161496076236,-0.978205080756879));
#8538=CARTESIAN_POINT('Ctrl Pts',(3.65969830939424,9.84056028354024,-1.24653841409021));
#8539=CARTESIAN_POINT('Ctrl Pts',(7.80226150200549,7.02518892970146,-1.51487174742355));
#8540=CARTESIAN_POINT('Ctrl Pts',(10.16916802628,2.61100406212926,-1.78320508075688));
#8541=CARTESIAN_POINT('Ctrl Pts',(10.2216043457312,-2.39746061570951,-2.05153841409021));
#8542=CARTESIAN_POINT('Ctrl Pts',(7.94769650336412,-6.86026373638842,-2.31987174742355));
#8543=CARTESIAN_POINT('Ctrl Pts',(3.86494010020649,-9.76172813121802,-2.58820508075688));
#8544=CARTESIAN_POINT('Ctrl Pts',(-1.09744422588426,-10.4414890605467,-2.85653841409021));
#8545=CARTESIAN_POINT('Ctrl Pts',(-5.81006044612091,-8.74484379850685,-3.12487174742355));
#8546=CARTESIAN_POINT('Ctrl Pts',(-9.20034735226166,-5.05793372041495,-3.39320508075688));
#8547=CARTESIAN_POINT('Ctrl Pts',(-10.4967016182215,-0.219874605322545,
-3.66153841409021));
#8548=CARTESIAN_POINT('Ctrl Pts',(-9.40408147628655,4.66822661865561,-3.92987174742355));
#8549=CARTESIAN_POINT('Ctrl Pts',(-6.17115980900492,8.49387278945268,-4.19820508075687));
#8550=CARTESIAN_POINT('Ctrl Pts',(-1.53372635255573,10.386374326551,-4.46653841409022));
#8551=CARTESIAN_POINT('Ctrl Pts',(3.45277236107325,9.91501148393926,-4.73487174742354));
#8552=CARTESIAN_POINT('Ctrl Pts',(7.65344450979102,7.18706282551701,-5.00320508075688));
#8553=CARTESIAN_POINT('Ctrl Pts',(10.1122480947503,2.82339050045906,-5.27153841409021));
#8554=CARTESIAN_POINT('Ctrl Pts',(10.2695751270344,-2.18286608399131,-5.53987174742355));
#8555=CARTESIAN_POINT('Ctrl Pts',(8.0896229762916,-6.69231635440617,-5.80820508075688));
#8556=CARTESIAN_POINT('Ctrl Pts',(4.0685252443217,-9.67864662949885,-6.07653841409022));
#8557=CARTESIAN_POINT('Ctrl Pts',(-0.878528911476232,-10.4621794935974,
-6.34487174742354));
#8558=CARTESIAN_POINT('Ctrl Pts',(-5.625658166136,-8.86460888911397,-6.61320508075688));
#8559=CARTESIAN_POINT('Ctrl Pts',(-9.09238310847425,-5.24948887534866,-6.88153841409021));
#8560=CARTESIAN_POINT('Ctrl Pts',(-10.4898379535443,-0.439679563038679,
-7.14987174742355));
#8561=CARTESIAN_POINT('Ctrl Pts',(-9.49969496879642,4.47031338042627,-7.41820508075688));
#8562=CARTESIAN_POINT('Ctrl Pts',(-6.3478689023375,8.36265768555557,-7.68653841409022));
#8563=CARTESIAN_POINT('Ctrl Pts',(-1.75053141387436,10.3522108514231,-7.95487174742355));
#8564=CARTESIAN_POINT('Ctrl Pts',(1.57868628347703,10.1068221971321,-8.13376063631243));
#8565=CARTESIAN_POINT('Ctrl Pts',(3.12107164318695,9.60567081458106,-8.22320508075688));
#8566=CARTESIAN_POINT('Ctrl Pts',(-9.44944465005349,0.,-0.548803387171253));
#8567=CARTESIAN_POINT('Ctrl Pts',(-9.44944465005349,1.51730007898125,-0.638247831615698));
#8568=CARTESIAN_POINT('Ctrl Pts',(-8.7052715365372,4.55057503908651,-0.817136720504588));
#8569=CARTESIAN_POINT('Ctrl Pts',(-5.6058228957422,8.0660697426203,-1.08547005383792));
#8570=CARTESIAN_POINT('Ctrl Pts',(-1.2311910500316,9.74523061226883,-1.35380338717125));
#8571=CARTESIAN_POINT('Ctrl Pts',(3.42397194163517,9.20671581433942,-1.62213672050459));
#8572=CARTESIAN_POINT('Ctrl Pts',(7.2997067533113,6.5726865294438,-1.89047005383792));
#8573=CARTESIAN_POINT('Ctrl Pts',(9.51415746548778,2.44282558080746,-2.15880338717125));
#8574=CARTESIAN_POINT('Ctrl Pts',(9.56321628710232,-2.24303677117131,-2.42713672050459));
#8575=CARTESIAN_POINT('Ctrl Pts',(7.43577407960029,-6.41838440215559,-2.69547005383792));
#8576=CARTESIAN_POINT('Ctrl Pts',(3.61599381709637,-9.13296135295196,-2.96380338717125));
#8577=CARTESIAN_POINT('Ctrl Pts',(-1.02675628406079,-9.76893791502726,-3.23213672050459));
#8578=CARTESIAN_POINT('Ctrl Pts',(-5.43582619792918,-8.18157598488654,-3.50047005383792));
#8579=CARTESIAN_POINT('Ctrl Pts',(-8.60773990757055,-4.73214502323764,-3.76880338717126));
#8580=CARTESIAN_POINT('Ctrl Pts',(-9.8205941534169,-0.205712169598786,-4.03713672050459));
#8581=CARTESIAN_POINT('Ctrl Pts',(-8.79835122720425,4.36753950959331,-4.30547005383792));
#8582=CARTESIAN_POINT('Ctrl Pts',(-5.77366663780461,7.94677037510185,-4.57380338717125));
#8583=CARTESIAN_POINT('Ctrl Pts',(-1.43493685908948,9.71737319935442,-4.84213672050459));
#8584=CARTESIAN_POINT('Ctrl Pts',(3.23037438764319,9.27637150714147,-5.11047005383792));
#8585=CARTESIAN_POINT('Ctrl Pts',(7.16047527500257,6.72413389764157,-5.37880338717126));
#8586=CARTESIAN_POINT('Ctrl Pts',(9.46090382761895,2.64153190688859,-5.64713672050458));
#8587=CARTESIAN_POINT('Ctrl Pts',(9.60809720222554,-2.04226457813416,-5.91547005383792));
#8588=CARTESIAN_POINT('Ctrl Pts',(7.56855886675924,-6.26125474966424,-6.18380338717125));
#8589=CARTESIAN_POINT('Ctrl Pts',(3.80646575282804,-9.05523124879961,-6.45213672050459));
#8590=CARTESIAN_POINT('Ctrl Pts',(-0.821941616085778,-9.78829564788844,
-6.72047005383792));
#8591=CARTESIAN_POINT('Ctrl Pts',(-5.26330153079441,-8.29362683584699,-6.98880338717125));
#8592=CARTESIAN_POINT('Ctrl Pts',(-8.50672979411966,-4.91136183848303,-7.25713672050458));
#8593=CARTESIAN_POINT('Ctrl Pts',(-9.81417258713339,-0.411359177692449,
-7.52547005383792));
#8594=CARTESIAN_POINT('Ctrl Pts',(-8.88780611881518,4.18237414423085,-7.79380338717125));
#8595=CARTESIAN_POINT('Ctrl Pts',(-5.9389936473697,7.82400702247541,-8.0621367205046));
#8596=CARTESIAN_POINT('Ctrl Pts',(-1.63777719837482,9.68541024219859,-8.33047005383792));
#8597=CARTESIAN_POINT('Ctrl Pts',(1.47700085698166,9.4558274197754,-8.50935894272681));
#8598=CARTESIAN_POINT('Ctrl Pts',(2.92003898427193,8.98695590980375,-8.59880338717125));
#8599=CARTESIAN_POINT('Ctrl Pts',(-8.79888930010697,0.,-0.924401693585627));
#8600=CARTESIAN_POINT('Ctrl Pts',(-8.79888930010697,1.41284021700937,-1.01384613803007));
#8601=CARTESIAN_POINT('Ctrl Pts',(-8.10594944084141,4.23728668758599,-1.19273502691896));
#8602=CARTESIAN_POINT('Ctrl Pts',(-5.21988507497756,7.51075405810822,-1.46106836025229));
#8603=CARTESIAN_POINT('Ctrl Pts',(-1.14642861646363,9.0743116169141,-1.72940169358563));
#8604=CARTESIAN_POINT('Ctrl Pts',(3.18824557387609,8.5728713451386,-1.99773502691896));
#8605=CARTESIAN_POINT('Ctrl Pts',(6.7971520046171,6.12018412918615,-2.26606836025229));
#8606=CARTESIAN_POINT('Ctrl Pts',(8.85914690469555,2.27464709948565,-2.53440169358563));
#8607=CARTESIAN_POINT('Ctrl Pts',(8.90482822847341,-2.0886129266331,-2.80273502691896));
#8608=CARTESIAN_POINT('Ctrl Pts',(6.92385165583646,-5.97650506792276,-3.07106836025229));
#8609=CARTESIAN_POINT('Ctrl Pts',(3.36704753398625,-8.50419457468589,-3.33940169358563));
#8610=CARTESIAN_POINT('Ctrl Pts',(-0.956068342237339,-9.09638676950779,
-3.60773502691896));
#8611=CARTESIAN_POINT('Ctrl Pts',(-5.06159194973744,-7.61830817126621,-3.87606836025229));
#8612=CARTESIAN_POINT('Ctrl Pts',(-8.01513246287946,-4.40635632606033,-4.14440169358563));
#8613=CARTESIAN_POINT('Ctrl Pts',(-9.14448668861232,-0.191549733875029,
-4.41273502691896));
#8614=CARTESIAN_POINT('Ctrl Pts',(-8.19262097812197,4.06685240053103,-4.6810683602523));
#8615=CARTESIAN_POINT('Ctrl Pts',(-5.37617346660431,7.39966796075099,-4.94940169358562));
#8616=CARTESIAN_POINT('Ctrl Pts',(-1.33614736562324,9.04837207215792,-5.21773502691897));
#8617=CARTESIAN_POINT('Ctrl Pts',(3.00797641421313,8.63773153034366,-5.48606836025229));
#8618=CARTESIAN_POINT('Ctrl Pts',(6.66750604021412,6.26120496976615,-5.75440169358563));
#8619=CARTESIAN_POINT('Ctrl Pts',(8.80955956048764,2.45967331331811,-6.02273502691896));
#8620=CARTESIAN_POINT('Ctrl Pts',(8.94661927741663,-1.90166307227699,-6.29106836025229));
#8621=CARTESIAN_POINT('Ctrl Pts',(7.0474947572269,-5.83019314492231,-6.55940169358563));
#8622=CARTESIAN_POINT('Ctrl Pts',(3.54440626133438,-8.43181586810038,-6.82773502691896));
#8623=CARTESIAN_POINT('Ctrl Pts',(-0.765354320695327,-9.11441180217948,
-7.09606836025229));
#8624=CARTESIAN_POINT('Ctrl Pts',(-4.90094489545282,-7.72264478258001,-7.36440169358563));
#8625=CARTESIAN_POINT('Ctrl Pts',(-7.92107647976508,-4.57323480161741,-7.63273502691896));
#8626=CARTESIAN_POINT('Ctrl Pts',(-9.13850722072249,-0.383038792346217,
-7.9010683602523));
#8627=CARTESIAN_POINT('Ctrl Pts',(-8.27591726883394,3.89443490803543,-8.16940169358562));
#8628=CARTESIAN_POINT('Ctrl Pts',(-5.53011839240191,7.28535635939526,-8.43773502691896));
#8629=CARTESIAN_POINT('Ctrl Pts',(-1.52502298287527,9.01860963297408,-8.70606836025229));
#8630=CARTESIAN_POINT('Ctrl Pts',(1.3753154304863,8.80483264241873,-8.88495724914118));
#8631=CARTESIAN_POINT('Ctrl Pts',(2.71900632535692,8.36824100502644,-8.97440169358563));
#8632=CARTESIAN_POINT('Ctrl Pts',(-8.14833395016046,0.,-1.3));
#8633=CARTESIAN_POINT('Ctrl Pts',(-8.14833395016046,1.30838035503749,-1.38944444444445));
#8634=CARTESIAN_POINT('Ctrl Pts',(-7.50662734514562,3.92399833608545,-1.56833333333333));
#8635=CARTESIAN_POINT('Ctrl Pts',(-4.83394725421292,6.95543837359616,-1.83666666666667));
#8636=CARTESIAN_POINT('Ctrl Pts',(-1.06166618289567,8.40339262155936,-2.105));
#8637=CARTESIAN_POINT('Ctrl Pts',(2.95251920611702,7.93902687593777,-2.37333333333333));
#8638=CARTESIAN_POINT('Ctrl Pts',(6.2945972559229,5.6676817289285,-2.64166666666667));
#8639=CARTESIAN_POINT('Ctrl Pts',(8.20413634390332,2.10646861816383,-2.91));
#8640=CARTESIAN_POINT('Ctrl Pts',(8.24644016984449,-1.93418908209489,-3.17833333333333));
#8641=CARTESIAN_POINT('Ctrl Pts',(6.41192923207262,-5.53462573368994,-3.44666666666667));
#8642=CARTESIAN_POINT('Ctrl Pts',(3.11810125087614,-7.87542779641982,-3.715));
#8643=CARTESIAN_POINT('Ctrl Pts',(-0.885380400413883,-8.42383562398832,
-3.98333333333333));
#8644=CARTESIAN_POINT('Ctrl Pts',(-4.68735770154569,-7.05504035764589,-4.25166666666667));
#8645=CARTESIAN_POINT('Ctrl Pts',(-7.42252501818836,-4.08056762888303,-4.52));
#8646=CARTESIAN_POINT('Ctrl Pts',(-8.46837922380775,-0.177387298151267,
-4.78833333333334));
#8647=CARTESIAN_POINT('Ctrl Pts',(-7.58689072903968,3.76616529146874,-5.05666666666666));
#8648=CARTESIAN_POINT('Ctrl Pts',(-4.97868029540401,6.85256554640015,-5.325));
#8649=CARTESIAN_POINT('Ctrl Pts',(-1.237357872157,8.37937094496139,-5.59333333333333));
#8650=CARTESIAN_POINT('Ctrl Pts',(2.78557844078306,7.99909155354586,-5.86166666666667));
#8651=CARTESIAN_POINT('Ctrl Pts',(6.17453680542567,5.79827604189073,-6.13));
#8652=CARTESIAN_POINT('Ctrl Pts',(8.15821529335632,2.27781471974763,-6.39833333333334));
#8653=CARTESIAN_POINT('Ctrl Pts',(8.28514135260773,-1.76106156641983,-6.66666666666666));
#8654=CARTESIAN_POINT('Ctrl Pts',(6.52643064769455,-5.39913154018039,-6.935));
#8655=CARTESIAN_POINT('Ctrl Pts',(3.28234676984073,-7.80840048740115,-7.20333333333333));
#8656=CARTESIAN_POINT('Ctrl Pts',(-0.708767025304879,-8.44052795647052,
-7.47166666666667));
#8657=CARTESIAN_POINT('Ctrl Pts',(-4.53858826011123,-7.15166272931302,-7.74));
#8658=CARTESIAN_POINT('Ctrl Pts',(-7.3354231654105,-4.23510776475179,-8.00833333333333));
#8659=CARTESIAN_POINT('Ctrl Pts',(-8.46284185431157,-0.354718406999983,
-8.27666666666666));
#8660=CARTESIAN_POINT('Ctrl Pts',(-7.6640284188527,3.60649567184,-8.545));
#8661=CARTESIAN_POINT('Ctrl Pts',(-5.12124313743411,6.74670569631511,-8.81333333333333));
#8662=CARTESIAN_POINT('Ctrl Pts',(-1.41226876737573,8.35180902374956,-9.08166666666667));
#8663=CARTESIAN_POINT('Ctrl Pts',(1.27363000399094,8.15383786506205,-9.26055555555556));
#8664=CARTESIAN_POINT('Ctrl Pts',(2.51797366644191,7.74952610024914,-9.35));
#8665=CARTESIAN_POINT('',(-10.1,0.,-0.17320508075688));
#8666=CARTESIAN_POINT('',(3.12107164318695,9.60567081458106,-8.22320508075688));
#8667=CARTESIAN_POINT('Ctrl Pts',(-10.1007136161491,-6.3926090881029E-5,
-3.67320508075688));
#8668=CARTESIAN_POINT('Ctrl Pts',(-10.1001504320997,1.55084182584372,-3.75876063631244));
#8669=CARTESIAN_POINT('Ctrl Pts',(-9.35722753907956,4.72367076605847,-3.93376063631244));
#8670=CARTESIAN_POINT('Ctrl Pts',(-6.17115980900492,8.49387278945268,-4.19820508075687));
#8671=CARTESIAN_POINT('Ctrl Pts',(-1.53372635255573,10.386374326551,-4.46653841409022));
#8672=CARTESIAN_POINT('Ctrl Pts',(3.45277236107325,9.91501148393926,-4.73487174742354));
#8673=CARTESIAN_POINT('Ctrl Pts',(7.65344450979102,7.18706282551701,-5.00320508075688));
#8674=CARTESIAN_POINT('Ctrl Pts',(10.1122480947503,2.82339050045906,-5.27153841409021));
#8675=CARTESIAN_POINT('Ctrl Pts',(10.2695751270344,-2.18286608399131,-5.53987174742355));
#8676=CARTESIAN_POINT('Ctrl Pts',(8.0896229762916,-6.69231635440617,-5.80820508075688));
#8677=CARTESIAN_POINT('Ctrl Pts',(4.0685252443217,-9.67864662949885,-6.07653841409022));
#8678=CARTESIAN_POINT('Ctrl Pts',(-0.878528911476232,-10.4621794935974,
-6.34487174742354));
#8679=CARTESIAN_POINT('Ctrl Pts',(-5.625658166136,-8.86460888911397,-6.61320508075688));
#8680=CARTESIAN_POINT('Ctrl Pts',(-9.09238310847425,-5.24948887534866,-6.88153841409021));
#8681=CARTESIAN_POINT('Ctrl Pts',(-10.0645256093926,-1.90353457113301,-7.06820508075688));
#8682=CARTESIAN_POINT('Ctrl Pts',(-10.1007021778218,-0.14112263709761,-7.1654273029791));
#8683=CARTESIAN_POINT('Ctrl Pts',(-10.1006121154333,-0.000125925821382617,
-7.17320508075688));
#8684=CARTESIAN_POINT('Origin',(2.90940341822253,8.95422300326495,-9.55));
#8685=CARTESIAN_POINT('Origin',(-9.41502723533841,0.,-1.5));
#8686=CARTESIAN_POINT('Origin',(0.,0.,-199.9599959992));
#8687=CARTESIAN_POINT('Origin',(-8.88178419700125E-15,-8.88178419700125E-15,
0.));
#8688=CARTESIAN_POINT('',(45.2,5.53540353214604E-15,0.));
#8689=CARTESIAN_POINT('Origin',(0.,0.,0.));
#8690=CARTESIAN_POINT('Origin',(-60.,70.,-6.));
#8691=CARTESIAN_POINT('',(-60.,70.,-6.));
#8692=CARTESIAN_POINT('Origin',(-60.,60.,-6.));
#8693=CARTESIAN_POINT('',(-70.,60.,-6.));
#8694=CARTESIAN_POINT('Origin',(-70.,-60.,-6.));
#8695=CARTESIAN_POINT('Origin',(0.,0.,0.));
#8696=CARTESIAN_POINT('',(45.2,5.53540353214604E-15,0.));
#8697=CARTESIAN_POINT('',(0.,0.,0.));
#8698=CARTESIAN_POINT('Origin',(0.,-5.,0.));
#8699=CARTESIAN_POINT('',(-10.0006481037324,-9.125,8.04237016568294E-5));
#8700=CARTESIAN_POINT('',(-9.99946011026172,-9.625,-0.000330629625692192));
#8701=CARTESIAN_POINT('',(-10.,-5.,1.22464679914735E-15));
#8702=CARTESIAN_POINT('',(-0.000160316159112342,-10.,-9.99952778287074));
#8703=CARTESIAN_POINT('Ctrl Pts',(-10.0006481037324,-9.125,8.04237016572597E-5));
#8704=CARTESIAN_POINT('Ctrl Pts',(-9.99996992479482,-9.20833333333333,-1.49561224699483));
#8705=CARTESIAN_POINT('Ctrl Pts',(-9.29729233790285,-9.38020833333334,-4.58109645838765));
#8706=CARTESIAN_POINT('Ctrl Pts',(-6.24585413584536,-9.640625,-8.29927960963695));
#8707=CARTESIAN_POINT('Ctrl Pts',(-2.71175398395936,-9.84895833333333,-9.82157571871415));
#8708=CARTESIAN_POINT('Ctrl Pts',(-0.561225744393519,-9.96875,-9.99988340555121));
#8709=CARTESIAN_POINT('Ctrl Pts',(-0.000160316159112592,-10.,-9.99952778287074));
#8710=CARTESIAN_POINT('',(-7.81831482468032,-10.,-6.2348980185873));
#8711=CARTESIAN_POINT('Origin',(0.,-10.,0.));
#8712=CARTESIAN_POINT('Ctrl Pts',(-7.81831482468032,-10.,-6.2348980185873));
#8713=CARTESIAN_POINT('Ctrl Pts',(-8.85469100516051,-9.90740740740741,-4.93532339336677));
#8714=CARTESIAN_POINT('Ctrl Pts',(-9.56022084761801,-9.81481481481481,-3.37297615313544));
#8715=CARTESIAN_POINT('Ctrl Pts',(-9.84888433254678,-9.72222222222222,-1.73667203568928));
#8716=CARTESIAN_POINT('Ctrl Pts',(-9.94991655227185,-9.68981481481481,-1.16396559458314));
#8717=CARTESIAN_POINT('Ctrl Pts',(-9.99988264319965,-9.6574074074074,-0.582199436018186));
#8718=CARTESIAN_POINT('Ctrl Pts',(-9.99946011026172,-9.625,-0.000330629625692192));
#8719=CARTESIAN_POINT('Origin',(0.,-5.,0.));
#8720=CARTESIAN_POINT('',(-10.0004738775996,-5.625,-0.000146549754428701));
#8721=CARTESIAN_POINT('',(-10.0008001468531,-6.125,8.62151413080076E-5));
#8722=CARTESIAN_POINT('',(-10.,-5.,1.22464679914735E-15));
#8723=CARTESIAN_POINT('Ctrl Pts',(-10.0004738775996,-5.625,-0.000146549754428162));
#8724=CARTESIAN_POINT('Ctrl Pts',(-10.0006120410495,-5.63541666666667,-0.187117528415287));
#8725=CARTESIAN_POINT('Ctrl Pts',(-9.95173077051891,-5.734375,-1.96326965637498));
#8726=CARTESIAN_POINT('Ctrl Pts',(-8.94641448093814,-5.921875,-5.27735525285497));
#8727=CARTESIAN_POINT('Ctrl Pts',(-5.52619237800257,-6.1875,-8.79488483157533));
#8728=CARTESIAN_POINT('Ctrl Pts',(-0.873028948435701,-6.453125,-10.3501993284302));
#8729=CARTESIAN_POINT('Ctrl Pts',(3.97491506820455,-6.71874999999999,-9.59629378378559));
#8730=CARTESIAN_POINT('Ctrl Pts',(7.93602073610785,-6.984375,-6.70137144714228));
#8731=CARTESIAN_POINT('Ctrl Pts',(10.1265309661926,-7.25,-2.31131461124327));
#8732=CARTESIAN_POINT('Ctrl Pts',(10.057723718963,-7.515625,2.59441669542837));
#8733=CARTESIAN_POINT('Ctrl Pts',(7.74495055758805,-7.78125,6.92131093396897));
#8734=CARTESIAN_POINT('Ctrl Pts',(3.70421128191324,-8.04687499999999,9.70400043600528));
#8735=CARTESIAN_POINT('Ctrl Pts',(-1.1629697747877,-8.31250000000001,10.3216424420873));
#8736=CARTESIAN_POINT('Ctrl Pts',(-5.77068229691621,-8.57812499999999,8.63643655436856));
#8737=CARTESIAN_POINT('Ctrl Pts',(-9.09090488060663,-8.84375,5.02436501489822));
#8738=CARTESIAN_POINT('Ctrl Pts',(-9.97754620794245,-9.02604166666666,1.77619439931009));
#8739=CARTESIAN_POINT('Ctrl Pts',(-10.000690489916,-9.11979166666667,0.0935612156202023));
#8740=CARTESIAN_POINT('Ctrl Pts',(-10.0006481037324,-9.125,8.04237016572597E-5));
#8741=CARTESIAN_POINT('Ctrl Pts',(-9.99946011026172,-9.625,-0.000330629625692192));
#8742=CARTESIAN_POINT('Ctrl Pts',(-9.99867540623414,-9.56481481481481,1.0802828679604));
#8743=CARTESIAN_POINT('Ctrl Pts',(-9.82410136683292,-9.50462962962963,2.16125039580881));
#8744=CARTESIAN_POINT('Ctrl Pts',(-9.48007757903939,-9.44444444444444,3.18519970324924));
#8745=CARTESIAN_POINT('Ctrl Pts',(-8.95081021320318,-9.35185185185185,4.76050633008065));
#8746=CARTESIAN_POINT('Ctrl Pts',(-8.02047835413073,-9.25925925925926,6.20085858908251));
#8747=CARTESIAN_POINT('Ctrl Pts',(-6.80231911027142,-9.16666666666667,7.33111997088137));
#8748=CARTESIAN_POINT('Ctrl Pts',(-5.58415986641209,-9.07407407407407,8.46138135268024));
#8749=CARTESIAN_POINT('Ctrl Pts',(-4.0781732377659,-8.98148148148147,9.28155185727612));
#8750=CARTESIAN_POINT('Ctrl Pts',(-2.46778332320295,-8.88888888888888,9.6916220923197));
#8751=CARTESIAN_POINT('Ctrl Pts',(-0.857393408640007,-8.79629629629629,
10.1016923273633));
#8752=CARTESIAN_POINT('Ctrl Pts',(0.857399791839688,-8.7037037037037,10.1016622928546));
#8753=CARTESIAN_POINT('Ctrl Pts',(2.46778489144513,-8.61111111111111,9.69159985680862));
#8754=CARTESIAN_POINT('Ctrl Pts',(4.07816999105059,-8.51851851851852,9.28153742076264));
#8755=CARTESIAN_POINT('Ctrl Pts',(5.58414698978179,-8.42592592592593,8.46144258317938));
#8756=CARTESIAN_POINT('Ctrl Pts',(6.8023137486851,-8.33333333333333,7.33115349164043));
#8757=CARTESIAN_POINT('Ctrl Pts',(8.02048050758841,-8.24074074074074,6.2008644001015));
#8758=CARTESIAN_POINT('Ctrl Pts',(8.95083702666383,-8.14814814814815,4.76038105460688));
#8759=CARTESIAN_POINT('Ctrl Pts',(9.48008922744892,-8.05555555555556,3.18513891581335));
#8760=CARTESIAN_POINT('Ctrl Pts',(10.009341428234,-7.96296296296296,1.60989677701982));
#8761=CARTESIAN_POINT('Ctrl Pts',(10.1374893107287,-7.87037037037037,-0.100104155072633));
#8762=CARTESIAN_POINT('Ctrl Pts',(9.84892560973022,-7.77777777777778,-1.73663039626724));
#8763=CARTESIAN_POINT('Ctrl Pts',(9.5603619087317,-7.68518518518518,-3.37315663746186));
#8764=CARTESIAN_POINT('Ctrl Pts',(8.85508662423991,-7.59259259259259,-4.93620818775863));
#8765=CARTESIAN_POINT('Ctrl Pts',(7.81898786991068,-7.5,-6.23543526550295));
#8766=CARTESIAN_POINT('Ctrl Pts',(6.78288911558146,-7.40740740740741,-7.53466234324726));
#8767=CARTESIAN_POINT('Ctrl Pts',(5.41596689141479,-7.31481481481482,-8.57006494843912));
#8768=CARTESIAN_POINT('Ctrl Pts',(3.88468244038649,-7.22222222222222,-9.21555526957961));
#8769=CARTESIAN_POINT('Ctrl Pts',(2.35339798935819,-7.12962962962963,-9.86104559072011));
#8770=CARTESIAN_POINT('Ctrl Pts',(0.657751311468245,-7.03703703703703,-10.1166236278092));
#8771=CARTESIAN_POINT('Ctrl Pts',(-0.995764213676353,-6.94444444444444,
-9.95116455655142));
#8772=CARTESIAN_POINT('Ctrl Pts',(-2.64927973882094,-6.85185185185185,-9.7857054852936));
#8773=CARTESIAN_POINT('Ctrl Pts',(-4.26066411122018,-6.75925925925926,-9.19920930568883));
#8774=CARTESIAN_POINT('Ctrl Pts',(-5.63368557369084,-6.66666666666667,-8.26309906068817));
#8775=CARTESIAN_POINT('Ctrl Pts',(-7.00670703616149,-6.57407407407407,-7.32698881568752));
#8776=CARTESIAN_POINT('Ctrl Pts',(-8.14136558870354,-6.48148148148148,-6.04126450529098));
#8777=CARTESIAN_POINT('Ctrl Pts',(-8.89948425036352,-6.38888888888889,-4.56249938531144));
#8778=CARTESIAN_POINT('Ctrl Pts',(-9.61969697894051,-6.30092592592593,-3.15767252133086));
#8779=CARTESIAN_POINT('Ctrl Pts',(-10.0000824559964,-6.21296296296296,-1.57862632670164));
#8780=CARTESIAN_POINT('Ctrl Pts',(-10.0008001468531,-6.125,8.62151413080076E-5));
#8781=CARTESIAN_POINT('Origin',(0.,-5.,0.));
#8782=CARTESIAN_POINT('',(-10.,0.,1.22464679914735E-15));
#8783=CARTESIAN_POINT('',(-9.99918303173479,-2.625,7.60102425756415E-5));
#8784=CARTESIAN_POINT('',(-10.,-5.,1.22464679914735E-15));
#8785=CARTESIAN_POINT('',(0.,0.,-10.));
#8786=CARTESIAN_POINT('Origin',(0.,0.,0.));
#8787=CARTESIAN_POINT('',(0.,-3.,-10.));
#8788=CARTESIAN_POINT('',(0.,-5.,-10.));
#8789=CARTESIAN_POINT('Ctrl Pts',(0.,-3.,-10.));
#8790=CARTESIAN_POINT('Ctrl Pts',(1.58949628306626,-3.08854166666667,-10.));
#8791=CARTESIAN_POINT('Ctrl Pts',(4.76715724218768,-3.265625,-9.22854518031813));
#8792=CARTESIAN_POINT('Ctrl Pts',(8.47132073801574,-3.53125,-6.01048363202052));
#8793=CARTESIAN_POINT('Ctrl Pts',(10.2849031227388,-3.796875,-1.45206724606011));
#8794=CARTESIAN_POINT('Ctrl Pts',(9.80410273003396,-4.0625,3.43062819509615));
#8795=CARTESIAN_POINT('Ctrl Pts',(7.13579032272301,-4.328125,7.54776997405763));
#8796=CARTESIAN_POINT('Ctrl Pts',(2.8754848586102,-4.59375,9.9810119382001));
#8797=CARTESIAN_POINT('Ctrl Pts',(-2.02639766084479,-4.859375,10.1873671007437));
#8798=CARTESIAN_POINT('Ctrl Pts',(-6.4761578922301,-5.125,8.12084929615084));
#8799=CARTESIAN_POINT('Ctrl Pts',(-9.36319979478609,-5.38020833333333,4.39458306122008));
#8800=CARTESIAN_POINT('Ctrl Pts',(-9.99943765172549,-5.546875,1.40213579020205));
#8801=CARTESIAN_POINT('Ctrl Pts',(-10.0004738775996,-5.625,-0.000146549754428162));
#8802=CARTESIAN_POINT('Ctrl Pts',(-10.0008001468531,-6.125,8.62151413080076E-5));
#8803=CARTESIAN_POINT('Ctrl Pts',(-10.0008379200561,-6.12037037037037,0.0831763489225128));
#8804=CARTESIAN_POINT('Ctrl Pts',(-9.99982398193999,-6.11574074074074,0.166265558457772));
#8805=CARTESIAN_POINT('Ctrl Pts',(-9.99775252399992,-6.11111111111111,0.249328394996039));
#8806=CARTESIAN_POINT('Ctrl Pts',(-9.95632336519843,-6.01851851851852,1.91058512576143));
#8807=CARTESIAN_POINT('Ctrl Pts',(-9.49188627681755,-5.92592592592593,3.56129265772966));
#8808=CARTESIAN_POINT('Ctrl Pts',(-8.66099966487207,-5.83333333333333,5.00043048071894));
#8809=CARTESIAN_POINT('Ctrl Pts',(-7.83011305292658,-5.74074074074074,6.43956830370821));
#8810=CARTESIAN_POINT('Ctrl Pts',(-6.6327769174165,-5.64814814814815,7.66713641771854));
#8811=CARTESIAN_POINT('Ctrl Pts',(-5.21480097533636,-5.55555555555555,8.5336434811551));
#8812=CARTESIAN_POINT('Ctrl Pts',(-3.79682503325623,-5.46296296296296,9.40015054459167));
#8813=CARTESIAN_POINT('Ctrl Pts',(-2.15820928460604,-5.37037037037037,9.90559655745447));
#8814=CARTESIAN_POINT('Ctrl Pts',(-0.498501773206754,-5.27777777777778,
9.98842911440035));
#8815=CARTESIAN_POINT('Ctrl Pts',(1.16120573819253,-5.18518518518518,10.0712616713462));
#8816=CARTESIAN_POINT('Ctrl Pts',(2.84200501234092,-5.09259259259259,9.73148077237514));
#8817=CARTESIAN_POINT('Ctrl Pts',(4.33921095459509,-5.,9.01046439145772));
#8818=CARTESIAN_POINT('Ctrl Pts',(5.83641689684925,-4.90740740740741,8.2894480105403));
#8819=CARTESIAN_POINT('Ctrl Pts',(7.15002950720921,-4.81481481481481,7.18719614767653));
#8820=CARTESIAN_POINT('Ctrl Pts',(8.12007911384139,-4.72222222222222,5.83793930905827));
#8821=CARTESIAN_POINT('Ctrl Pts',(9.09012872047357,-4.62962962962963,4.48868247044));
#8822=CARTESIAN_POINT('Ctrl Pts',(9.71661532337797,-4.53703703703704,2.89242065606724));
#8823=CARTESIAN_POINT('Ctrl Pts',(9.92324636057033,-4.44444444444444,1.24354410587547));
#8824=CARTESIAN_POINT('Ctrl Pts',(10.1298773977627,-4.35185185185185,-0.405332444316295));
#8825=CARTESIAN_POINT('Ctrl Pts',(9.916652869243,-4.25925925925926,-2.10682373032708));
#8826=CARTESIAN_POINT('Ctrl Pts',(9.30953894066845,-4.16666666666667,-3.65372479801023));
#8827=CARTESIAN_POINT('Ctrl Pts',(8.70242501209389,-4.07407407407407,-5.2006258656934));
#8828=CARTESIAN_POINT('Ctrl Pts',(7.70142168346447,-3.98148148148148,-6.59293671504894));
#8829=CARTESIAN_POINT('Ctrl Pts',(6.42842952890248,-3.88888888888889,-7.66110396559351));
#8830=CARTESIAN_POINT('Ctrl Pts',(5.1554373743405,-3.7962962962963,-8.72927121613808));
#8831=CARTESIAN_POINT('Ctrl Pts',(3.61045639384597,-3.7037037037037,-9.47329486787167));
#8832=CARTESIAN_POINT('Ctrl Pts',(1.98163201372655,-3.61111111111111,-9.80256880239102));
#8833=CARTESIAN_POINT('Ctrl Pts',(0.352807633607134,-3.51851851851852,-10.1318427369104));
#8834=CARTESIAN_POINT('Ctrl Pts',(-1.35986014613716,-3.42592592592593,-10.0463669542155));
#8835=CARTESIAN_POINT('Ctrl Pts',(-2.94780548632316,-3.33333333333333,-9.556550739925));
#8836=CARTESIAN_POINT('Ctrl Pts',(-4.53575082650915,-3.24074074074074,-9.06673452563453));
#8837=CARTESIAN_POINT('Ctrl Pts',(-5.99897372713684,-3.14814814814815,-8.17257787974848));
#8838=CARTESIAN_POINT('Ctrl Pts',(-7.15928490524886,-3.05555555555555,-6.98296942899504));
#8839=CARTESIAN_POINT('Ctrl Pts',(-8.31959608336088,-2.96296296296296,-5.79336097824161));
#8840=CARTESIAN_POINT('Ctrl Pts',(-9.17699553895722,-2.87037037037037,-4.30830072262079));
#8841=CARTESIAN_POINT('Ctrl Pts',(-9.62707112322217,-2.77777777777778,-2.70863769776347));
#8842=CARTESIAN_POINT('Ctrl Pts',(-9.8746126945679,-2.72685185185185,-1.82882303409195));
#8843=CARTESIAN_POINT('Ctrl Pts',(-9.99893879483587,-2.67592592592593,-0.914341032726391));
#8844=CARTESIAN_POINT('Ctrl Pts',(-9.99918303173479,-2.625,7.60102425756415E-5));
#8845=CARTESIAN_POINT('Origin',(0.,17.85,0.));
#8846=CARTESIAN_POINT('',(26.7,18.05,3.26980695372343E-15));
#8847=CARTESIAN_POINT('',(-26.7,18.05,3.26980695372343E-15));
#8848=CARTESIAN_POINT('Origin',(0.,18.05,0.));
#8849=CARTESIAN_POINT('Origin',(0.,18.05,0.));
#8850=CARTESIAN_POINT('',(26.3,17.65,-3.22082108175754E-15));
#8851=CARTESIAN_POINT('',(26.5,17.85,-3.24531401774049E-15));
#8852=CARTESIAN_POINT('Origin',(0.,17.65,0.));
#8853=CARTESIAN_POINT('Origin',(26.7,17.65,0.));
#8854=CARTESIAN_POINT('',(-16.,17.65,1.95943487863577E-15));
#8855=CARTESIAN_POINT('Origin',(0.,17.65,0.));
#8856=CARTESIAN_POINT('Origin',(0.,21.725,0.));
#8857=CARTESIAN_POINT('',(-26.7,25.8,3.26980695372343E-15));
#8858=CARTESIAN_POINT('Origin',(0.,25.8,0.));
#8859=CARTESIAN_POINT('',(-26.7,21.725,3.26980695372343E-15));
#8860=CARTESIAN_POINT('Origin',(0.,28.3,0.));
#8861=CARTESIAN_POINT('',(28.5,28.8,3.49024337756996E-15));
#8862=CARTESIAN_POINT('Origin',(0.,28.8,0.));
#8863=CARTESIAN_POINT('',(29.5,27.8,-3.61270805748469E-15));
#8864=CARTESIAN_POINT('',(29.,28.3,-3.55147571752732E-15));
#8865=CARTESIAN_POINT('',(-29.5,27.8,3.61270805748469E-15));
#8866=CARTESIAN_POINT('Origin',(0.,27.8,0.));
#8867=CARTESIAN_POINT('Origin',(0.,27.8,0.));
#8868=CARTESIAN_POINT('Origin',(0.,28.8,0.));
#8869=CARTESIAN_POINT('',(-6.5,28.8,-1.04094977927525E-15));
#8870=CARTESIAN_POINT('Origin',(-15.,28.8,0.));
#8871=CARTESIAN_POINT('',(23.5,28.8,-1.04094977927525E-15));
#8872=CARTESIAN_POINT('Origin',(15.,28.8,0.));
#8873=CARTESIAN_POINT('Origin',(0.,27.3,0.));
#8874=CARTESIAN_POINT('',(-29.5,25.8,3.61270805748469E-15));
#8875=CARTESIAN_POINT('',(-29.5,27.3,3.61270805748469E-15));
#8876=CARTESIAN_POINT('Origin',(0.,25.8,0.));
#8877=CARTESIAN_POINT('Origin',(-15.,28.3,0.));
#8878=CARTESIAN_POINT('',(-7.5,27.8,9.18485099360515E-16));
#8879=CARTESIAN_POINT('',(-7.,28.3,-9.79717439317883E-16));
#8880=CARTESIAN_POINT('',(-22.5,27.8,9.18485099360515E-16));
#8881=CARTESIAN_POINT('Origin',(-15.,27.8,0.));
#8882=CARTESIAN_POINT('Origin',(-15.,27.8,0.));
#8883=CARTESIAN_POINT('Origin',(-15.,25.8,0.));
#8884=CARTESIAN_POINT('',(-22.5,22.8,9.18485099360515E-16));
#8885=CARTESIAN_POINT('',(-22.5,25.8,9.18485099360515E-16));
#8886=CARTESIAN_POINT('Origin',(-15.,22.8,0.));
#8887=CARTESIAN_POINT('Origin',(15.,28.3,0.));
#8888=CARTESIAN_POINT('',(22.5,27.8,9.18485099360515E-16));
#8889=CARTESIAN_POINT('',(23.,28.3,-9.79717439317883E-16));
#8890=CARTESIAN_POINT('',(7.5,27.8,9.18485099360515E-16));
#8891=CARTESIAN_POINT('Origin',(15.,27.8,0.));
#8892=CARTESIAN_POINT('Origin',(15.,27.8,0.));
#8893=CARTESIAN_POINT('Origin',(15.,25.8,0.));
#8894=CARTESIAN_POINT('',(7.5,22.8,9.18485099360515E-16));
#8895=CARTESIAN_POINT('',(7.5,25.8,9.18485099360515E-16));
#8896=CARTESIAN_POINT('Origin',(15.,22.8,0.));
#8897=CARTESIAN_POINT('Origin',(15.,20.5467726786466,0.));
#8898=CARTESIAN_POINT('',(15.,18.2935453572933,0.));
#8899=CARTESIAN_POINT('',(11.25,20.5467726786466,4.59242549680257E-16));
#8900=CARTESIAN_POINT('Origin',(-15.,20.5467726786466,0.));
#8901=CARTESIAN_POINT('',(-15.,18.2935453572933,0.));
#8902=CARTESIAN_POINT('',(-18.75,20.5467726786466,4.59242549680257E-16));
#8903=CARTESIAN_POINT('Ctrl Pts',(0.,0.,-10.));
#8904=CARTESIAN_POINT('Ctrl Pts',(1.66221833523269,-0.0925925925925926,
-10.));
#8905=CARTESIAN_POINT('Ctrl Pts',(4.98498417651098,-0.277777777777778,-9.15499574281524));
#8906=CARTESIAN_POINT('Ctrl Pts',(8.75659229219491,-0.555555555555555,-5.65530575092713));
#8907=CARTESIAN_POINT('Ctrl Pts',(10.3947732385619,-0.833333333333333,-0.779082707514036));
#8908=CARTESIAN_POINT('Ctrl Pts',(9.50157668892658,-1.11111111111111,4.287304404043));
#8909=CARTESIAN_POINT('Ctrl Pts',(6.29403802476581,-1.38888888888889,8.3092861555848));
#8910=CARTESIAN_POINT('Ctrl Pts',(1.5536262352414,-1.66666666666667,10.3075845406566));
#8911=CARTESIAN_POINT('Ctrl Pts',(-3.56522285840327,-1.94444444444444,9.79535056326454));
#8912=CARTESIAN_POINT('Ctrl Pts',(-7.81571724327773,-2.22222222222222,6.89741628311684));
#8913=CARTESIAN_POINT('Ctrl Pts',(-10.1626501333542,-2.5,2.31955691528146));
#8914=CARTESIAN_POINT('Ctrl Pts',(-10.0343949945536,-2.77777777777778,-2.82324046699996));
#8915=CARTESIAN_POINT('Ctrl Pts',(-7.46219662776453,-3.05555555555555,-7.27842123386243));
#8916=CARTESIAN_POINT('Ctrl Pts',(-3.07252792588146,-3.33333333333334,-9.96089117152057));
#8917=CARTESIAN_POINT('Ctrl Pts',(2.06547541335143,-3.61111111111111,-10.2173185196053));
#8918=CARTESIAN_POINT('Ctrl Pts',(6.70041835483504,-3.88888888888889,-7.98524756440449));
#8919=CARTESIAN_POINT('Ctrl Pts',(9.70342834072331,-4.16666666666667,-3.80831501633785));
#8920=CARTESIAN_POINT('Ctrl Pts',(10.3431019262824,-4.44444444444444,1.29615884169448));
#8921=CARTESIAN_POINT('Ctrl Pts',(8.46364211756916,-4.72222222222222,6.08494428481277));
#8922=CARTESIAN_POINT('Ctrl Pts',(4.5228042864893,-5.,9.39169987340407));
#8923=CARTESIAN_POINT('Ctrl Pts',(-0.519593535955851,-5.27777777777778,
10.4110425703173));
#8924=CARTESIAN_POINT('Ctrl Pts',(-5.43544078190642,-5.55555555555555,8.89470453172885));
#8925=CARTESIAN_POINT('Ctrl Pts',(-9.02744918843666,-5.83333333333334,5.21200018969789));
#8926=CARTESIAN_POINT('Ctrl Pts',(-10.4207604535793,-6.1111111111111,0.259877593793216));
#8927=CARTESIAN_POINT('Ctrl Pts',(-9.27602414124562,-6.38888888888889,-4.75554019489441));
#8928=CARTESIAN_POINT('Ctrl Pts',(-5.87204848361942,-6.66666666666667,-8.61271312608407));
#8929=CARTESIAN_POINT('Ctrl Pts',(-1.03789536642168,-6.94444444444444,-10.3722016648984));
#8930=CARTESIAN_POINT('Ctrl Pts',(4.04904466724813,-7.22222222222223,-9.60546755363097));
#8931=CARTESIAN_POINT('Ctrl Pts',(8.14981133974812,-7.5,-6.49925973805541));
#8932=CARTESIAN_POINT('Ctrl Pts',(10.2656371932235,-7.77777777777778,-1.81010508716509));
#8933=CARTESIAN_POINT('Ctrl Pts',(9.88119354573926,-8.05555555555556,3.31989770911227));
#8934=CARTESIAN_POINT('Ctrl Pts',(7.09012398851297,-8.33333333333334,7.64134774559613));
#8935=CARTESIAN_POINT('Ctrl Pts',(2.5721929923194,-8.61111111111111,10.1016322583459));
#8936=CARTESIAN_POINT('Ctrl Pts',(-2.5721866091197,-8.88888888888888,10.101722361872));
#8937=CARTESIAN_POINT('Ctrl Pts',(-7.09014649505828,-9.16666666666667,7.64121084808437));
#8938=CARTESIAN_POINT('Ctrl Pts',(-9.88114207227563,-9.44444444444445,3.3201540710788));
#8939=CARTESIAN_POINT('Ctrl Pts',(-10.2657506900755,-9.72222222222221,-1.81062891290411));
#8940=CARTESIAN_POINT('Ctrl Pts',(-8.85469100516051,-9.90740740740741,-4.93532339336677));
#8941=CARTESIAN_POINT('Ctrl Pts',(-7.81831482468032,-10.,-6.2348980185873));
#8942=CARTESIAN_POINT('Ctrl Pts',(0.,-0.5,-9.13397459621556));
#8943=CARTESIAN_POINT('Ctrl Pts',(1.51826600473792,-0.592592592592593,-9.13397459621556));
#8944=CARTESIAN_POINT('Ctrl Pts',(4.55327188307879,-0.777777777777778,-8.3621498543336));
#8945=CARTESIAN_POINT('Ctrl Pts',(7.99824915463252,-1.05555555555556,-5.16554190628001));
#8946=CARTESIAN_POINT('Ctrl Pts',(9.49455946944455,-1.33333333333333,-0.711612165878408));
#8947=CARTESIAN_POINT('Ctrl Pts',(8.67871601006493,-1.61111111111111,3.91601295127719));
#8948=CARTESIAN_POINT('Ctrl Pts',(5.74895834258257,-1.88888888888889,7.58968086577972));
#8949=CARTESIAN_POINT('Ctrl Pts',(1.4190782564709,-2.16666666666667,9.41492153427019));
#8950=CARTESIAN_POINT('Ctrl Pts',(-3.25646550185025,-2.44444444444445,8.94704832058842));
#8951=CARTESIAN_POINT('Ctrl Pts',(-7.13885627513027,-2.72222222222222,6.30008251095127));
#8952=CARTESIAN_POINT('Ctrl Pts',(-9.28253881482843,-3.,2.1186773938657));
#8953=CARTESIAN_POINT('Ctrl Pts',(-9.16539089686449,-3.27777777777778,-2.57874067045854));
#8954=CARTESIAN_POINT('Ctrl Pts',(-6.81595144299666,-3.55555555555556,-6.64809146506554));
#8955=CARTESIAN_POINT('Ctrl Pts',(-2.80643920211642,-3.83333333333333,-9.09825269163368));
#8956=CARTESIAN_POINT('Ctrl Pts',(1.88659999546598,-4.11111111111111,-9.33247277995173));
#8957=CARTESIAN_POINT('Ctrl Pts',(6.12014510370797,-4.38888888888889,-7.29370483977628));
#8958=CARTESIAN_POINT('Ctrl Pts',(8.86308679603649,-4.66666666666667,-3.47850526136162));
#8959=CARTESIAN_POINT('Ctrl Pts',(9.44736302407314,-4.94444444444444,1.18390819326976));
#8960=CARTESIAN_POINT('Ctrl Pts',(7.73066920933367,-5.22222222222223,5.55797265168669));
#8961=CARTESIAN_POINT('Ctrl Pts',(4.13111794564481,-5.5,8.57835480589536));
#8962=CARTESIAN_POINT('Ctrl Pts',(-0.474595415777858,-5.77777777777778,
9.50941983573969));
#8963=CARTESIAN_POINT('Ctrl Pts',(-4.96471780211672,-6.05555555555556,8.12440052336547));
#8964=CARTESIAN_POINT('Ctrl Pts',(-8.24564915558073,-6.33333333333334,4.76062773281713));
#8965=CARTESIAN_POINT('Ctrl Pts',(-9.5182961256241,-6.61111111111111,0.237371533983284));
#8966=CARTESIAN_POINT('Ctrl Pts',(-8.47269688600198,-6.88888888888889,-4.34369833314476));
#8967=CARTESIAN_POINT('Ctrl Pts',(-5.36351416771258,-7.16666666666666,-7.86683028981442));
#8968=CARTESIAN_POINT('Ctrl Pts',(-0.948010991042551,-7.44444444444445,
-9.47394265140064));
#8969=CARTESIAN_POINT('Ctrl Pts',(3.69838711295865,-7.72222222222222,-8.77360966196381));
#8970=CARTESIAN_POINT('Ctrl Pts',(7.44401697412088,-8.,-5.93640733416047));
#8971=CARTESIAN_POINT('Ctrl Pts',(9.37660693368688,-8.27777777777778,-1.65334538826465));
#8972=CARTESIAN_POINT('Ctrl Pts',(9.02545708270716,-8.55555555555555,3.03238613370657));
#8973=CARTESIAN_POINT('Ctrl Pts',(6.47610123950959,-8.83333333333334,6.97958761891241));
#8974=CARTESIAN_POINT('Ctrl Pts',(2.34943454484091,-9.1111111111111,9.2268052428043));
#8975=CARTESIAN_POINT('Ctrl Pts',(-2.34942871444252,-9.38888888888889,9.22688754313614));
#8976=CARTESIAN_POINT('Ctrl Pts',(-6.47612179693092,-9.66666666666667,6.97946257707294));
#8977=CARTESIAN_POINT('Ctrl Pts',(-9.02541006697624,-9.94444444444445,3.03262029407554));
#8978=CARTESIAN_POINT('Ctrl Pts',(-9.3767106014232,-10.2222222222222,-1.65382384936396));
#8979=CARTESIAN_POINT('Ctrl Pts',(-8.08785226984745,-10.4074074074074,-4.50791184991205));
#8980=CARTESIAN_POINT('Ctrl Pts',(-7.14122889938456,-10.5,-5.69494001117712));
#8981=CARTESIAN_POINT('Ctrl Pts',(0.,-1.,-8.26794919243112));
#8982=CARTESIAN_POINT('Ctrl Pts',(1.37431367424313,-1.09259259259259,-8.26794919243112));
#8983=CARTESIAN_POINT('Ctrl Pts',(4.12155958964659,-1.27777777777778,-7.56930396585196));
#8984=CARTESIAN_POINT('Ctrl Pts',(7.23990601707014,-1.55555555555556,-4.67577806163291));
#8985=CARTESIAN_POINT('Ctrl Pts',(8.59434570032723,-1.83333333333333,-0.644141624242772));
#8986=CARTESIAN_POINT('Ctrl Pts',(7.85585533120328,-2.11111111111111,3.54472149851137));
#8987=CARTESIAN_POINT('Ctrl Pts',(5.20387866039933,-2.38888888888889,6.87007557597464));
#8988=CARTESIAN_POINT('Ctrl Pts',(1.2845302777004,-2.66666666666667,8.52225852788376));
#8989=CARTESIAN_POINT('Ctrl Pts',(-2.94770814529723,-2.94444444444445,8.09874607791228));
#8990=CARTESIAN_POINT('Ctrl Pts',(-6.46199530698281,-3.22222222222222,5.70274873878572));
#8991=CARTESIAN_POINT('Ctrl Pts',(-8.40242749630263,-3.5,1.91779787244993));
#8992=CARTESIAN_POINT('Ctrl Pts',(-8.29638679917541,-3.77777777777778,-2.33424087391712));
#8993=CARTESIAN_POINT('Ctrl Pts',(-6.1697062582288,-4.05555555555556,-6.01776169626865));
#8994=CARTESIAN_POINT('Ctrl Pts',(-2.54035047835137,-4.33333333333333,-8.23561421174679));
#8995=CARTESIAN_POINT('Ctrl Pts',(1.70772457758053,-4.61111111111111,-8.44762704029819));
#8996=CARTESIAN_POINT('Ctrl Pts',(5.53987185258091,-4.88888888888889,-6.60216211514807));
#8997=CARTESIAN_POINT('Ctrl Pts',(8.02274525134965,-5.16666666666667,-3.14869550638539));
#8998=CARTESIAN_POINT('Ctrl Pts',(8.55162412186392,-5.44444444444445,1.07165754484503));
#8999=CARTESIAN_POINT('Ctrl Pts',(6.99769630109819,-5.72222222222222,5.03100101856061));
#9000=CARTESIAN_POINT('Ctrl Pts',(3.73943160480032,-6.,7.76500973838666));
#9001=CARTESIAN_POINT('Ctrl Pts',(-0.429597295599859,-6.27777777777777,
8.60779710116209));
#9002=CARTESIAN_POINT('Ctrl Pts',(-4.49399482232704,-6.55555555555555,7.3540965150021));
#9003=CARTESIAN_POINT('Ctrl Pts',(-7.46384912272479,-6.83333333333334,4.30925527593636));
#9004=CARTESIAN_POINT('Ctrl Pts',(-8.61583179766892,-7.1111111111111,0.214865474173356));
#9005=CARTESIAN_POINT('Ctrl Pts',(-7.66936963075833,-7.3888888888889,-3.9318564713951));
#9006=CARTESIAN_POINT('Ctrl Pts',(-4.85497985180576,-7.66666666666666,-7.12094745354477));
#9007=CARTESIAN_POINT('Ctrl Pts',(-0.858126615663415,-7.94444444444445,
-8.57568363790292));
#9008=CARTESIAN_POINT('Ctrl Pts',(3.34772955866917,-8.22222222222222,-7.94175177029665));
#9009=CARTESIAN_POINT('Ctrl Pts',(6.73822260849364,-8.5,-5.37355493026553));
#9010=CARTESIAN_POINT('Ctrl Pts',(8.4875766741503,-8.77777777777778,-1.4965856893642));
#9011=CARTESIAN_POINT('Ctrl Pts',(8.16972061967505,-9.05555555555556,2.74487455830087));
#9012=CARTESIAN_POINT('Ctrl Pts',(5.86207849050623,-9.33333333333334,6.31782749222869));
#9013=CARTESIAN_POINT('Ctrl Pts',(2.12667609736242,-9.61111111111111,8.3519782272627));
#9014=CARTESIAN_POINT('Ctrl Pts',(-2.12667081976534,-9.88888888888889,8.35205272440029));
#9015=CARTESIAN_POINT('Ctrl Pts',(-5.86209709880356,-10.1666666666667,6.31771430606151));
#9016=CARTESIAN_POINT('Ctrl Pts',(-8.16967806167684,-10.4444444444445,2.74508651707228));
#9017=CARTESIAN_POINT('Ctrl Pts',(-8.48767051277091,-10.7222222222222,-1.4970187858238));
#9018=CARTESIAN_POINT('Ctrl Pts',(-7.3210135345344,-10.9074074074074,-4.08050030645733));
#9019=CARTESIAN_POINT('Ctrl Pts',(-6.4641429740888,-11.,-5.15498200376693));
#9020=CARTESIAN_POINT('Ctrl Pts',(0.,-1.5,-7.40192378864668));
#9021=CARTESIAN_POINT('Ctrl Pts',(1.23036134374836,-1.59259259259259,-7.40192378864668));
#9022=CARTESIAN_POINT('Ctrl Pts',(3.6898472962144,-1.77777777777778,-6.77645807737033));
#9023=CARTESIAN_POINT('Ctrl Pts',(6.48156287950776,-2.05555555555556,-4.18601421698579));
#9024=CARTESIAN_POINT('Ctrl Pts',(7.6941319312099,-2.33333333333333,-0.576671082607143));
#9025=CARTESIAN_POINT('Ctrl Pts',(7.03299465234164,-2.61111111111111,3.17343004574556));
#9026=CARTESIAN_POINT('Ctrl Pts',(4.65879897821609,-2.88888888888889,6.15047028616956));
#9027=CARTESIAN_POINT('Ctrl Pts',(1.14998229892989,-3.16666666666667,7.62959552149732));
#9028=CARTESIAN_POINT('Ctrl Pts',(-2.63895078874421,-3.44444444444445,7.25044383523615));
#9029=CARTESIAN_POINT('Ctrl Pts',(-5.78513433883536,-3.72222222222222,5.10541496662015));
#9030=CARTESIAN_POINT('Ctrl Pts',(-7.52231617777681,-4.00000000000001,1.71691835103417));
#9031=CARTESIAN_POINT('Ctrl Pts',(-7.42738270148633,-4.27777777777777,-2.0897410773757));
#9032=CARTESIAN_POINT('Ctrl Pts',(-5.52346107346093,-4.55555555555556,-5.38743192747175));
#9033=CARTESIAN_POINT('Ctrl Pts',(-2.27426175458633,-4.83333333333333,-7.3729757318599));
#9034=CARTESIAN_POINT('Ctrl Pts',(1.52884915969508,-5.11111111111112,-7.56278130064465));
#9035=CARTESIAN_POINT('Ctrl Pts',(4.95959860145384,-5.38888888888889,-5.91061939051986));
#9036=CARTESIAN_POINT('Ctrl Pts',(7.18240370666283,-5.66666666666667,-2.81888575140916));
#9037=CARTESIAN_POINT('Ctrl Pts',(7.65588521965469,-5.94444444444444,0.959406896420313));
#9038=CARTESIAN_POINT('Ctrl Pts',(6.26472339286271,-6.22222222222222,4.50402938543453));
#9039=CARTESIAN_POINT('Ctrl Pts',(3.34774526395583,-6.5,6.95166467087796));
#9040=CARTESIAN_POINT('Ctrl Pts',(-0.384599175421866,-6.77777777777778,
7.70617436658449));
#9041=CARTESIAN_POINT('Ctrl Pts',(-4.02327184253734,-7.05555555555555,6.58379250663872));
#9042=CARTESIAN_POINT('Ctrl Pts',(-6.68204908986886,-7.33333333333333,3.85788281905559));
#9043=CARTESIAN_POINT('Ctrl Pts',(-7.71336746971373,-7.61111111111111,0.192359414363425));
#9044=CARTESIAN_POINT('Ctrl Pts',(-6.86604237551469,-7.88888888888889,-3.52001460964544));
#9045=CARTESIAN_POINT('Ctrl Pts',(-4.34644553589893,-8.16666666666668,-6.37506461727513));
#9046=CARTESIAN_POINT('Ctrl Pts',(-0.76824224028428,-8.44444444444444,-7.67742462440519));
#9047=CARTESIAN_POINT('Ctrl Pts',(2.99707200437969,-8.72222222222223,-7.1098938786295));
#9048=CARTESIAN_POINT('Ctrl Pts',(6.03242824286641,-9.,-4.81070252637059));
#9049=CARTESIAN_POINT('Ctrl Pts',(7.5985464146137,-9.27777777777778,-1.33982599046377));
#9050=CARTESIAN_POINT('Ctrl Pts',(7.31398415664295,-9.55555555555555,2.45736298289518));
#9051=CARTESIAN_POINT('Ctrl Pts',(5.24805574150286,-9.83333333333334,5.65606736554497));
#9052=CARTESIAN_POINT('Ctrl Pts',(1.90391764988393,-10.1111111111111,7.47715121172111));
#9053=CARTESIAN_POINT('Ctrl Pts',(-1.90391292508816,-10.3888888888889,7.47721790566445));
#9054=CARTESIAN_POINT('Ctrl Pts',(-5.24807240067618,-10.6666666666667,5.65596603505008));
#9055=CARTESIAN_POINT('Ctrl Pts',(-7.31394605637746,-10.9444444444444,2.45755274006903));
#9056=CARTESIAN_POINT('Ctrl Pts',(-7.5986304241186,-11.2222222222222,-1.34021372228365));
#9057=CARTESIAN_POINT('Ctrl Pts',(-6.55417479922134,-11.4074074074074,-3.6530887630026));
#9058=CARTESIAN_POINT('Ctrl Pts',(-5.78705704879303,-11.5,-4.61502399635674));
#9059=CARTESIAN_POINT('',(3.21157437008126,-10.,6.66890289615697));
#9060=CARTESIAN_POINT('Ctrl Pts',(3.2112457205817,-10.,6.66846643671455));
#9061=CARTESIAN_POINT('Ctrl Pts',(3.04658958519408,-10.,6.77608258937409));
#9062=CARTESIAN_POINT('Ctrl Pts',(2.87794029800913,-10.,6.87696068465796));
#9063=CARTESIAN_POINT('Ctrl Pts',(2.70577467594162,-10.,6.9709240127834));
#9064=CARTESIAN_POINT('Ctrl Pts',(2.53098395653467,-10.,7.06632004785525));
#9065=CARTESIAN_POINT('Ctrl Pts',(2.35256846038608,-10.,7.15458941402582));
#9066=CARTESIAN_POINT('Ctrl Pts',(2.17097966564488,-10.,7.23552219496151));
#9067=CARTESIAN_POINT('Ctrl Pts',(2.07293301465918,-10.,7.27922086115407));
#9068=CARTESIAN_POINT('Ctrl Pts',(1.97396046553231,-10.,7.32078019267915));
#9069=CARTESIAN_POINT('Ctrl Pts',(1.87412811170434,-10.,7.36016327922253));
#9070=CARTESIAN_POINT('Ctrl Pts',(1.69043623825575,-10.,7.43262829353851));
#9071=CARTESIAN_POINT('Ctrl Pts',(1.5038351897161,-10.,7.49772807017485));
#9072=CARTESIAN_POINT('Ctrl Pts',(1.31478253546784,-10.,7.55548545507929));
#9073=CARTESIAN_POINT('Ctrl Pts',(1.18174348144091,-10.,7.59613015208877));
#9074=CARTESIAN_POINT('Ctrl Pts',(1.04748959552673,-9.99999999999999,7.63313794233523));
#9075=CARTESIAN_POINT('Ctrl Pts',(0.912172176269483,-9.99999999999999,7.66650370363184));
#9076=CARTESIAN_POINT('Ctrl Pts',(0.793769434419389,-9.99999999999999,7.69569874476638));
#9077=CARTESIAN_POINT('Ctrl Pts',(0.674552281007416,-10.,7.72210521039372));
#9078=CARTESIAN_POINT('Ctrl Pts',(0.554618956019504,-10.,7.74571250158491));
#9079=CARTESIAN_POINT('Ctrl Pts',(0.523847530154974,-10.,7.75176945040063));
#9080=CARTESIAN_POINT('Ctrl Pts',(0.493024855291947,-10.,7.75764278804307));
#9081=CARTESIAN_POINT('Ctrl Pts',(0.462180214344363,-10.,7.76332735886906));
#9082=CARTESIAN_POINT('Ctrl Pts',(0.259508676178564,-10.,7.8006790892741));
#9083=CARTESIAN_POINT('Ctrl Pts',(0.055675294476518,-10.,7.82992917243527));
#9084=CARTESIAN_POINT('Ctrl Pts',(-0.148790458783827,-10.,7.85116161799297));
#9085=CARTESIAN_POINT('Ctrl Pts',(-0.353583556800256,-10.,7.87242805618562));
#9086=CARTESIAN_POINT('Ctrl Pts',(-0.559011711175341,-10.,7.88565136583302));
#9087=CARTESIAN_POINT('Ctrl Pts',(-0.764575585369849,-10.,7.89087247352779));
#9088=CARTESIAN_POINT('Ctrl Pts',(-0.971522177215758,-10.,7.89612870080667));
#9089=CARTESIAN_POINT('Ctrl Pts',(-1.17860699229825,-10.,7.89327495866272));
#9090=CARTESIAN_POINT('Ctrl Pts',(-1.38534366011024,-10.,7.88230552498269));
#9091=CARTESIAN_POINT('Ctrl Pts',(-1.5883329674216,-10.,7.87153492599862));
#9092=CARTESIAN_POINT('Ctrl Pts',(-1.79098734742985,-10.,7.85294022468521));
#9093=CARTESIAN_POINT('Ctrl Pts',(-1.99285820121865,-10.,7.82646855102473));
#9094=CARTESIAN_POINT('Ctrl Pts',(-2.16515133363934,-10.,7.8038754550439));
#9095=CARTESIAN_POINT('Ctrl Pts',(-2.33687413536289,-10.,7.77554376450036));
#9096=CARTESIAN_POINT('Ctrl Pts',(-2.50779252227146,-10.,7.7415839498996));
#9097=CARTESIAN_POINT('Ctrl Pts',(-2.53684195980866,-10.,7.73581211030491));
#9098=CARTESIAN_POINT('Ctrl Pts',(-2.56587045140915,-10.,7.72987708797412));
#9099=CARTESIAN_POINT('Ctrl Pts',(-2.59485404536979,-10.,7.72378432591104));
#9100=CARTESIAN_POINT('Ctrl Pts',(-2.79887372257387,-10.,7.68089649940205));
#9101=CARTESIAN_POINT('Ctrl Pts',(-3.0009088147474,-10.,7.63015049151455));
#9102=CARTESIAN_POINT('Ctrl Pts',(-3.20055665036599,-10.,7.57187036510026));
#9103=CARTESIAN_POINT('Ctrl Pts',(-3.40335384980402,-10.,7.51267089327481));
#9104=CARTESIAN_POINT('Ctrl Pts',(-3.60368845844468,-10.,7.44569772866397));
#9105=CARTESIAN_POINT('Ctrl Pts',(-3.80115006150236,-10.,7.37123793607404));
#9106=CARTESIAN_POINT('Ctrl Pts',(-4.00151904172275,-10.,7.29568181540228));
#9107=CARTESIAN_POINT('Ctrl Pts',(-4.19893044688603,-10.,7.21241695449091));
#9108=CARTESIAN_POINT('Ctrl Pts',(-4.39295793042291,-10.,7.121689817578));
#9109=CARTESIAN_POINT('Ctrl Pts',(-4.58718457596327,-10.,7.03086955262968));
#9110=CARTESIAN_POINT('Ctrl Pts',(-4.7780210450109,-10.,6.93257152904346));
#9111=CARTESIAN_POINT('Ctrl Pts',(-4.96503191390747,-10.,6.82699133914796));
#9112=CARTESIAN_POINT('Ctrl Pts',(-5.11280732644126,-10.,6.74356219832176));
#9113=CARTESIAN_POINT('Ctrl Pts',(-5.25819396641395,-10.,6.65558495230298));
#9114=CARTESIAN_POINT('Ctrl Pts',(-5.40096918948185,-10.,6.56313432416569));
#9115=CARTESIAN_POINT('Ctrl Pts',(-5.42777099691622,-10.,6.54577946469301));
#9116=CARTESIAN_POINT('Ctrl Pts',(-5.4544807551078,-10.,6.52826691509001));
#9117=CARTESIAN_POINT('Ctrl Pts',(-5.48109695322802,-10.,6.51059709667514));
#9118=CARTESIAN_POINT('Ctrl Pts',(-5.50137701592143,-10.,6.49713367775947));
#9119=CARTESIAN_POINT('Ctrl Pts',(-5.52160125338365,-10.,6.4835799143264));
#9120=CARTESIAN_POINT('Ctrl Pts',(-5.54175930698182,-10.,6.46994271666122));
#9121=CARTESIAN_POINT('Ctrl Pts',(-5.63607863528569,-10.,6.40613440712068));
#9122=CARTESIAN_POINT('Ctrl Pts',(-5.72900816048205,-10.,6.34046065169747));
#9123=CARTESIAN_POINT('Ctrl Pts',(-5.82048891791416,-10.,6.27296394871894));
#9124=CARTESIAN_POINT('Ctrl Pts',(-5.99437002227817,-10.,6.14467028801609));
#9125=CARTESIAN_POINT('Ctrl Pts',(-6.16301793102302,-10.,6.00979394135159));
#9126=CARTESIAN_POINT('Ctrl Pts',(-6.32622916633012,-10.,5.86880869048748));
#9127=CARTESIAN_POINT('Ctrl Pts',(-6.49179919855224,-10.,5.7257858619151));
#9128=CARTESIAN_POINT('Ctrl Pts',(-6.65177476688078,-10.,5.57647599176133));
#9129=CARTESIAN_POINT('Ctrl Pts',(-6.80592760889005,-10.,5.42132185541389));
#9130=CARTESIAN_POINT('Ctrl Pts',(-6.96159035101832,-10.,5.26464801144456));
#9131=CARTESIAN_POINT('Ctrl Pts',(-7.11131626885707,-10.,5.10201449152416));
#9132=CARTESIAN_POINT('Ctrl Pts',(-7.25484658638653,-10.,4.93382969068448));
#9133=CARTESIAN_POINT('Ctrl Pts',(-7.38696990991788,-10.,4.77901128550791));
#9134=CARTESIAN_POINT('Ctrl Pts',(-7.51384332907453,-10.,4.61948812125115));
#9135=CARTESIAN_POINT('Ctrl Pts',(-7.63524165111604,-10.,4.45554790903257));
#9136=CARTESIAN_POINT('Ctrl Pts',(-7.68076602188161,-10.,4.3940703294506));
#9137=CARTESIAN_POINT('Ctrl Pts',(-7.72552020455527,-10.,4.33197132912125));
#9138=CARTESIAN_POINT('Ctrl Pts',(-7.76949135797028,-10.,4.2692651466657));
#9139=CARTESIAN_POINT('Ctrl Pts',(-7.79170097354923,-10.,4.23759255910321));
#9140=CARTESIAN_POINT('Ctrl Pts',(-7.81371081296301,-10.,4.20576505899235));
#9141=CARTESIAN_POINT('Ctrl Pts',(-7.83551916535822,-10.,4.173784436248));
#9142=CARTESIAN_POINT('Ctrl Pts',(-7.85418327016904,-10.,4.14641466140215));
#9143=CARTESIAN_POINT('Ctrl Pts',(-7.87270183829031,-10.,4.11892956182487));
#9144=CARTESIAN_POINT('Ctrl Pts',(-7.89105878928799,-10.,4.09135307681245));
#9145=CARTESIAN_POINT('Ctrl Pts',(-8.01978716898987,-10.,3.89797258383344));
#9146=CARTESIAN_POINT('Ctrl Pts',(-8.14071559269567,-10.,3.69989265729555));
#9147=CARTESIAN_POINT('Ctrl Pts',(-8.25360089707019,-10.,3.49762278294022));
#9148=CARTESIAN_POINT('Ctrl Pts',(-8.36648620144472,-10.,3.2953529085849));
#9149=CARTESIAN_POINT('Ctrl Pts',(-8.47132892260941,-10.,3.08889255707035));
#9150=CARTESIAN_POINT('Ctrl Pts',(-8.56785668867323,-10.,2.8787037189003));
#9151=CARTESIAN_POINT('Ctrl Pts',(-8.66225300202614,-10.,2.67315611078446));
#9152=CARTESIAN_POINT('Ctrl Pts',(-8.7486982043834,-10.,2.46404233356206));
#9153=CARTESIAN_POINT('Ctrl Pts',(-8.82719670307174,-10.,2.25185962037442));
#9154=CARTESIAN_POINT('Ctrl Pts',(-8.9063616077523,-10.,2.03787560099779));
#9155=CARTESIAN_POINT('Ctrl Pts',(-8.97744458385286,-10.,1.82076975318525));
#9156=CARTESIAN_POINT('Ctrl Pts',(-9.04040619281472,-10.,1.60102193108094));
#9157=CARTESIAN_POINT('Ctrl Pts',(-9.07812924743127,-10.,1.4693613964823));
#9158=CARTESIAN_POINT('Ctrl Pts',(-9.11293608778786,-10.,1.33675192460508));
#9159=CARTESIAN_POINT('Ctrl Pts',(-9.14481014769318,-10.,1.20329291810688));
#9160=CARTESIAN_POINT('Ctrl Pts',(-9.15875504890175,-10.,1.14490460276391));
#9161=CARTESIAN_POINT('Ctrl Pts',(-9.17213851727247,-10.,1.0863536506781));
#9162=CARTESIAN_POINT('Ctrl Pts',(-9.18495878485353,-10.,1.02764825986467));
#9163=CARTESIAN_POINT('Ctrl Pts',(-9.19192831659035,-10.,0.995734020804545));
#9164=CARTESIAN_POINT('Ctrl Pts',(-9.19873139713715,-10.,0.963774138083474));
#9165=CARTESIAN_POINT('Ctrl Pts',(-9.20536771305369,-10.,0.931769921168319));
#9166=CARTESIAN_POINT('Ctrl Pts',(-9.21027544335914,-10.,0.908101960324937));
#9167=CARTESIAN_POINT('Ctrl Pts',(-9.21509127962364,-10.,0.884412971522665));
#9168=CARTESIAN_POINT('Ctrl Pts',(-9.21981354803594,-10.,0.860711946877684));
#9169=CARTESIAN_POINT('Ctrl Pts',(-9.26549859922972,-10.,0.631419066907191));
#9170=CARTESIAN_POINT('Ctrl Pts',(-9.30247777584865,-10.,0.400771700211893));
#9171=CARTESIAN_POINT('Ctrl Pts',(-9.33079237694196,-10.,0.169310482557223));
#9172=CARTESIAN_POINT('Ctrl Pts',(-9.35937801786225,-10.,-0.0643663837720236));
#9173=CARTESIAN_POINT('Ctrl Pts',(-9.37913266643496,-10.,-0.298873348194963));
#9174=CARTESIAN_POINT('Ctrl Pts',(-9.39005492370193,-10.,-0.533684813276986));
#9175=CARTESIAN_POINT('Ctrl Pts',(-9.40103038372226,-10.,-0.769640054426262));
#9176=CARTESIAN_POINT('Ctrl Pts',(-9.40308743558829,-10.,-1.00590342024729));
#9177=CARTESIAN_POINT('Ctrl Pts',(-9.39617683550938,-10.,-1.24196304193048));
#9178=CARTESIAN_POINT('Ctrl Pts',(-9.39216172689495,-10.,-1.37911538900832));
#9179=CARTESIAN_POINT('Ctrl Pts',(-9.38511850478551,-10.,-1.51619930755476));
#9180=CARTESIAN_POINT('Ctrl Pts',(-9.37502966416232,-10.,-1.65311636341434));
#9181=CARTESIAN_POINT('Ctrl Pts',(-9.36008433792691,-10.,-1.85594145932388));
#9182=CARTESIAN_POINT('Ctrl Pts',(-9.33845688521009,-9.99999999999999,-2.05840046111441));
#9183=CARTESIAN_POINT('Ctrl Pts',(-9.31026887361449,-9.99999999999999,-2.26021546999885));
#9184=CARTESIAN_POINT('Ctrl Pts',(-9.29793661854141,-9.99999999999999,-2.34850953638579));
#9185=CARTESIAN_POINT('Ctrl Pts',(-9.28434825192419,-10.,-2.43668034751524));
#9186=CARTESIAN_POINT('Ctrl Pts',(-9.2695121989638,-10.,-2.52470457322186));
#9187=CARTESIAN_POINT('Ctrl Pts',(-9.25987598723168,-10.,-2.58187746676238));
#9188=CARTESIAN_POINT('Ctrl Pts',(-9.24971339577595,-10.,-2.63898851922651));
#9189=CARTESIAN_POINT('Ctrl Pts',(-9.23902649521516,-10.,-2.69603130853818));
#9190=CARTESIAN_POINT('Ctrl Pts',(-9.23472875416357,-10.,-2.71897108756271));
#9191=CARTESIAN_POINT('Ctrl Pts',(-9.23034643370385,-10.,-2.74189854127296));
#9192=CARTESIAN_POINT('Ctrl Pts',(-9.22588162949542,-10.,-2.76480366952526));
#9193=CARTESIAN_POINT('Ctrl Pts',(-9.18041201593687,-10.,-2.99806973932833));
#9194=CARTESIAN_POINT('Ctrl Pts',(-9.12634136286378,-10.,-3.22929119224519));
#9195=CARTESIAN_POINT('Ctrl Pts',(-9.06397354808096,-10.,-3.45802980220451));
#9196=CARTESIAN_POINT('Ctrl Pts',(-9.00070073947234,-10.,-3.69008754448318));
#9197=CARTESIAN_POINT('Ctrl Pts',(-8.92888822316937,-10.,-3.91959043691355));
#9198=CARTESIAN_POINT('Ctrl Pts',(-8.84880079649652,-10.,-4.14609120376221));
#9199=CARTESIAN_POINT('Ctrl Pts',(-8.76774357547421,-10.,-4.37533471279857));
#9200=CARTESIAN_POINT('Ctrl Pts',(-8.678209792907,-10.,-4.60150358824434));
#9201=CARTESIAN_POINT('Ctrl Pts',(-8.58042090943834,-10.,-4.82413537528915));
#9202=CARTESIAN_POINT('Ctrl Pts',(-8.482606915974,-10.,-5.04682432919193));
#9203=CARTESIAN_POINT('Ctrl Pts',(-8.37653344346982,-10.,-5.26597504399789));
#9204=CARTESIAN_POINT('Ctrl Pts',(-8.26237078730336,-10.,-5.48111612957942));
#9205=CARTESIAN_POINT('Ctrl Pts',(-8.14924057542755,-10.,-5.69431155978687));
#9206=CARTESIAN_POINT('Ctrl Pts',(-8.02816662157549,-10.,-5.90357019091559));
#9207=CARTESIAN_POINT('Ctrl Pts',(-7.89926693475559,-10.,-6.10841522215336));
#9208=CARTESIAN_POINT('Ctrl Pts',(-7.87261729613015,-10.,-6.15076634178277));
#9209=CARTESIAN_POINT('Ctrl Pts',(-7.84563299350539,-10.,-6.19292872393203));
#9210=CARTESIAN_POINT('Ctrl Pts',(-7.81831482468032,-10.,-6.2348980185873));
#9211=CARTESIAN_POINT('',(0.,-1.5,-7.40192378864668));
#9212=CARTESIAN_POINT('Ctrl Pts',(0.,-1.5,-7.40192378864668));
#9213=CARTESIAN_POINT('Ctrl Pts',(1.23036134374836,-1.59259259259259,-7.40192378864668));
#9214=CARTESIAN_POINT('Ctrl Pts',(3.6898472962144,-1.77777777777778,-6.77645807737033));
#9215=CARTESIAN_POINT('Ctrl Pts',(6.48156287950776,-2.05555555555556,-4.18601421698579));
#9216=CARTESIAN_POINT('Ctrl Pts',(7.6941319312099,-2.33333333333333,-0.576671082607143));
#9217=CARTESIAN_POINT('Ctrl Pts',(7.03299465234164,-2.61111111111111,3.17343004574556));
#9218=CARTESIAN_POINT('Ctrl Pts',(4.65879897821609,-2.88888888888889,6.15047028616956));
#9219=CARTESIAN_POINT('Ctrl Pts',(1.14998229892989,-3.16666666666667,7.62959552149732));
#9220=CARTESIAN_POINT('Ctrl Pts',(-2.63895078874421,-3.44444444444445,7.25044383523615));
#9221=CARTESIAN_POINT('Ctrl Pts',(-5.78513433883536,-3.72222222222222,5.10541496662015));
#9222=CARTESIAN_POINT('Ctrl Pts',(-7.52231617777681,-4.00000000000001,1.71691835103417));
#9223=CARTESIAN_POINT('Ctrl Pts',(-7.42738270148633,-4.27777777777777,-2.0897410773757));
#9224=CARTESIAN_POINT('Ctrl Pts',(-5.52346107346093,-4.55555555555556,-5.38743192747175));
#9225=CARTESIAN_POINT('Ctrl Pts',(-2.27426175458633,-4.83333333333333,-7.3729757318599));
#9226=CARTESIAN_POINT('Ctrl Pts',(1.52884915969508,-5.11111111111112,-7.56278130064465));
#9227=CARTESIAN_POINT('Ctrl Pts',(4.95959860145384,-5.38888888888889,-5.91061939051986));
#9228=CARTESIAN_POINT('Ctrl Pts',(7.18240370666283,-5.66666666666667,-2.81888575140916));
#9229=CARTESIAN_POINT('Ctrl Pts',(7.65588521965469,-5.94444444444444,0.959406896420313));
#9230=CARTESIAN_POINT('Ctrl Pts',(6.26472339286271,-6.22222222222222,4.50402938543453));
#9231=CARTESIAN_POINT('Ctrl Pts',(3.34774526395583,-6.5,6.95166467087796));
#9232=CARTESIAN_POINT('Ctrl Pts',(-0.384599175421866,-6.77777777777778,
7.70617436658449));
#9233=CARTESIAN_POINT('Ctrl Pts',(-4.02327184253734,-7.05555555555555,6.58379250663872));
#9234=CARTESIAN_POINT('Ctrl Pts',(-6.68204908986886,-7.33333333333333,3.85788281905559));
#9235=CARTESIAN_POINT('Ctrl Pts',(-7.71336746971373,-7.61111111111111,0.192359414363425));
#9236=CARTESIAN_POINT('Ctrl Pts',(-6.86604237551469,-7.88888888888889,-3.52001460964544));
#9237=CARTESIAN_POINT('Ctrl Pts',(-4.34644553589893,-8.16666666666668,-6.37506461727513));
#9238=CARTESIAN_POINT('Ctrl Pts',(-0.76824224028428,-8.44444444444444,-7.67742462440519));
#9239=CARTESIAN_POINT('Ctrl Pts',(2.99707200437969,-8.72222222222223,-7.1098938786295));
#9240=CARTESIAN_POINT('Ctrl Pts',(6.03242824286641,-9.,-4.81070252637059));
#9241=CARTESIAN_POINT('Ctrl Pts',(7.5985464146137,-9.27777777777778,-1.33982599046377));
#9242=CARTESIAN_POINT('Ctrl Pts',(7.31398415664295,-9.55555555555555,2.45736298289518));
#9243=CARTESIAN_POINT('Ctrl Pts',(5.52351286352154,-9.7962962962963,5.22957344785832));
#9244=CARTESIAN_POINT('Ctrl Pts',(3.87631491348253,-9.94444444444445,6.34776435637612));
#9245=CARTESIAN_POINT('Ctrl Pts',(3.2112457205817,-10.,6.66846643671455));
#9246=CARTESIAN_POINT('',(0.,0.,-10.));
#9247=CARTESIAN_POINT('Ctrl Pts',(-9.99918303173479,-2.625,7.60102425756415E-5));
#9248=CARTESIAN_POINT('Ctrl Pts',(-9.99938286192482,-2.58333333333333,0.748235409035372));
#9249=CARTESIAN_POINT('Ctrl Pts',(-9.91651962655373,-2.54166666666667,1.49635132328169));
#9250=CARTESIAN_POINT('Ctrl Pts',(-9.75011879520805,-2.5,2.22540057954045));
#9251=CARTESIAN_POINT('Ctrl Pts',(-9.38033916999541,-2.40740740740741,3.84551003789325));
#9252=CARTESIAN_POINT('Ctrl Pts',(-8.59802820663657,-2.31481481481481,5.37146316050504));
#9253=CARTESIAN_POINT('Ctrl Pts',(-7.49845699414474,-2.22222222222222,6.61742876850222));
#9254=CARTESIAN_POINT('Ctrl Pts',(-6.39888578165291,-2.12962962962963,7.86339437649941));
#9255=CARTESIAN_POINT('Ctrl Pts',(-4.98205432002809,-2.03703703703704,8.82937246988197));
#9256=CARTESIAN_POINT('Ctrl Pts',(-3.42049707360824,-1.94444444444444,9.3977338461386));
#9257=CARTESIAN_POINT('Ctrl Pts',(-1.85893982718838,-1.85185185185185,9.96609522239524));
#9258=CARTESIAN_POINT('Ctrl Pts',(-0.152656795973487,-1.75925925925926,
10.1368398815259));
#9259=CARTESIAN_POINT('Ctrl Pts',(1.49055335122136,-1.66666666666667,9.88916248024598));
#9260=CARTESIAN_POINT('Ctrl Pts',(3.13376349841621,-1.57407407407407,9.64148507896602));
#9261=CARTESIAN_POINT('Ctrl Pts',(4.71390076159101,-1.48148148148148,8.97538561727541));
#9262=CARTESIAN_POINT('Ctrl Pts',(6.03855917053854,-1.38888888888889,7.97200559450647));
#9263=CARTESIAN_POINT('Ctrl Pts',(7.36321757948607,-1.2962962962963,6.96862557173753));
#9264=CARTESIAN_POINT('Ctrl Pts',(8.43239713420632,-1.2037037037037,5.62796498789027));
#9265=CARTESIAN_POINT('Ctrl Pts',(9.11585300317233,-1.11111111111111,4.11323684404046));
#9266=CARTESIAN_POINT('Ctrl Pts',(9.79930887213834,-1.01851851851852,2.59850870019065));
#9267=CARTESIAN_POINT('Ctrl Pts',(10.0970410553501,-0.925925925925925,0.909712996338309));
#9268=CARTESIAN_POINT('Ctrl Pts',(9.97287698922816,-0.833333333333333,-0.747388696156713));
#9269=CARTESIAN_POINT('Ctrl Pts',(9.84871292310622,-0.74074074074074,-2.40449038865174));
#9270=CARTESIAN_POINT('Ctrl Pts',(9.30265260765056,-0.648148148148148,-4.02989806978943));
#9271=CARTESIAN_POINT('Ctrl Pts',(8.40102109730875,-0.555555555555555,-5.42588357567297));
#9272=CARTESIAN_POINT('Ctrl Pts',(7.49938958696693,-0.462962962962963,-6.8218690815565));
#9273=CARTESIAN_POINT('Ctrl Pts',(6.24218688173895,-0.37037037037037,-7.98843241218587));
#9274=CARTESIAN_POINT('Ctrl Pts',(4.7828940688054,-0.277777777777778,-8.78296514179674));
#9275=CARTESIAN_POINT('Ctrl Pts',(3.32360125587184,-0.185185185185185,-9.57749787140762));
#9276=CARTESIAN_POINT('Ctrl Pts',(1.66221833523269,-0.0925925925925926,
-10.));
#9277=CARTESIAN_POINT('Ctrl Pts',(0.,0.,-10.));
#9278=CARTESIAN_POINT('Ctrl Pts',(0.,-1.5,-7.40192378864668));
#9279=CARTESIAN_POINT('Ctrl Pts',(1.17653303495937,-1.58854166666667,-7.40192378864668));
#9280=CARTESIAN_POINT('Ctrl Pts',(3.52861345951683,-1.765625,-6.83089881047975));
#9281=CARTESIAN_POINT('Ctrl Pts',(6.27040704919747,-2.03125,-4.44891417771242));
#9282=CARTESIAN_POINT('Ctrl Pts',(7.61280690881272,-2.296875,-1.0748091091327));
#9283=CARTESIAN_POINT('Ctrl Pts',(7.25692212237742,-2.5625,2.53932484472842));
#9284=CARTESIAN_POINT('Ctrl Pts',(5.28185761405583,-2.828125,5.58680181222104));
#9285=CARTESIAN_POINT('Ctrl Pts',(2.12841197788402,-3.09375,7.38786897001298));
#9286=CARTESIAN_POINT('Ctrl Pts',(-1.4999241051065,-3.359375,7.54061148866714));
#9287=CARTESIAN_POINT('Ctrl Pts',(-4.79360271615299,-3.625,6.01099075891936));
#9288=CARTESIAN_POINT('Ctrl Pts',(-7.01779224881585,-3.890625,3.14025918127567));
#9289=CARTESIAN_POINT('Ctrl Pts',(-7.67624837947451,-4.15625,-0.431088528380161));
#9290=CARTESIAN_POINT('Ctrl Pts',(-6.62206781695492,-4.421875,-3.90625813872467));
#9291=CARTESIAN_POINT('Ctrl Pts',(-4.09044548233752,-4.68749999999999,-6.50990672532454));
#9292=CARTESIAN_POINT('Ctrl Pts',(-0.646209374160344,-4.95312500000001,
-7.66113866263425));
#9293=CARTESIAN_POINT('Ctrl Pts',(2.94220184011935,-5.21874999999999,-7.1031035241045));
#9294=CARTESIAN_POINT('Ctrl Pts',(5.874182067379,-5.484375,-4.96030407311601));
#9295=CARTESIAN_POINT('Ctrl Pts',(7.49558104551283,-5.75,-1.71081746040083));
#9296=CARTESIAN_POINT('Ctrl Pts',(7.44465044550279,-6.015625,1.92036746555534));
#9297=CARTESIAN_POINT('Ctrl Pts',(5.73275337741033,-6.28125,5.12310160507653));
#9298=CARTESIAN_POINT('Ctrl Pts',(2.7418289605767,-6.546875,7.18282716723053));
#9299=CARTESIAN_POINT('Ctrl Pts',(-0.860821364147815,-6.8125,7.64000107299912));
#9300=CARTESIAN_POINT('Ctrl Pts',(-4.27141505702664,-7.078125,6.39262451809185));
#9301=CARTESIAN_POINT('Ctrl Pts',(-6.72901850960865,-7.34375,3.71899669266192));
#9302=CARTESIAN_POINT('Ctrl Pts',(-7.68531973296012,-7.609375,0.215630181792366));
#9303=CARTESIAN_POINT('Ctrl Pts',(-6.92695795862736,-7.875,-3.3358492687069));
#9304=CARTESIAN_POINT('Ctrl Pts',(-4.6231336308531,-8.140625,-6.14306351712021));
#9305=CARTESIAN_POINT('Ctrl Pts',(-1.28784328267574,-8.40625,-7.57972328947092));
#9306=CARTESIAN_POINT('Ctrl Pts',(2.33476681496239,-8.671875,-7.32524663502507));
#9307=CARTESIAN_POINT('Ctrl Pts',(5.43648915058951,-8.9375,-5.43651313553353));
#9308=CARTESIAN_POINT('Ctrl Pts',(7.3252442173008,-9.203125,-2.33470358050918));
#9309=CARTESIAN_POINT('Ctrl Pts',(7.57975305884179,-9.46875,1.28770551379364));
#9310=CARTESIAN_POINT('Ctrl Pts',(6.14298679131078,-9.734375,4.62341916631818));
#9311=CARTESIAN_POINT('Ctrl Pts',(4.2715940066384,-9.91145833333333,6.15842434375346));
#9312=CARTESIAN_POINT('Ctrl Pts',(3.21157437008126,-10.,6.66890289615697));
#9313=CARTESIAN_POINT('Ctrl Pts',(0.,-2.,-8.26794919243112));
#9314=CARTESIAN_POINT('Ctrl Pts',(1.314187450995,-2.08854166666667,-8.26794919243112));
#9315=CARTESIAN_POINT('Ctrl Pts',(3.94146138707378,-2.265625,-7.63011426709254));
#9316=CARTESIAN_POINT('Ctrl Pts',(7.00404494547023,-2.53125,-4.96943732914845));
#9317=CARTESIAN_POINT('Ctrl Pts',(8.5035056467881,-2.796875,-1.20056182144184));
#9318=CARTESIAN_POINT('Ctrl Pts',(8.1059823249296,-3.0625,2.83642596151766));
#9319=CARTESIAN_POINT('Ctrl Pts',(5.89983518361155,-3.328125,6.24045786616657));
#9320=CARTESIAN_POINT('Ctrl Pts',(2.37743627145941,-3.59375,8.25224995940869));
#9321=CARTESIAN_POINT('Ctrl Pts',(-1.6754152903526,-3.859375,8.42286335935932));
#9322=CARTESIAN_POINT('Ctrl Pts',(-5.35445444151202,-4.125,6.71427693799652));
#9323=CARTESIAN_POINT('Ctrl Pts',(-7.83887424580669,-4.390625,3.50766964146217));
#9324=CARTESIAN_POINT('Ctrl Pts',(-8.57436977226441,-4.65625,-0.481525904867324));
#9325=CARTESIAN_POINT('Ctrl Pts',(-7.39685003828267,-4.921875,-4.36329051010144));
#9326=CARTESIAN_POINT('Ctrl Pts',(-4.56902778089253,-5.1875,-7.2715660940748));
#9327=CARTESIAN_POINT('Ctrl Pts',(-0.721815898918799,-5.453125,-8.55749221789957));
#9328=CARTESIAN_POINT('Ctrl Pts',(3.28643958281442,-5.71875,-7.9341669439982));
#9329=CARTESIAN_POINT('Ctrl Pts',(6.56146162362195,-5.98437499999999,-5.5406598644581));
#9330=CARTESIAN_POINT('Ctrl Pts',(8.37256435240609,-6.25,-1.91098317734831));
#9331=CARTESIAN_POINT('Ctrl Pts',(8.31567486998951,-6.51562499999999,2.14505054217968));
#9332=CARTESIAN_POINT('Ctrl Pts',(6.4034857708029,-6.78125000000001,5.72250471470735));
#9333=CARTESIAN_POINT('Ctrl Pts',(3.06262306768888,-7.04687499999999,8.02321825682211));
#9334=CARTESIAN_POINT('Ctrl Pts',(-0.961537501027777,-7.31250000000001,
8.53388152936185));
#9335=CARTESIAN_POINT('Ctrl Pts',(-4.77117080365649,-7.578125,7.14056186351742));
#9336=CARTESIAN_POINT('Ctrl Pts',(-7.51631396660798,-7.84375000000001,4.15411946674069));
#9337=CARTESIAN_POINT('Ctrl Pts',(-8.58450247450063,-8.10937499999999,0.240858922399135));
#9338=CARTESIAN_POINT('Ctrl Pts',(-7.73741233973291,-8.37500000000001,-3.72614377759216));
#9339=CARTESIAN_POINT('Ctrl Pts',(-5.16404046585052,-8.64062499999999,-6.86180221462579));
#9340=CARTESIAN_POINT('Ctrl Pts',(-1.43852100251407,-8.90625,-8.46655124255074));
#9341=CARTESIAN_POINT('Ctrl Pts',(2.60793463341138,-9.17187499999999,-8.18230080851556));
#9342=CARTESIAN_POINT('Ctrl Pts',(6.07255861661542,-9.43750000000001,-6.07258540779893));
#9343=CARTESIAN_POINT('Ctrl Pts',(8.18229810791745,-9.70312499999999,-2.60786400052441));
#9344=CARTESIAN_POINT('Ctrl Pts',(8.46658449493929,-9.96875,1.43836711466679));
#9345=CARTESIAN_POINT('Ctrl Pts',(6.86171651189334,-10.234375,5.16435940897737));
#9346=CARTESIAN_POINT('Ctrl Pts',(4.77137069038058,-10.4114583333333,6.87896025864028));
#9347=CARTESIAN_POINT('Ctrl Pts',(3.58732871044605,-10.5,7.44916482377937));
#9348=CARTESIAN_POINT('Ctrl Pts',(0.,-2.5,-9.13397459621556));
#9349=CARTESIAN_POINT('Ctrl Pts',(1.45184186703063,-2.58854166666667,-9.13397459621556));
#9350=CARTESIAN_POINT('Ctrl Pts',(4.35430931463074,-2.765625,-8.42932972370533));
#9351=CARTESIAN_POINT('Ctrl Pts',(7.73768284174298,-3.03125,-5.48996048058449));
#9352=CARTESIAN_POINT('Ctrl Pts',(9.39420438476347,-3.296875,-1.32631453375097));
#9353=CARTESIAN_POINT('Ctrl Pts',(8.95504252748178,-3.5625,3.1335270783069));
#9354=CARTESIAN_POINT('Ctrl Pts',(6.51781275316728,-3.828125,6.8941139201121));
#9355=CARTESIAN_POINT('Ctrl Pts',(2.62646056503481,-4.09375,9.11663094880439));
#9356=CARTESIAN_POINT('Ctrl Pts',(-1.85090647559869,-4.359375,9.3051152300515));
#9357=CARTESIAN_POINT('Ctrl Pts',(-5.91530616687106,-4.625,7.41756311707369));
#9358=CARTESIAN_POINT('Ctrl Pts',(-8.65995624279754,-4.890625,3.87508010164865));
#9359=CARTESIAN_POINT('Ctrl Pts',(-9.47249116505432,-5.15625,-0.531963281354483));
#9360=CARTESIAN_POINT('Ctrl Pts',(-8.1716322596104,-5.421875,-4.82032288147821));
#9361=CARTESIAN_POINT('Ctrl Pts',(-5.04761007944755,-5.6875,-8.03322546282507));
#9362=CARTESIAN_POINT('Ctrl Pts',(-0.79742242367725,-5.953125,-9.45384577316489));
#9363=CARTESIAN_POINT('Ctrl Pts',(3.63067732550949,-6.21875,-8.7652303638919));
#9364=CARTESIAN_POINT('Ctrl Pts',(7.2487411798649,-6.484375,-6.12101565580019));
#9365=CARTESIAN_POINT('Ctrl Pts',(9.24954765929934,-6.75,-2.11114889429579));
#9366=CARTESIAN_POINT('Ctrl Pts',(9.18669929447623,-7.01562499999999,2.36973361880402));
#9367=CARTESIAN_POINT('Ctrl Pts',(7.07421816419547,-7.28125000000001,6.32190782433817));
#9368=CARTESIAN_POINT('Ctrl Pts',(3.38341717480106,-7.54687499999999,8.8636093464137));
#9369=CARTESIAN_POINT('Ctrl Pts',(-1.06225363790774,-7.81250000000001,9.42776198572458));
#9370=CARTESIAN_POINT('Ctrl Pts',(-5.27092655028635,-8.07812499999999,7.888499208943));
#9371=CARTESIAN_POINT('Ctrl Pts',(-8.3036094236073,-8.34375,4.58924224081945));
#9372=CARTESIAN_POINT('Ctrl Pts',(-9.48368521604115,-8.609375,0.266087663005906));
#9373=CARTESIAN_POINT('Ctrl Pts',(-8.54786672083846,-8.87500000000001,-4.11643828647741));
#9374=CARTESIAN_POINT('Ctrl Pts',(-5.70494730084793,-9.140625,-7.58054091213137));
#9375=CARTESIAN_POINT('Ctrl Pts',(-1.58919872235239,-9.40625,-9.35337919563055));
#9376=CARTESIAN_POINT('Ctrl Pts',(2.88110245186038,-9.671875,-9.03935498200605));
#9377=CARTESIAN_POINT('Ctrl Pts',(6.70862808264133,-9.9375,-6.70865768006433));
#9378=CARTESIAN_POINT('Ctrl Pts',(9.03935199853409,-10.203125,-2.88102442053964));
#9379=CARTESIAN_POINT('Ctrl Pts',(9.35341593103678,-10.46875,1.58902871553995));
#9380=CARTESIAN_POINT('Ctrl Pts',(7.5804462324759,-10.734375,5.70529965163657));
#9381=CARTESIAN_POINT('Ctrl Pts',(5.27114737412276,-10.9114583333333,7.59949617352709));
#9382=CARTESIAN_POINT('Ctrl Pts',(3.96308305081084,-11.,8.22942675140177));
#9383=CARTESIAN_POINT('Ctrl Pts',(0.,-3.,-10.));
#9384=CARTESIAN_POINT('Ctrl Pts',(1.58949628306626,-3.08854166666667,-10.));
#9385=CARTESIAN_POINT('Ctrl Pts',(4.76715724218768,-3.265625,-9.22854518031813));
#9386=CARTESIAN_POINT('Ctrl Pts',(8.47132073801574,-3.53125,-6.01048363202052));
#9387=CARTESIAN_POINT('Ctrl Pts',(10.2849031227388,-3.796875,-1.45206724606011));
#9388=CARTESIAN_POINT('Ctrl Pts',(9.80410273003396,-4.0625,3.43062819509615));
#9389=CARTESIAN_POINT('Ctrl Pts',(7.13579032272301,-4.328125,7.54776997405763));
#9390=CARTESIAN_POINT('Ctrl Pts',(2.8754848586102,-4.59375,9.9810119382001));
#9391=CARTESIAN_POINT('Ctrl Pts',(-2.02639766084479,-4.859375,10.1873671007437));
#9392=CARTESIAN_POINT('Ctrl Pts',(-6.4761578922301,-5.125,8.12084929615084));
#9393=CARTESIAN_POINT('Ctrl Pts',(-9.48103823978837,-5.390625,4.24249056183515));
#9394=CARTESIAN_POINT('Ctrl Pts',(-10.3706125578442,-5.65625,-0.58240065784165));
#9395=CARTESIAN_POINT('Ctrl Pts',(-8.94641448093814,-5.921875,-5.27735525285497));
#9396=CARTESIAN_POINT('Ctrl Pts',(-5.52619237800257,-6.1875,-8.79488483157533));
#9397=CARTESIAN_POINT('Ctrl Pts',(-0.873028948435701,-6.453125,-10.3501993284302));
#9398=CARTESIAN_POINT('Ctrl Pts',(3.97491506820455,-6.71874999999999,-9.59629378378559));
#9399=CARTESIAN_POINT('Ctrl Pts',(7.93602073610785,-6.984375,-6.70137144714228));
#9400=CARTESIAN_POINT('Ctrl Pts',(10.1265309661926,-7.25,-2.31131461124327));
#9401=CARTESIAN_POINT('Ctrl Pts',(10.057723718963,-7.515625,2.59441669542837));
#9402=CARTESIAN_POINT('Ctrl Pts',(7.74495055758805,-7.78125,6.92131093396897));
#9403=CARTESIAN_POINT('Ctrl Pts',(3.70421128191324,-8.04687499999999,9.70400043600528));
#9404=CARTESIAN_POINT('Ctrl Pts',(-1.1629697747877,-8.31250000000001,10.3216424420873));
#9405=CARTESIAN_POINT('Ctrl Pts',(-5.77068229691621,-8.57812499999999,8.63643655436856));
#9406=CARTESIAN_POINT('Ctrl Pts',(-9.09090488060663,-8.84375,5.02436501489822));
#9407=CARTESIAN_POINT('Ctrl Pts',(-10.3828679575817,-9.10937499999999,0.291316403612673));
#9408=CARTESIAN_POINT('Ctrl Pts',(-9.358321101944,-9.375,-4.50673279536266));
#9409=CARTESIAN_POINT('Ctrl Pts',(-6.24585413584536,-9.640625,-8.29927960963695));
#9410=CARTESIAN_POINT('Ctrl Pts',(-1.73987644219071,-9.90625,-10.2402071487104));
#9411=CARTESIAN_POINT('Ctrl Pts',(3.15427027030936,-10.171875,-9.89640915549655));
#9412=CARTESIAN_POINT('Ctrl Pts',(7.34469754866725,-10.4375,-7.34472995232973));
#9413=CARTESIAN_POINT('Ctrl Pts',(9.89640588915074,-10.703125,-3.15418484055487));
#9414=CARTESIAN_POINT('Ctrl Pts',(10.2402473671343,-10.96875,1.7396903164131));
#9415=CARTESIAN_POINT('Ctrl Pts',(8.29917595305844,-11.234375,6.24623989429577));
#9416=CARTESIAN_POINT('Ctrl Pts',(5.77092405786495,-11.4114583333333,8.3200320884139));
#9417=CARTESIAN_POINT('Ctrl Pts',(4.33883739117563,-11.5,9.00968867902417));
#9418=CARTESIAN_POINT('Ctrl Pts',(-0.000160316159112369,-10.,-9.99952778287074));
#9419=CARTESIAN_POINT('Ctrl Pts',(0.254195978454769,-10.,-9.97482973356439));
#9420=CARTESIAN_POINT('Ctrl Pts',(0.507097513924416,-10.,-9.94046582272875));
#9421=CARTESIAN_POINT('Ctrl Pts',(0.757997480961667,-10.,-9.89655649952955));
#9422=CARTESIAN_POINT('Ctrl Pts',(0.997411190204182,-10.,-9.85465735517498));
#9423=CARTESIAN_POINT('Ctrl Pts',(1.23500296736844,-10.,-9.8040661509011));
#9424=CARTESIAN_POINT('Ctrl Pts',(1.47028296349703,-10.,-9.74483669438845));
#9425=CARTESIAN_POINT('Ctrl Pts',(1.70392738967229,-10.,-9.68601897674446));
#9426=CARTESIAN_POINT('Ctrl Pts',(1.93529264471599,-10.,-9.61868244640225));
#9427=CARTESIAN_POINT('Ctrl Pts',(2.1638756290438,-10.,-9.54283427643598));
#9428=CARTESIAN_POINT('Ctrl Pts',(2.38887686240465,-10.,-9.46817459937926));
#9429=CARTESIAN_POINT('Ctrl Pts',(2.61118281412064,-10.,-9.38526765856261));
#9430=CARTESIAN_POINT('Ctrl Pts',(2.83028316020861,-10.,-9.29407997561213));
#9431=CARTESIAN_POINT('Ctrl Pts',(2.86914866563896,-10.,-9.27790448593276));
#9432=CARTESIAN_POINT('Ctrl Pts',(2.90791321413765,-10.,-9.26146833598532));
#9433=CARTESIAN_POINT('Ctrl Pts',(2.94657383743243,-10.,-9.24477121366908));
#9434=CARTESIAN_POINT('Ctrl Pts',(3.12027257445204,-10.,-9.16975253028992));
#9435=CARTESIAN_POINT('Ctrl Pts',(3.29187472142698,-10.,-9.08946665867335));
#9436=CARTESIAN_POINT('Ctrl Pts',(3.46114759145694,-10.,-9.00402287827164));
#9437=CARTESIAN_POINT('Ctrl Pts',(3.51205603425453,-10.,-8.97832584952616));
#9438=CARTESIAN_POINT('Ctrl Pts',(3.56275368360726,-10.,-8.95216221765143));
#9439=CARTESIAN_POINT('Ctrl Pts',(3.61323391104662,-10.,-8.92553477239089));
#9440=CARTESIAN_POINT('Ctrl Pts',(3.63600567888474,-10.,-8.91352305944202));
#9441=CARTESIAN_POINT('Ctrl Pts',(3.65872893710649,-10.,-8.90141918794443));
#9442=CARTESIAN_POINT('Ctrl Pts',(3.68139638021061,-10.,-8.88922720874929));
#9443=CARTESIAN_POINT('Ctrl Pts',(3.88965664041178,-10.,-8.77721171816738));
#9444=CARTESIAN_POINT('Ctrl Pts',(4.09338366669354,-10.,-8.65766983697649));
#9445=CARTESIAN_POINT('Ctrl Pts',(4.29220842544607,-10.,-8.53092093996641));
#9446=CARTESIAN_POINT('Ctrl Pts',(4.49166008324251,-10.,-8.40377240076463));
#9447=CARTESIAN_POINT('Ctrl Pts',(4.68617901925566,-10.,-8.26937085506382));
#9448=CARTESIAN_POINT('Ctrl Pts',(4.87535922838962,-10.,-8.12799857948626));
#9449=CARTESIAN_POINT('Ctrl Pts',(5.06288964046144,-10.,-7.98785917898577));
#9450=CARTESIAN_POINT('Ctrl Pts',(5.2451744456316,-10.,-7.84086958709789));
#9451=CARTESIAN_POINT('Ctrl Pts',(5.42177858598794,-10.,-7.68727283473875));
#9452=CARTESIAN_POINT('Ctrl Pts',(5.59645612978793,-10.,-7.53535168847562));
#9453=CARTESIAN_POINT('Ctrl Pts',(5.76557663148535,-10.,-7.37696627601509));
#9454=CARTESIAN_POINT('Ctrl Pts',(5.92867457273549,-10.,-7.21232771453893));
#9455=CARTESIAN_POINT('Ctrl Pts',(6.03518573096518,-10.,-7.10481045382009));
#9456=CARTESIAN_POINT('Ctrl Pts',(6.13912750157741,-10.,-6.99462591089423));
#9457=CARTESIAN_POINT('Ctrl Pts',(6.24035870240443,-10.,-6.88182868983248));
#9458=CARTESIAN_POINT('Ctrl Pts',(6.29097430281794,-10.,-6.82543007930161));
#9459=CARTESIAN_POINT('Ctrl Pts',(6.34091211177216,-10.,-6.76837825399304));
#9460=CARTESIAN_POINT('Ctrl Pts',(6.39015355542379,-10.,-6.71067979936511));
#9461=CARTESIAN_POINT('Ctrl Pts',(6.40859876837581,-10.,-6.68906669861721));
#9462=CARTESIAN_POINT('Ctrl Pts',(6.42694626405059,-10.,-6.66736286430351));
#9463=CARTESIAN_POINT('Ctrl Pts',(6.44519504294534,-10.,-6.64556863771183));
#9464=CARTESIAN_POINT('Ctrl Pts',(6.46080304297944,-10.,-6.62692825134143));
#9465=CARTESIAN_POINT('Ctrl Pts',(6.47633639216723,-10.,-6.60822461796837));
#9466=CARTESIAN_POINT('Ctrl Pts',(6.4917894513323,-10.,-6.58946427336579));
#9467=CARTESIAN_POINT('Ctrl Pts',(6.50650219652322,-10.,-6.5716026857744));
#9468=CARTESIAN_POINT('Ctrl Pts',(6.52114357138313,-10.,-6.55368800854378));
#9469=CARTESIAN_POINT('Ctrl Pts',(6.53571320460098,-10.,-6.535720513854));
#9470=CARTESIAN_POINT('Ctrl Pts',(6.67987014961003,-10.,-6.35794396277571));
#9471=CARTESIAN_POINT('Ctrl Pts',(6.81700740907803,-10.,-6.17499906336068));
#9472=CARTESIAN_POINT('Ctrl Pts',(6.94695091869118,-10.,-5.98734313429534));
#9473=CARTESIAN_POINT('Ctrl Pts',(7.0774974914186,-10.,-5.79881630087064));
#9474=CARTESIAN_POINT('Ctrl Pts',(7.2007836383997,-10.,-5.60553394306365));
#9475=CARTESIAN_POINT('Ctrl Pts',(7.31658561732813,-10.,-5.40793667892218));
#9476=CARTESIAN_POINT('Ctrl Pts',(7.43200107238807,-10.,-5.21099895496861));
#9477=CARTESIAN_POINT('Ctrl Pts',(7.53998242012743,-10.,-5.00977441247854));
#9478=CARTESIAN_POINT('Ctrl Pts',(7.64025817612386,-10.,-4.80468642468213));
#9479=CARTESIAN_POINT('Ctrl Pts',(7.7388454162552,-10.,-4.60305185708379));
#9480=CARTESIAN_POINT('Ctrl Pts',(7.82998443726886,-10.,-4.39768224304935));
#9481=CARTESIAN_POINT('Ctrl Pts',(7.91336729043471,-10.,-4.18897701265163));
#9482=CARTESIAN_POINT('Ctrl Pts',(7.96251767512126,-10.,-4.06595480879708));
#9483=CARTESIAN_POINT('Ctrl Pts',(8.00897217927407,-10.,-3.9417736141345));
#9484=CARTESIAN_POINT('Ctrl Pts',(8.0526592626574,-10.,-3.81651603555525));
#9485=CARTESIAN_POINT('Ctrl Pts',(8.07114615217203,-10.,-3.76351128365304));
#9486=CARTESIAN_POINT('Ctrl Pts',(8.08913740242932,-10.,-3.71031379675103));
#9487=CARTESIAN_POINT('Ctrl Pts',(8.10662724245758,-10.,-3.65692990137301));
#9488=CARTESIAN_POINT('Ctrl Pts',(8.11528206246317,-10.,-3.63051296417133));
#9489=CARTESIAN_POINT('Ctrl Pts',(8.12381409641037,-10.,-3.60405038091783));
#9490=CARTESIAN_POINT('Ctrl Pts',(8.1322226258404,-10.,-3.57754292280128));
#9491=CARTESIAN_POINT('Ctrl Pts',(8.13995451885103,-10.,-3.5531685263213));
#9492=CARTESIAN_POINT('Ctrl Pts',(8.14757925826937,-10.,-3.52876475364819));
#9493=CARTESIAN_POINT('Ctrl Pts',(8.15509571149645,-10.,-3.50433492114575));
#9494=CARTESIAN_POINT('Ctrl Pts',(8.2202751629633,-10.,-3.29248991475373));
#9495=CARTESIAN_POINT('Ctrl Pts',(8.27733704224221,-10.,-3.07862012690384));
#9496=CARTESIAN_POINT('Ctrl Pts',(8.32607229534127,-10.,-2.86312514479988));
#9497=CARTESIAN_POINT('Ctrl Pts',(8.34081628214074,-10.,-2.79793095846752));
#9498=CARTESIAN_POINT('Ctrl Pts',(8.35479781174587,-9.99999999999999,-2.73258797076728));
#9499=CARTESIAN_POINT('Ctrl Pts',(8.3680101573458,-9.99999999999999,-2.66710714648417));
#9500=CARTESIAN_POINT('Ctrl Pts',(8.41189791892639,-9.99999999999999,-2.44959794022688));
#9501=CARTESIAN_POINT('Ctrl Pts',(8.44730256247229,-9.99999999999999,-2.23056751389794));
#9502=CARTESIAN_POINT('Ctrl Pts',(8.47422754147333,-9.99999999999999,-2.0105086181433));
#9503=CARTESIAN_POINT('Ctrl Pts',(8.5010640040133,-9.99999999999999,-1.79117317085176));
#9504=CARTESIAN_POINT('Ctrl Pts',(8.51947631480258,-10.,-1.57081530798342));
#9505=CARTESIAN_POINT('Ctrl Pts',(8.52941739740309,-10.,-1.34993329306771));
#9506=CARTESIAN_POINT('Ctrl Pts',(8.53925450370487,-10.,-1.13136153904539));
#9507=CARTESIAN_POINT('Ctrl Pts',(8.54079646358733,-10.,-0.912275913065797));
#9508=CARTESIAN_POINT('Ctrl Pts',(8.53395079953014,-10.,-0.693179170542326));
#9509=CARTESIAN_POINT('Ctrl Pts',(8.53119061384355,-10.,-0.604838917845478));
#9510=CARTESIAN_POINT('Ctrl Pts',(8.52706631692843,-9.99999999999999,-0.516497137950303));
#9511=CARTESIAN_POINT('Ctrl Pts',(8.52156976696732,-9.99999999999999,-0.428188068209905));
#9512=CARTESIAN_POINT('Ctrl Pts',(8.51821290102959,-9.99999999999999,-0.374255745152419));
#9513=CARTESIAN_POINT('Ctrl Pts',(8.51434418662235,-10.,-0.320335638075803));
#9514=CARTESIAN_POINT('Ctrl Pts',(8.50996155423071,-10.,-0.266435706084075));
#9515=CARTESIAN_POINT('Ctrl Pts',(8.50799082498912,-10.,-0.242198635163202));
#9516=CARTESIAN_POINT('Ctrl Pts',(8.50591629520668,-10.,-0.217967487265208));
#9517=CARTESIAN_POINT('Ctrl Pts',(8.50373895309739,-10.,-0.193754555326423));
#9518=CARTESIAN_POINT('Ctrl Pts',(8.48448504831181,-10.,0.0203567155390248));
#9519=CARTESIAN_POINT('Ctrl Pts',(8.45717575999966,-9.99999999999999,0.23329660019586));
#9520=CARTESIAN_POINT('Ctrl Pts',(8.42182278164179,-9.99999999999999,0.444614215369229));
#9521=CARTESIAN_POINT('Ctrl Pts',(8.38675985610923,-9.99999999999999,0.654198079267165));
#9522=CARTESIAN_POINT('Ctrl Pts',(8.34378447590238,-10.,0.862186805008244));
#9523=CARTESIAN_POINT('Ctrl Pts',(8.29286001124825,-10.,1.06812355576631));
#9524=CARTESIAN_POINT('Ctrl Pts',(8.26584511796161,-10.,1.17737083766333));
#9525=CARTESIAN_POINT('Ctrl Pts',(8.23659240753774,-10.,1.28604031132507));
#9526=CARTESIAN_POINT('Ctrl Pts',(8.20509115571537,-10.,1.39406091770895));
#9527=CARTESIAN_POINT('Ctrl Pts',(8.14529688999443,-10.,1.59910079605648));
#9528=CARTESIAN_POINT('Ctrl Pts',(8.07740325585011,-10.,1.80180501207835));
#9529=CARTESIAN_POINT('Ctrl Pts',(8.00159770744775,-10.,2.00170959659992));
#9530=CARTESIAN_POINT('Ctrl Pts',(7.92660766737823,-10.,2.19946362805663));
#9531=CARTESIAN_POINT('Ctrl Pts',(7.84387454651995,-10.,2.39447842242739));
#9532=CARTESIAN_POINT('Ctrl Pts',(7.75354683609646,-10.,2.58626637962425));
#9533=CARTESIAN_POINT('Ctrl Pts',(7.73032107861698,-10.,2.63558037817968));
#9534=CARTESIAN_POINT('Ctrl Pts',(7.70659305683287,-10.,2.68468081503779));
#9535=CARTESIAN_POINT('Ctrl Pts',(7.68236499641735,-10.,2.73355892490169));
#9536=CARTESIAN_POINT('Ctrl Pts',(7.66676421168816,-10.,2.76503221896149));
#9537=CARTESIAN_POINT('Ctrl Pts',(7.65095609605979,-10.,2.7964133265456));
#9538=CARTESIAN_POINT('Ctrl Pts',(7.63494121962723,-10.,2.82769986123961));
#9539=CARTESIAN_POINT('Ctrl Pts',(7.62328475049557,-10.,2.8504718462395));
#9540=CARTESIAN_POINT('Ctrl Pts',(7.61152264387619,-10.,2.87318607967059));
#9541=CARTESIAN_POINT('Ctrl Pts',(7.59965758923234,-10.,2.89583752234178));
#9542=CARTESIAN_POINT('Ctrl Pts',(7.5032760644305,-10.,3.0798384097498));
#9543=CARTESIAN_POINT('Ctrl Pts',(7.40005805406272,-10.,3.25979020572163));
#9544=CARTESIAN_POINT('Ctrl Pts',(7.29023155478302,-10.,3.43530090102012));
#9545=CARTESIAN_POINT('Ctrl Pts',(7.18086530404762,-10.,3.61007608583114));
#9546=CARTESIAN_POINT('Ctrl Pts',(7.06494535799073,-10.,3.78044782377893));
#9547=CARTESIAN_POINT('Ctrl Pts',(6.94265949386822,-10.,3.94599370317517));
#9548=CARTESIAN_POINT('Ctrl Pts',(6.82226347342784,-10.,4.10898118519225));
#9549=CARTESIAN_POINT('Ctrl Pts',(6.69569628613304,-10.,4.26729119727741));
#9550=CARTESIAN_POINT('Ctrl Pts',(6.56310810070959,-10.,4.420479848047));
#9551=CARTESIAN_POINT('Ctrl Pts',(6.47229309795161,-10.,4.52540494146841));
#9552=CARTESIAN_POINT('Ctrl Pts',(6.37865278812892,-10.,4.62792654004978));
#9553=CARTESIAN_POINT('Ctrl Pts',(6.28222910964652,-10.,4.72788931797854));
#9554=CARTESIAN_POINT('Ctrl Pts',(6.17613790227922,-10.,4.83787445823832));
#9555=CARTESIAN_POINT('Ctrl Pts',(6.06667702414418,-10.,4.94476214116389));
#9556=CARTESIAN_POINT('Ctrl Pts',(5.95399391100382,-10.,5.04840552739863));
#9557=CARTESIAN_POINT('Ctrl Pts',(5.90469504900491,-10.,5.09374950887632));
#9558=CARTESIAN_POINT('Ctrl Pts',(5.85477939355854,-10.,5.13847230912927));
#9559=CARTESIAN_POINT('Ctrl Pts',(5.8042591653755,-10.,5.18256066411792));
#9560=CARTESIAN_POINT('Ctrl Pts',(5.78399925348094,-10.,5.2002412293048));
#9561=CARTESIAN_POINT('Ctrl Pts',(5.76364211269958,-10.,5.21781975517672));
#9562=CARTESIAN_POINT('Ctrl Pts',(5.74318852969016,-10.,5.23529535879604));
#9563=CARTESIAN_POINT('Ctrl Pts',(5.72535879754062,-10.,5.25052913624914));
#9564=CARTESIAN_POINT('Ctrl Pts',(5.70746269501857,-10.,5.26567878778623));
#9565=CARTESIAN_POINT('Ctrl Pts',(5.68950239916979,-10.,5.28074267794591));
#9566=CARTESIAN_POINT('Ctrl Pts',(5.53626590035154,-10.,5.40926716362737));
#9567=CARTESIAN_POINT('Ctrl Pts',(5.37832214402859,-10.,5.53158364101877));
#9568=CARTESIAN_POINT('Ctrl Pts',(5.21605648002999,-10.,5.64746435898912));
#9569=CARTESIAN_POINT('Ctrl Pts',(5.05414185240268,-10.,5.76309438716018));
#9570=CARTESIAN_POINT('Ctrl Pts',(4.88792331453094,-10.,5.87231672374428));
#9571=CARTESIAN_POINT('Ctrl Pts',(4.71776351671917,-10.,5.97485778107351));
#9572=CARTESIAN_POINT('Ctrl Pts',(4.54908926554626,-10.,6.07650362387488));
#9573=CARTESIAN_POINT('Ctrl Pts',(4.37654162299119,-10.,6.17158451497873));
#9574=CARTESIAN_POINT('Ctrl Pts',(4.200463866307,-10.,6.2597843126994));
#9575=CARTESIAN_POINT('Ctrl Pts',(4.02808764337367,-10.,6.34612996067265));
#9576=CARTESIAN_POINT('Ctrl Pts',(3.85232759681056,-10.,6.42588082916178));
#9577=CARTESIAN_POINT('Ctrl Pts',(3.67350518044089,-10.,6.49869103710006));
#9578=CARTESIAN_POINT('Ctrl Pts',(3.52166928317043,-10.,6.56051328219211));
#9579=CARTESIAN_POINT('Ctrl Pts',(3.36762538322143,-10.,6.61733090848134));
#9580=CARTESIAN_POINT('Ctrl Pts',(3.21157437008126,-10.,6.66890289615697));
#9581=CARTESIAN_POINT('',(0.,-1.5,-7.40192378864668));
#9582=CARTESIAN_POINT('Origin',(0.,-1.5,-9.13397459621556));
#9583=CARTESIAN_POINT('Origin',(10.,-10.,0.));
#9584=CARTESIAN_POINT('Origin',(0.,-5.,0.));
#9585=CARTESIAN_POINT('Origin',(0.,0.,0.));
#9586=CARTESIAN_POINT('Origin',(16.,0.,0.));
#9587=CARTESIAN_POINT('',(-16.,1.11022302462516E-15,1.95943487863577E-15));
#9588=CARTESIAN_POINT('Origin',(0.,0.,0.));
#9589=CARTESIAN_POINT('Origin',(0.,8.825,0.));
#9590=CARTESIAN_POINT('',(-16.,8.825,1.95943487863577E-15));
#9591=CARTESIAN_POINT('Origin',(29.5,25.8,0.));
#9592=CARTESIAN_POINT('',(0.,0.,0.));
#9593=CARTESIAN_POINT('Origin',(0.,0.,7.5));
#9594=CARTESIAN_POINT('',(10.1410169807722,-169.6972591841,7.));
#9595=CARTESIAN_POINT('',(9.48192478803497,-168.733793599012,8.));
#9596=CARTESIAN_POINT('Ctrl Pts',(10.1410169807722,-169.6972591841,7.));
#9597=CARTESIAN_POINT('Ctrl Pts',(9.81049877202506,-169.21410535087,7.50200983547498));
#9598=CARTESIAN_POINT('Ctrl Pts',(9.48192478803494,-168.733793599012,8.00000000000001));
#9599=CARTESIAN_POINT('',(-19.2921225797009,-167.895247122632,8.));
#9600=CARTESIAN_POINT('Origin',(0.,0.,8.));
#9601=CARTESIAN_POINT('',(-20.0062040708185,-168.818695050864,7.));
#9602=CARTESIAN_POINT('Ctrl Pts',(-19.2921225797009,-167.895247122632,7.99999999999999));
#9603=CARTESIAN_POINT('Ctrl Pts',(-19.6481101077211,-168.355609069155,7.50200983547525));
#9604=CARTESIAN_POINT('Ctrl Pts',(-20.0062040708185,-168.818695050864,7.));
#9605=CARTESIAN_POINT('Origin',(0.,0.,7.));
#9606=CARTESIAN_POINT('Origin',(-20.0062040705962,-168.818695050577,-2.));
#9607=CARTESIAN_POINT('',(-17.1455707827409,-165.119333120656,8.));
#9608=CARTESIAN_POINT('',(24.5840044705196,-111.15477824427,8.));
#9609=CARTESIAN_POINT('',(-17.1455707827409,-165.119333120656,-2.));
#9610=CARTESIAN_POINT('',(-17.1455707827409,-165.119333120656,-2.));
#9611=CARTESIAN_POINT('',(-20.0062040705962,-168.818695050577,-2.));
#9612=CARTESIAN_POINT('',(24.5840044705196,-111.15477824427,-2.));
#9613=CARTESIAN_POINT('',(-20.0062040708185,-168.818695050864,8.));
#9614=CARTESIAN_POINT('Origin',(0.,0.,8.));
#9615=CARTESIAN_POINT('',(7.50067258053602,-165.837585241002,8.));
#9616=CARTESIAN_POINT('',(-32.335604008811,-107.604637020985,8.));
#9617=CARTESIAN_POINT('',(17.8169286231787,-165.048240893798,8.));
#9618=CARTESIAN_POINT('',(15.2378646131534,-165.24557698055,8.));
#9619=CARTESIAN_POINT('',(16.2993647140612,-168.212159815865,8.));
#9620=CARTESIAN_POINT('',(47.3188010837888,-103.540760415556,8.));
#9621=CARTESIAN_POINT('',(99.6383224910707,-136.503496992441,8.));
#9622=CARTESIAN_POINT('Origin',(0.,0.,8.));
#9623=CARTESIAN_POINT('',(96.4014269788924,-135.148546585471,8.));
#9624=CARTESIAN_POINT('',(31.3184130991774,-107.905079562408,8.));
#9625=CARTESIAN_POINT('',(104.633250786826,-128.880749522406,8.));
#9626=CARTESIAN_POINT('',(102.575294835918,-130.447698787354,8.));
#9627=CARTESIAN_POINT('',(105.078277069816,-132.361458468993,8.));
#9628=CARTESIAN_POINT('',(95.9818137276348,-61.2147811879853,8.));
#9629=CARTESIAN_POINT('',(126.017542985513,-112.608076352872,8.));
#9630=CARTESIAN_POINT('Origin',(0.,0.,8.));
#9631=CARTESIAN_POINT('',(122.568657544671,-111.961104654357,8.));
#9632=CARTESIAN_POINT('',(53.2232436562622,-98.9526933930486,8.));
#9633=CARTESIAN_POINT('',(129.305201408282,-104.108259309549,8.));
#9634=CARTESIAN_POINT('',(127.621065442794,-106.071470645267,8.));
#9635=CARTESIAN_POINT('',(130.469350202179,-107.418567565488,8.));
#9636=CARTESIAN_POINT('',(106.673818943016,-39.7549286950871,8.));
#9637=CARTESIAN_POINT('',(166.977481878521,-26.0676148795445,8.));
#9638=CARTESIAN_POINT('Origin',(0.,0.,8.));
#9639=CARTESIAN_POINT('',(163.730556490927,-27.3983510252583,8.));
#9640=CARTESIAN_POINT('',(98.4458757614824,-54.1549512046225,8.));
#9641=CARTESIAN_POINT('',(165.119333120656,-17.1455707827409,8.));
#9642=CARTESIAN_POINT('',(164.772138963405,-19.7087658420306,8.));
#9643=CARTESIAN_POINT('',(167.895247122632,-19.2921225797009,8.));
#9644=CARTESIAN_POINT('',(111.15477824427,24.5840044705196,8.));
#9645=CARTESIAN_POINT('',(168.733793599012,9.48192478803497,8.));
#9646=CARTESIAN_POINT('Origin',(0.,0.,8.));
#9647=CARTESIAN_POINT('',(165.837585241002,7.50067258053602,8.));
#9648=CARTESIAN_POINT('',(107.604637020985,-32.335604008811,8.));
#9649=CARTESIAN_POINT('',(165.048240893798,17.8169286231787,8.));
#9650=CARTESIAN_POINT('',(165.24557698055,15.2378646131534,8.));
#9651=CARTESIAN_POINT('',(168.212159815865,16.2993647140612,8.));
#9652=CARTESIAN_POINT('',(103.540760415556,47.3188010837888,8.));
#9653=CARTESIAN_POINT('',(136.503496992441,99.6383224910707,8.));
#9654=CARTESIAN_POINT('Origin',(0.,0.,8.));
#9655=CARTESIAN_POINT('',(135.148546585472,96.4014269788923,8.));
#9656=CARTESIAN_POINT('',(107.905079562408,31.3184130991774,8.));
#9657=CARTESIAN_POINT('',(128.880749522406,104.633250786826,8.));
#9658=CARTESIAN_POINT('',(130.447698787354,102.575294835918,8.));
#9659=CARTESIAN_POINT('',(132.361458468993,105.078277069816,8.));
#9660=CARTESIAN_POINT('',(61.2147811879853,95.9818137276348,8.));
#9661=CARTESIAN_POINT('',(112.608076352872,126.017542985513,8.));
#9662=CARTESIAN_POINT('Origin',(0.,0.,8.));
#9663=CARTESIAN_POINT('',(111.961104654357,122.568657544671,8.));
#9664=CARTESIAN_POINT('',(98.9526933930486,53.2232436562622,8.));
#9665=CARTESIAN_POINT('',(104.108259309549,129.305201408282,8.));
#9666=CARTESIAN_POINT('',(106.071470645267,127.621065442794,8.));
#9667=CARTESIAN_POINT('',(107.418567565488,130.469350202179,8.));
#9668=CARTESIAN_POINT('',(39.7549286950871,106.673818943016,8.));
#9669=CARTESIAN_POINT('',(26.0676148795444,166.977481878521,8.));
#9670=CARTESIAN_POINT('Origin',(0.,0.,8.));
#9671=CARTESIAN_POINT('',(27.3983510252583,163.730556490927,8.));
#9672=CARTESIAN_POINT('',(54.1549512046225,98.4458757614824,8.));
#9673=CARTESIAN_POINT('',(17.1455707827408,165.119333120656,8.));
#9674=CARTESIAN_POINT('',(19.7087658420306,164.772138963405,8.));
#9675=CARTESIAN_POINT('',(19.2921225797009,167.895247122632,8.));
#9676=CARTESIAN_POINT('',(-24.5840044705196,111.15477824427,8.));
#9677=CARTESIAN_POINT('',(-9.48192478803499,168.733793599012,8.));
#9678=CARTESIAN_POINT('Origin',(0.,0.,8.));
#9679=CARTESIAN_POINT('',(-7.50067258053605,165.837585241002,8.));
#9680=CARTESIAN_POINT('',(32.335604008811,107.604637020985,8.));
#9681=CARTESIAN_POINT('',(-17.8169286231787,165.048240893798,8.));
#9682=CARTESIAN_POINT('',(-15.2378646131535,165.24557698055,8.));
#9683=CARTESIAN_POINT('',(-16.2993647140612,168.212159815865,8.));
#9684=CARTESIAN_POINT('',(-47.3188010837888,103.540760415556,8.));
#9685=CARTESIAN_POINT('',(-99.6383224910707,136.503496992441,8.));
#9686=CARTESIAN_POINT('Origin',(0.,0.,8.));
#9687=CARTESIAN_POINT('',(-96.4014269788924,135.148546585471,8.));
#9688=CARTESIAN_POINT('',(-31.3184130991774,107.905079562408,8.));
#9689=CARTESIAN_POINT('',(-104.633250786826,128.880749522406,8.));
#9690=CARTESIAN_POINT('',(-102.575294835918,130.447698787354,8.));
#9691=CARTESIAN_POINT('',(-105.078277069816,132.361458468993,8.));
#9692=CARTESIAN_POINT('',(-95.9818137276349,61.2147811879853,8.));
#9693=CARTESIAN_POINT('',(-126.017542985513,112.608076352872,8.));
#9694=CARTESIAN_POINT('Origin',(0.,0.,8.));
#9695=CARTESIAN_POINT('',(-122.568657544672,111.961104654357,8.));
#9696=CARTESIAN_POINT('',(-53.2232436562622,98.9526933930486,8.));
#9697=CARTESIAN_POINT('',(-129.305201408282,104.108259309549,8.));
#9698=CARTESIAN_POINT('',(-127.621065442794,106.071470645267,8.));
#9699=CARTESIAN_POINT('',(-130.469350202179,107.418567565488,8.));
#9700=CARTESIAN_POINT('',(-106.673818943016,39.7549286950871,8.));
#9701=CARTESIAN_POINT('',(-166.977481878521,26.0676148795444,8.));
#9702=CARTESIAN_POINT('Origin',(0.,0.,8.));
#9703=CARTESIAN_POINT('',(-163.730556490928,27.3983510252583,8.));
#9704=CARTESIAN_POINT('',(-98.4458757614824,54.1549512046225,8.));
#9705=CARTESIAN_POINT('',(-165.119333120656,17.1455707827408,8.));
#9706=CARTESIAN_POINT('',(-164.772138963405,19.7087658420306,8.));
#9707=CARTESIAN_POINT('',(-167.895247122632,19.2921225797008,8.));
#9708=CARTESIAN_POINT('',(-111.15477824427,-24.5840044705196,8.));
#9709=CARTESIAN_POINT('',(-168.733793599012,-9.481924788035,8.));
#9710=CARTESIAN_POINT('Origin',(0.,0.,8.));
#9711=CARTESIAN_POINT('',(-165.837585241002,-7.50067258053606,8.));
#9712=CARTESIAN_POINT('',(-107.604637020985,32.335604008811,8.));
#9713=CARTESIAN_POINT('',(-165.048240893798,-17.8169286231787,8.));
#9714=CARTESIAN_POINT('',(-165.24557698055,-15.2378646131535,8.));
#9715=CARTESIAN_POINT('',(-168.212159815865,-16.2993647140612,8.));
#9716=CARTESIAN_POINT('',(-103.540760415556,-47.3188010837888,8.));
#9717=CARTESIAN_POINT('',(-136.503496992441,-99.6383224910707,8.));
#9718=CARTESIAN_POINT('Origin',(0.,0.,8.));
#9719=CARTESIAN_POINT('',(-135.148546585471,-96.4014269788924,8.));
#9720=CARTESIAN_POINT('',(-107.905079562408,-31.3184130991774,8.));
#9721=CARTESIAN_POINT('',(-128.880749522406,-104.633250786826,8.));
#9722=CARTESIAN_POINT('',(-130.447698787354,-102.575294835918,8.));
#9723=CARTESIAN_POINT('',(-132.361458468993,-105.078277069816,8.));
#9724=CARTESIAN_POINT('',(-61.2147811879853,-95.9818137276348,8.));
#9725=CARTESIAN_POINT('',(-112.608076352872,-126.017542985513,8.));
#9726=CARTESIAN_POINT('Origin',(0.,0.,8.));
#9727=CARTESIAN_POINT('',(-111.961104654357,-122.568657544671,8.));
#9728=CARTESIAN_POINT('',(-98.9526933930486,-53.2232436562622,8.));
#9729=CARTESIAN_POINT('',(-104.108259309549,-129.305201408282,8.));
#9730=CARTESIAN_POINT('',(-106.071470645267,-127.621065442794,8.));
#9731=CARTESIAN_POINT('',(-107.418567565488,-130.469350202179,8.));
#9732=CARTESIAN_POINT('',(-39.7549286950871,-106.673818943016,8.));
#9733=CARTESIAN_POINT('',(-26.0676148795445,-166.977481878521,8.));
#9734=CARTESIAN_POINT('Origin',(0.,0.,8.));
#9735=CARTESIAN_POINT('',(-27.3983510252583,-163.730556490927,8.));
#9736=CARTESIAN_POINT('',(-54.1549512046225,-98.4458757614824,8.));
#9737=CARTESIAN_POINT('',(-19.7087658420306,-164.772138963405,8.));
#9738=CARTESIAN_POINT('Origin',(0.,0.,7.5));
#9739=CARTESIAN_POINT('',(-25.6249262602366,-168.057618554344,7.));
#9740=CARTESIAN_POINT('Ctrl Pts',(-25.6249262602366,-168.057618554344,7.));
#9741=CARTESIAN_POINT('Ctrl Pts',(-25.8469235029574,-167.515957094492,7.50200983547528));
#9742=CARTESIAN_POINT('Ctrl Pts',(-26.0676148795444,-166.977481878521,8.));
#9743=CARTESIAN_POINT('',(-108.519789468851,-130.85662113029,7.));
#9744=CARTESIAN_POINT('Ctrl Pts',(-107.418567565488,-130.469350202179,8.));
#9745=CARTESIAN_POINT('Ctrl Pts',(-107.967554296073,-130.662414470175,7.50200983547513));
#9746=CARTESIAN_POINT('Ctrl Pts',(-108.519789468851,-130.85662113029,7.));
#9747=CARTESIAN_POINT('Origin',(0.,0.,7.));
#9748=CARTESIAN_POINT('Origin',(-108.519789468653,-130.856621130221,-2.));
#9749=CARTESIAN_POINT('',(-104.108259309549,-129.305201408282,-2.));
#9750=CARTESIAN_POINT('',(-104.108259309549,-129.305201408282,-2.));
#9751=CARTESIAN_POINT('',(-108.519789468653,-130.856621130221,-2.));
#9752=CARTESIAN_POINT('',(-39.7549286950871,-106.673818943016,-2.));
#9753=CARTESIAN_POINT('',(-108.519789468851,-130.85662113029,8.));
#9754=CARTESIAN_POINT('Origin',(0.,0.,7.5));
#9755=CARTESIAN_POINT('',(-112.823300842616,-127.16486459308,7.));
#9756=CARTESIAN_POINT('Ctrl Pts',(-112.823300842616,-127.16486459308,7.));
#9757=CARTESIAN_POINT('Ctrl Pts',(-112.715371157494,-126.589511574537,7.50200983547472));
#9758=CARTESIAN_POINT('Ctrl Pts',(-112.608076352872,-126.017542985513,8.));
#9759=CARTESIAN_POINT('',(-133.519366625808,-105.226321497252,7.));
#9760=CARTESIAN_POINT('Ctrl Pts',(-132.361458468993,-105.078277069816,8.));
#9761=CARTESIAN_POINT('Ctrl Pts',(-132.938704718261,-105.152080928921,7.50200983547508));
#9762=CARTESIAN_POINT('Ctrl Pts',(-133.519366625808,-105.226321497252,7.));
#9763=CARTESIAN_POINT('Origin',(0.,0.,7.));
#9764=CARTESIAN_POINT('Origin',(-133.519366625447,-105.226321497206,-2.));
#9765=CARTESIAN_POINT('',(-128.880749522406,-104.633250786826,-2.));
#9766=CARTESIAN_POINT('',(-128.880749522406,-104.633250786826,-2.));
#9767=CARTESIAN_POINT('',(-133.519366625447,-105.226321497206,-2.));
#9768=CARTESIAN_POINT('',(-61.2147811879853,-95.9818137276348,-2.));
#9769=CARTESIAN_POINT('',(-133.519366625808,-105.226321497252,8.));
#9770=CARTESIAN_POINT('Origin',(0.,0.,7.5));
#9771=CARTESIAN_POINT('',(-136.954240835857,-100.71512258382,7.));
#9772=CARTESIAN_POINT('Ctrl Pts',(-136.954240835857,-100.71512258382,7.));
#9773=CARTESIAN_POINT('Ctrl Pts',(-136.728204100221,-100.175134336719,7.50200983547514));
#9774=CARTESIAN_POINT('Ctrl Pts',(-136.503496992441,-99.6383224910707,8.));
#9775=CARTESIAN_POINT('',(-169.264683190748,-15.7945251380262,7.));
#9776=CARTESIAN_POINT('Ctrl Pts',(-168.212159815865,-16.2993647140612,8.));
#9777=CARTESIAN_POINT('Ctrl Pts',(-168.736869108948,-16.0476895271882,7.50200983547514));
#9778=CARTESIAN_POINT('Ctrl Pts',(-169.264683190748,-15.7945251380262,7.));
#9779=CARTESIAN_POINT('Origin',(0.,0.,7.));
#9780=CARTESIAN_POINT('Origin',(-169.264683190559,-15.794525138117,-2.));
#9781=CARTESIAN_POINT('',(-165.048240893798,-17.8169286231787,-2.));
#9782=CARTESIAN_POINT('',(-165.048240893798,-17.8169286231787,-2.));
#9783=CARTESIAN_POINT('',(-169.264683190559,-15.794525138117,-2.));
#9784=CARTESIAN_POINT('',(-103.540760415556,-47.3188010837888,-2.));
#9785=CARTESIAN_POINT('',(-169.264683190748,-15.7945251380262,8.));
#9786=CARTESIAN_POINT('Origin',(0.,0.,7.5));
#9787=CARTESIAN_POINT('',(-169.6972591841,-10.1410169807722,7.));
#9788=CARTESIAN_POINT('Ctrl Pts',(-169.6972591841,-10.1410169807722,7.));
#9789=CARTESIAN_POINT('Ctrl Pts',(-169.21410535087,-9.81049877202512,7.50200983547494));
#9790=CARTESIAN_POINT('Ctrl Pts',(-168.733793599012,-9.48192478803497,8.00000000000001));
#9791=CARTESIAN_POINT('',(-168.818695050864,20.0062040708185,7.));
#9792=CARTESIAN_POINT('Ctrl Pts',(-167.895247122632,19.2921225797008,8.));
#9793=CARTESIAN_POINT('Ctrl Pts',(-168.355609069155,19.648110107721,7.50200983547533));
#9794=CARTESIAN_POINT('Ctrl Pts',(-168.818695050864,20.0062040708185,7.));
#9795=CARTESIAN_POINT('Origin',(0.,0.,7.));
#9796=CARTESIAN_POINT('Origin',(-168.818695050577,20.0062040705961,-2.));
#9797=CARTESIAN_POINT('',(-165.119333120656,17.1455707827408,-2.));
#9798=CARTESIAN_POINT('',(-165.119333120656,17.1455707827408,-2.));
#9799=CARTESIAN_POINT('',(-168.818695050577,20.0062040705961,-2.));
#9800=CARTESIAN_POINT('',(-111.15477824427,-24.5840044705196,-2.));
#9801=CARTESIAN_POINT('',(-168.818695050864,20.0062040708185,8.));
#9802=CARTESIAN_POINT('Origin',(0.,0.,7.5));
#9803=CARTESIAN_POINT('',(-168.057618554344,25.6249262602366,7.));
#9804=CARTESIAN_POINT('Ctrl Pts',(-168.057618554344,25.6249262602366,7.));
#9805=CARTESIAN_POINT('Ctrl Pts',(-167.515957094492,25.8469235029574,7.50200983547518));
#9806=CARTESIAN_POINT('Ctrl Pts',(-166.977481878521,26.0676148795444,8.));
#9807=CARTESIAN_POINT('',(-130.85662113029,108.519789468851,7.));
#9808=CARTESIAN_POINT('Ctrl Pts',(-130.469350202179,107.418567565488,8.));
#9809=CARTESIAN_POINT('Ctrl Pts',(-130.662414470175,107.967554296073,7.50200983547517));
#9810=CARTESIAN_POINT('Ctrl Pts',(-130.85662113029,108.519789468851,7.));
#9811=CARTESIAN_POINT('Origin',(0.,0.,7.));
#9812=CARTESIAN_POINT('Origin',(-130.856621130221,108.519789468653,-2.));
#9813=CARTESIAN_POINT('',(-129.305201408282,104.108259309549,-2.));
#9814=CARTESIAN_POINT('',(-129.305201408282,104.108259309549,-2.));
#9815=CARTESIAN_POINT('',(-130.856621130221,108.519789468653,-2.));
#9816=CARTESIAN_POINT('',(-106.673818943016,39.7549286950871,-2.));
#9817=CARTESIAN_POINT('',(-130.85662113029,108.519789468851,8.));
#9818=CARTESIAN_POINT('Origin',(0.,0.,7.5));
#9819=CARTESIAN_POINT('',(-127.16486459308,112.823300842616,7.));
#9820=CARTESIAN_POINT('Ctrl Pts',(-127.16486459308,112.823300842616,7.));
#9821=CARTESIAN_POINT('Ctrl Pts',(-126.589511574536,112.715371157494,7.50200983547525));
#9822=CARTESIAN_POINT('Ctrl Pts',(-126.017542985513,112.608076352872,8.));
#9823=CARTESIAN_POINT('',(-105.226321497252,133.519366625808,7.));
#9824=CARTESIAN_POINT('Ctrl Pts',(-105.078277069816,132.361458468993,8.));
#9825=CARTESIAN_POINT('Ctrl Pts',(-105.152080928921,132.938704718261,7.50200983547514));
#9826=CARTESIAN_POINT('Ctrl Pts',(-105.226321497252,133.519366625808,7.));
#9827=CARTESIAN_POINT('Origin',(0.,0.,7.));
#9828=CARTESIAN_POINT('Origin',(-105.226321497206,133.519366625447,-2.));
#9829=CARTESIAN_POINT('',(-104.633250786826,128.880749522406,-2.));
#9830=CARTESIAN_POINT('',(-104.633250786826,128.880749522406,-2.));
#9831=CARTESIAN_POINT('',(-105.226321497206,133.519366625447,-2.));
#9832=CARTESIAN_POINT('',(-95.9818137276349,61.2147811879853,-2.));
#9833=CARTESIAN_POINT('',(-105.226321497252,133.519366625808,8.));
#9834=CARTESIAN_POINT('Origin',(0.,0.,7.5));
#9835=CARTESIAN_POINT('',(-100.71512258382,136.954240835857,7.));
#9836=CARTESIAN_POINT('Ctrl Pts',(-100.71512258382,136.954240835857,7.));
#9837=CARTESIAN_POINT('Ctrl Pts',(-100.175134336719,136.728204100221,7.502009835475));
#9838=CARTESIAN_POINT('Ctrl Pts',(-99.6383224910708,136.503496992441,8.));
#9839=CARTESIAN_POINT('',(-15.7945251380262,169.264683190748,7.));
#9840=CARTESIAN_POINT('Ctrl Pts',(-16.2993647140612,168.212159815865,8.));
#9841=CARTESIAN_POINT('Ctrl Pts',(-16.0476895271882,168.736869108948,7.50200983547503));
#9842=CARTESIAN_POINT('Ctrl Pts',(-15.7945251380262,169.264683190748,7.));
#9843=CARTESIAN_POINT('Origin',(0.,0.,7.));
#9844=CARTESIAN_POINT('Origin',(-15.794525138117,169.264683190559,-2.));
#9845=CARTESIAN_POINT('',(-17.8169286231787,165.048240893798,-2.));
#9846=CARTESIAN_POINT('',(-17.8169286231787,165.048240893798,-2.));
#9847=CARTESIAN_POINT('',(-15.794525138117,169.264683190559,-2.));
#9848=CARTESIAN_POINT('',(-47.3188010837888,103.540760415556,-2.));
#9849=CARTESIAN_POINT('',(-15.7945251380262,169.264683190748,8.));
#9850=CARTESIAN_POINT('Origin',(0.,0.,7.5));
#9851=CARTESIAN_POINT('',(-10.1410169807722,169.6972591841,7.));
#9852=CARTESIAN_POINT('Ctrl Pts',(-10.1410169807722,169.6972591841,7.));
#9853=CARTESIAN_POINT('Ctrl Pts',(-9.81049877202505,169.21410535087,7.50200983547504));
#9854=CARTESIAN_POINT('Ctrl Pts',(-9.48192478803499,168.733793599012,8.00000000000001));
#9855=CARTESIAN_POINT('',(20.0062040708185,168.818695050864,7.));
#9856=CARTESIAN_POINT('Ctrl Pts',(19.2921225797008,167.895247122632,8.));
#9857=CARTESIAN_POINT('Ctrl Pts',(19.648110107721,168.355609069155,7.50200983547525));
#9858=CARTESIAN_POINT('Ctrl Pts',(20.0062040708185,168.818695050864,7.));
#9859=CARTESIAN_POINT('Origin',(0.,0.,7.));
#9860=CARTESIAN_POINT('Origin',(20.0062040705961,168.818695050577,-2.));
#9861=CARTESIAN_POINT('',(17.1455707827408,165.119333120656,-2.));
#9862=CARTESIAN_POINT('',(17.1455707827408,165.119333120656,-2.));
#9863=CARTESIAN_POINT('',(20.0062040705961,168.818695050577,-2.));
#9864=CARTESIAN_POINT('',(-24.5840044705196,111.15477824427,-2.));
#9865=CARTESIAN_POINT('',(20.0062040708185,168.818695050864,8.));
#9866=CARTESIAN_POINT('Origin',(0.,0.,7.5));
#9867=CARTESIAN_POINT('',(25.6249262602366,168.057618554344,7.));
#9868=CARTESIAN_POINT('Ctrl Pts',(25.6249262602366,168.057618554344,7.));
#9869=CARTESIAN_POINT('Ctrl Pts',(25.8469235029575,167.515957094491,7.50200983547558));
#9870=CARTESIAN_POINT('Ctrl Pts',(26.0676148795444,166.977481878521,8.));
#9871=CARTESIAN_POINT('',(108.519789468851,130.85662113029,7.));
#9872=CARTESIAN_POINT('Ctrl Pts',(107.418567565488,130.469350202179,8.));
#9873=CARTESIAN_POINT('Ctrl Pts',(107.967554296073,130.662414470175,7.5020098354751));
#9874=CARTESIAN_POINT('Ctrl Pts',(108.519789468851,130.85662113029,7.));
#9875=CARTESIAN_POINT('Origin',(0.,0.,7.));
#9876=CARTESIAN_POINT('Origin',(0.,0.,8.));
#9877=CARTESIAN_POINT('',(108.519789468653,130.856621130221,-2.));
#9878=CARTESIAN_POINT('',(108.519789468851,130.85662113029,8.));
#9879=CARTESIAN_POINT('',(25.6249262601341,168.057618554594,-2.));
#9880=CARTESIAN_POINT('Origin',(0.,0.,-2.));
#9881=CARTESIAN_POINT('',(25.6249262602366,168.057618554344,8.));
#9882=CARTESIAN_POINT('Origin',(108.519789468653,130.856621130221,-2.));
#9883=CARTESIAN_POINT('',(104.108259309549,129.305201408282,-2.));
#9884=CARTESIAN_POINT('',(104.108259309549,129.305201408282,-2.));
#9885=CARTESIAN_POINT('',(39.7549286950871,106.673818943016,-2.));
#9886=CARTESIAN_POINT('Origin',(0.,0.,7.5));
#9887=CARTESIAN_POINT('',(112.823300842616,127.16486459308,7.));
#9888=CARTESIAN_POINT('Ctrl Pts',(112.823300842616,127.16486459308,7.));
#9889=CARTESIAN_POINT('Ctrl Pts',(112.715371157494,126.589511574536,7.50200983547526));
#9890=CARTESIAN_POINT('Ctrl Pts',(112.608076352872,126.017542985513,8.));
#9891=CARTESIAN_POINT('',(133.519366625808,105.226321497252,7.));
#9892=CARTESIAN_POINT('Ctrl Pts',(132.361458468993,105.078277069816,8.));
#9893=CARTESIAN_POINT('Ctrl Pts',(132.93870471826,105.152080928921,7.50200983547533));
#9894=CARTESIAN_POINT('Ctrl Pts',(133.519366625808,105.226321497252,7.));
#9895=CARTESIAN_POINT('Origin',(0.,0.,7.));
#9896=CARTESIAN_POINT('Origin',(0.,0.,8.));
#9897=CARTESIAN_POINT('',(133.519366625447,105.226321497206,-2.));
#9898=CARTESIAN_POINT('',(133.519366625808,105.226321497252,8.));
#9899=CARTESIAN_POINT('',(112.823300842666,127.164864593345,-2.));
#9900=CARTESIAN_POINT('Origin',(0.,0.,-2.));
#9901=CARTESIAN_POINT('',(112.823300842616,127.16486459308,8.));
#9902=CARTESIAN_POINT('Origin',(133.519366625447,105.226321497206,-2.));
#9903=CARTESIAN_POINT('',(128.880749522406,104.633250786826,-2.));
#9904=CARTESIAN_POINT('',(128.880749522406,104.633250786826,-2.));
#9905=CARTESIAN_POINT('',(61.2147811879853,95.9818137276348,-2.));
#9906=CARTESIAN_POINT('Origin',(0.,0.,7.5));
#9907=CARTESIAN_POINT('',(136.954240835857,100.71512258382,7.));
#9908=CARTESIAN_POINT('Ctrl Pts',(136.954240835857,100.71512258382,7.));
#9909=CARTESIAN_POINT('Ctrl Pts',(136.728204100221,100.175134336719,7.50200983547499));
#9910=CARTESIAN_POINT('Ctrl Pts',(136.503496992441,99.6383224910706,8.00000000000001));
#9911=CARTESIAN_POINT('',(169.264683190748,15.7945251380262,7.));
#9912=CARTESIAN_POINT('Ctrl Pts',(168.212159815865,16.2993647140612,8.));
#9913=CARTESIAN_POINT('Ctrl Pts',(168.736869108948,16.0476895271882,7.50200983547502));
#9914=CARTESIAN_POINT('Ctrl Pts',(169.264683190748,15.7945251380262,7.));
#9915=CARTESIAN_POINT('Origin',(0.,0.,7.));
#9916=CARTESIAN_POINT('Origin',(0.,0.,8.));
#9917=CARTESIAN_POINT('',(169.264683190559,15.794525138117,-2.));
#9918=CARTESIAN_POINT('',(169.264683190748,15.7945251380262,8.));
#9919=CARTESIAN_POINT('',(136.954240835962,100.71512258407,-2.));
#9920=CARTESIAN_POINT('Origin',(0.,0.,-2.));
#9921=CARTESIAN_POINT('',(136.954240835857,100.71512258382,8.));
#9922=CARTESIAN_POINT('Origin',(169.264683190559,15.794525138117,-2.));
#9923=CARTESIAN_POINT('',(165.048240893798,17.8169286231787,-2.));
#9924=CARTESIAN_POINT('',(165.048240893798,17.8169286231787,-2.));
#9925=CARTESIAN_POINT('',(103.540760415556,47.3188010837888,-2.));
#9926=CARTESIAN_POINT('Origin',(0.,0.,7.5));
#9927=CARTESIAN_POINT('',(169.6972591841,10.1410169807722,7.));
#9928=CARTESIAN_POINT('Ctrl Pts',(169.6972591841,10.1410169807722,7.));
#9929=CARTESIAN_POINT('Ctrl Pts',(169.21410535087,9.81049877202506,7.50200983547498));
#9930=CARTESIAN_POINT('Ctrl Pts',(168.733793599012,9.48192478803494,8.00000000000001));
#9931=CARTESIAN_POINT('',(168.818695050864,-20.0062040708185,7.));
#9932=CARTESIAN_POINT('Ctrl Pts',(167.895247122632,-19.2921225797009,7.99999999999999));
#9933=CARTESIAN_POINT('Ctrl Pts',(168.355609069155,-19.6481101077211,7.50200983547525));
#9934=CARTESIAN_POINT('Ctrl Pts',(168.818695050864,-20.0062040708185,7.));
#9935=CARTESIAN_POINT('Origin',(0.,0.,7.));
#9936=CARTESIAN_POINT('Origin',(0.,0.,8.));
#9937=CARTESIAN_POINT('',(168.818695050577,-20.0062040705962,-2.));
#9938=CARTESIAN_POINT('',(168.818695050864,-20.0062040708185,8.));
#9939=CARTESIAN_POINT('',(169.697259184322,10.1410169809242,-2.));
#9940=CARTESIAN_POINT('Origin',(0.,0.,-2.));
#9941=CARTESIAN_POINT('',(169.6972591841,10.1410169807722,8.));
#9942=CARTESIAN_POINT('Origin',(168.818695050577,-20.0062040705962,-2.));
#9943=CARTESIAN_POINT('',(165.119333120656,-17.1455707827409,-2.));
#9944=CARTESIAN_POINT('',(165.119333120656,-17.1455707827409,-2.));
#9945=CARTESIAN_POINT('',(111.15477824427,24.5840044705196,-2.));
#9946=CARTESIAN_POINT('Origin',(0.,0.,7.5));
#9947=CARTESIAN_POINT('',(168.057618554344,-25.6249262602366,7.));
#9948=CARTESIAN_POINT('Ctrl Pts',(168.057618554344,-25.6249262602366,7.));
#9949=CARTESIAN_POINT('Ctrl Pts',(167.515957094492,-25.8469235029574,7.50200983547528));
#9950=CARTESIAN_POINT('Ctrl Pts',(166.977481878521,-26.0676148795444,8.));
#9951=CARTESIAN_POINT('',(130.85662113029,-108.519789468851,7.));
#9952=CARTESIAN_POINT('Ctrl Pts',(130.469350202179,-107.418567565488,8.));
#9953=CARTESIAN_POINT('Ctrl Pts',(130.662414470175,-107.967554296073,7.50200983547513));
#9954=CARTESIAN_POINT('Ctrl Pts',(130.85662113029,-108.519789468851,7.));
#9955=CARTESIAN_POINT('Origin',(0.,0.,7.));
#9956=CARTESIAN_POINT('Origin',(0.,0.,8.));
#9957=CARTESIAN_POINT('',(130.856621130221,-108.519789468653,-2.));
#9958=CARTESIAN_POINT('',(130.85662113029,-108.519789468851,8.));
#9959=CARTESIAN_POINT('',(168.057618554594,-25.6249262601341,-2.));
#9960=CARTESIAN_POINT('Origin',(0.,0.,-2.));
#9961=CARTESIAN_POINT('',(168.057618554344,-25.6249262602366,8.));
#9962=CARTESIAN_POINT('Origin',(130.856621130221,-108.519789468653,-2.));
#9963=CARTESIAN_POINT('',(129.305201408282,-104.108259309549,-2.));
#9964=CARTESIAN_POINT('',(129.305201408282,-104.108259309549,-2.));
#9965=CARTESIAN_POINT('',(106.673818943016,-39.7549286950871,-2.));
#9966=CARTESIAN_POINT('Origin',(0.,0.,7.5));
#9967=CARTESIAN_POINT('',(127.16486459308,-112.823300842616,7.));
#9968=CARTESIAN_POINT('Ctrl Pts',(127.16486459308,-112.823300842616,7.));
#9969=CARTESIAN_POINT('Ctrl Pts',(126.589511574537,-112.715371157494,7.50200983547472));
#9970=CARTESIAN_POINT('Ctrl Pts',(126.017542985513,-112.608076352872,8.));
#9971=CARTESIAN_POINT('',(105.226321497252,-133.519366625808,7.));
#9972=CARTESIAN_POINT('Ctrl Pts',(105.078277069816,-132.361458468993,8.));
#9973=CARTESIAN_POINT('Ctrl Pts',(105.152080928921,-132.938704718261,7.50200983547508));
#9974=CARTESIAN_POINT('Ctrl Pts',(105.226321497252,-133.519366625808,7.));
#9975=CARTESIAN_POINT('Origin',(0.,0.,7.));
#9976=CARTESIAN_POINT('Origin',(0.,0.,8.));
#9977=CARTESIAN_POINT('',(105.226321497206,-133.519366625447,-2.));
#9978=CARTESIAN_POINT('',(105.226321497252,-133.519366625808,8.));
#9979=CARTESIAN_POINT('',(127.164864593345,-112.823300842666,-2.));
#9980=CARTESIAN_POINT('Origin',(0.,0.,-2.));
#9981=CARTESIAN_POINT('',(127.16486459308,-112.823300842616,8.));
#9982=CARTESIAN_POINT('Origin',(105.226321497206,-133.519366625447,-2.));
#9983=CARTESIAN_POINT('',(104.633250786826,-128.880749522406,-2.));
#9984=CARTESIAN_POINT('',(104.633250786826,-128.880749522406,-2.));
#9985=CARTESIAN_POINT('',(95.9818137276348,-61.2147811879853,-2.));
#9986=CARTESIAN_POINT('Origin',(0.,0.,7.5));
#9987=CARTESIAN_POINT('',(100.71512258382,-136.954240835857,7.));
#9988=CARTESIAN_POINT('Ctrl Pts',(100.71512258382,-136.954240835857,7.));
#9989=CARTESIAN_POINT('Ctrl Pts',(100.175134336719,-136.728204100221,7.50200983547509));
#9990=CARTESIAN_POINT('Ctrl Pts',(99.6383224910707,-136.503496992441,8.));
#9991=CARTESIAN_POINT('',(15.7945251380262,-169.264683190748,7.));
#9992=CARTESIAN_POINT('Ctrl Pts',(16.2993647140612,-168.212159815865,8.));
#9993=CARTESIAN_POINT('Ctrl Pts',(16.0476895271882,-168.736869108948,7.50200983547502));
#9994=CARTESIAN_POINT('Ctrl Pts',(15.7945251380262,-169.264683190748,7.));
#9995=CARTESIAN_POINT('Origin',(0.,0.,7.));
#9996=CARTESIAN_POINT('Origin',(0.,0.,8.));
#9997=CARTESIAN_POINT('',(15.794525138117,-169.264683190559,-2.));
#9998=CARTESIAN_POINT('',(15.7945251380262,-169.264683190748,8.));
#9999=CARTESIAN_POINT('',(100.71512258407,-136.954240835962,-2.));
#10000=CARTESIAN_POINT('Origin',(0.,0.,-2.));
#10001=CARTESIAN_POINT('',(100.71512258382,-136.954240835857,8.));
#10002=CARTESIAN_POINT('Origin',(15.794525138117,-169.264683190559,-2.));
#10003=CARTESIAN_POINT('',(17.8169286231787,-165.048240893798,-2.));
#10004=CARTESIAN_POINT('',(17.8169286231787,-165.048240893798,-2.));
#10005=CARTESIAN_POINT('',(47.3188010837888,-103.540760415556,-2.));
#10006=CARTESIAN_POINT('Origin',(104.108259309549,129.305201408282,-2.));
#10007=CARTESIAN_POINT('',(111.961104654357,122.568657544671,-2.));
#10008=CARTESIAN_POINT('',(111.961104654357,122.568657544671,-2.));
#10009=CARTESIAN_POINT('',(106.071470645267,127.621065442794,-2.));
#10010=CARTESIAN_POINT('Origin',(111.961104654357,122.568657544671,-2.));
#10011=CARTESIAN_POINT('',(98.9526933930486,53.2232436562622,-2.));
#10012=CARTESIAN_POINT('Origin',(135.148546585472,96.4014269788923,-2.));
#10013=CARTESIAN_POINT('',(135.148546585472,96.4014269788923,-2.));
#10014=CARTESIAN_POINT('',(107.905079562408,31.3184130991774,-2.));
#10015=CARTESIAN_POINT('',(135.148546585472,96.4014269788923,-2.));
#10016=CARTESIAN_POINT('Origin',(128.880749522406,104.633250786826,-2.));
#10017=CARTESIAN_POINT('',(130.447698787354,102.575294835918,-2.));
#10018=CARTESIAN_POINT('Origin',(165.048240893798,17.8169286231787,-2.));
#10019=CARTESIAN_POINT('',(165.837585241002,7.50067258053602,-2.));
#10020=CARTESIAN_POINT('',(165.837585241002,7.50067258053602,-2.));
#10021=CARTESIAN_POINT('',(165.24557698055,15.2378646131534,-2.));
#10022=CARTESIAN_POINT('Origin',(165.837585241002,7.50067258053602,-2.));
#10023=CARTESIAN_POINT('',(107.604637020985,-32.335604008811,-2.));
#10024=CARTESIAN_POINT('Origin',(163.730556490927,-27.3983510252583,-2.));
#10025=CARTESIAN_POINT('',(163.730556490927,-27.3983510252583,-2.));
#10026=CARTESIAN_POINT('',(98.4458757614824,-54.1549512046225,-2.));
#10027=CARTESIAN_POINT('',(163.730556490927,-27.3983510252583,-2.));
#10028=CARTESIAN_POINT('Origin',(165.119333120656,-17.1455707827409,-2.));
#10029=CARTESIAN_POINT('',(164.772138963405,-19.7087658420306,-2.));
#10030=CARTESIAN_POINT('Origin',(129.305201408282,-104.108259309549,-2.));
#10031=CARTESIAN_POINT('',(122.568657544671,-111.961104654357,-2.));
#10032=CARTESIAN_POINT('',(122.568657544671,-111.961104654357,-2.));
#10033=CARTESIAN_POINT('',(127.621065442794,-106.071470645267,-2.));
#10034=CARTESIAN_POINT('Origin',(122.568657544671,-111.961104654357,-2.));
#10035=CARTESIAN_POINT('',(53.2232436562622,-98.9526933930486,-2.));
#10036=CARTESIAN_POINT('Origin',(96.4014269788924,-135.148546585471,-2.));
#10037=CARTESIAN_POINT('',(96.4014269788924,-135.148546585471,-2.));
#10038=CARTESIAN_POINT('',(31.3184130991774,-107.905079562408,-2.));
#10039=CARTESIAN_POINT('',(96.4014269788924,-135.148546585471,-2.));
#10040=CARTESIAN_POINT('Origin',(104.633250786826,-128.880749522406,-2.));
#10041=CARTESIAN_POINT('',(102.575294835918,-130.447698787354,-2.));
#10042=CARTESIAN_POINT('Origin',(17.8169286231787,-165.048240893798,-2.));
#10043=CARTESIAN_POINT('',(7.50067258053602,-165.837585241002,-2.));
#10044=CARTESIAN_POINT('',(7.50067258053602,-165.837585241002,-2.));
#10045=CARTESIAN_POINT('',(15.2378646131534,-165.24557698055,-2.));
#10046=CARTESIAN_POINT('Origin',(7.50067258053602,-165.837585241002,-2.));
#10047=CARTESIAN_POINT('',(10.1410169809242,-169.697259184322,-2.));
#10048=CARTESIAN_POINT('',(10.1410169807722,-169.6972591841,8.));
#10049=CARTESIAN_POINT('',(-32.335604008811,-107.604637020985,-2.));
#10050=CARTESIAN_POINT('Origin',(-27.3983510252583,-163.730556490927,-2.));
#10051=CARTESIAN_POINT('',(-25.6249262601341,-168.057618554594,-2.));
#10052=CARTESIAN_POINT('',(-25.6249262602366,-168.057618554344,8.));
#10053=CARTESIAN_POINT('',(-27.3983510252583,-163.730556490927,-2.));
#10054=CARTESIAN_POINT('',(-54.1549512046225,-98.4458757614824,-2.));
#10055=CARTESIAN_POINT('',(-27.3983510252583,-163.730556490927,-2.));
#10056=CARTESIAN_POINT('Origin',(-17.1455707827409,-165.119333120656,-2.));
#10057=CARTESIAN_POINT('',(-19.7087658420306,-164.772138963405,-2.));
#10058=CARTESIAN_POINT('Origin',(-104.108259309549,-129.305201408282,-2.));
#10059=CARTESIAN_POINT('',(-111.961104654357,-122.568657544671,-2.));
#10060=CARTESIAN_POINT('',(-111.961104654357,-122.568657544671,-2.));
#10061=CARTESIAN_POINT('',(-106.071470645267,-127.621065442794,-2.));
#10062=CARTESIAN_POINT('Origin',(-111.961104654357,-122.568657544671,-2.));
#10063=CARTESIAN_POINT('',(-112.823300842666,-127.164864593345,-2.));
#10064=CARTESIAN_POINT('',(-112.823300842616,-127.16486459308,8.));
#10065=CARTESIAN_POINT('',(-98.9526933930486,-53.2232436562622,-2.));
#10066=CARTESIAN_POINT('Origin',(-135.148546585471,-96.4014269788924,-2.));
#10067=CARTESIAN_POINT('',(-136.954240835962,-100.71512258407,-2.));
#10068=CARTESIAN_POINT('',(-136.954240835857,-100.71512258382,8.));
#10069=CARTESIAN_POINT('',(-135.148546585471,-96.4014269788924,-2.));
#10070=CARTESIAN_POINT('',(-107.905079562408,-31.3184130991774,-2.));
#10071=CARTESIAN_POINT('',(-135.148546585471,-96.4014269788924,-2.));
#10072=CARTESIAN_POINT('Origin',(-128.880749522406,-104.633250786826,-2.));
#10073=CARTESIAN_POINT('',(-130.447698787354,-102.575294835918,-2.));
#10074=CARTESIAN_POINT('Origin',(-165.048240893798,-17.8169286231787,-2.));
#10075=CARTESIAN_POINT('',(-165.837585241002,-7.50067258053606,-2.));
#10076=CARTESIAN_POINT('',(-165.837585241002,-7.50067258053606,-2.));
#10077=CARTESIAN_POINT('',(-165.24557698055,-15.2378646131535,-2.));
#10078=CARTESIAN_POINT('Origin',(-165.837585241002,-7.50067258053606,-2.));
#10079=CARTESIAN_POINT('',(-169.697259184322,-10.1410169809242,-2.));
#10080=CARTESIAN_POINT('',(-169.6972591841,-10.1410169807722,8.));
#10081=CARTESIAN_POINT('',(-107.604637020985,32.335604008811,-2.));
#10082=CARTESIAN_POINT('Origin',(-163.730556490928,27.3983510252583,-2.));
#10083=CARTESIAN_POINT('',(-168.057618554594,25.6249262601341,-2.));
#10084=CARTESIAN_POINT('',(-168.057618554344,25.6249262602366,8.));
#10085=CARTESIAN_POINT('',(-163.730556490928,27.3983510252583,-2.));
#10086=CARTESIAN_POINT('',(-98.4458757614824,54.1549512046225,-2.));
#10087=CARTESIAN_POINT('',(-163.730556490928,27.3983510252583,-2.));
#10088=CARTESIAN_POINT('Origin',(-165.119333120656,17.1455707827408,-2.));
#10089=CARTESIAN_POINT('',(-164.772138963405,19.7087658420306,-2.));
#10090=CARTESIAN_POINT('Origin',(-129.305201408282,104.108259309549,-2.));
#10091=CARTESIAN_POINT('',(-122.568657544672,111.961104654357,-2.));
#10092=CARTESIAN_POINT('',(-122.568657544672,111.961104654357,-2.));
#10093=CARTESIAN_POINT('',(-127.621065442794,106.071470645267,-2.));
#10094=CARTESIAN_POINT('Origin',(-122.568657544672,111.961104654357,-2.));
#10095=CARTESIAN_POINT('',(-127.164864593345,112.823300842666,-2.));
#10096=CARTESIAN_POINT('',(-127.16486459308,112.823300842616,8.));
#10097=CARTESIAN_POINT('',(-53.2232436562622,98.9526933930486,-2.));
#10098=CARTESIAN_POINT('Origin',(-96.4014269788924,135.148546585471,-2.));
#10099=CARTESIAN_POINT('',(-100.71512258407,136.954240835962,-2.));
#10100=CARTESIAN_POINT('',(-100.71512258382,136.954240835857,8.));
#10101=CARTESIAN_POINT('',(-96.4014269788924,135.148546585471,-2.));
#10102=CARTESIAN_POINT('',(-31.3184130991774,107.905079562408,-2.));
#10103=CARTESIAN_POINT('',(-96.4014269788924,135.148546585471,-2.));
#10104=CARTESIAN_POINT('Origin',(-104.633250786826,128.880749522406,-2.));
#10105=CARTESIAN_POINT('',(-102.575294835918,130.447698787354,-2.));
#10106=CARTESIAN_POINT('Origin',(0.,0.,8.));
#10107=CARTESIAN_POINT('Origin',(0.,0.,-2.));
#10108=CARTESIAN_POINT('Origin',(0.,0.,8.));
#10109=CARTESIAN_POINT('Origin',(0.,0.,-2.));
#10110=CARTESIAN_POINT('Origin',(0.,0.,8.));
#10111=CARTESIAN_POINT('Origin',(0.,0.,-2.));
#10112=CARTESIAN_POINT('Origin',(0.,0.,8.));
#10113=CARTESIAN_POINT('Origin',(0.,0.,-2.));
#10114=CARTESIAN_POINT('Origin',(0.,0.,8.));
#10115=CARTESIAN_POINT('Origin',(0.,0.,-2.));
#10116=CARTESIAN_POINT('Origin',(0.,0.,8.));
#10117=CARTESIAN_POINT('Origin',(0.,0.,-2.));
#10118=CARTESIAN_POINT('Origin',(0.,0.,8.));
#10119=CARTESIAN_POINT('Origin',(0.,0.,-2.));
#10120=CARTESIAN_POINT('Origin',(0.,0.,8.));
#10121=CARTESIAN_POINT('Origin',(0.,0.,-2.));
#10122=CARTESIAN_POINT('Origin',(-17.8169286231787,165.048240893798,-2.));
#10123=CARTESIAN_POINT('',(-7.50067258053605,165.837585241002,-2.));
#10124=CARTESIAN_POINT('',(-7.50067258053605,165.837585241002,-2.));
#10125=CARTESIAN_POINT('',(-15.2378646131535,165.24557698055,-2.));
#10126=CARTESIAN_POINT('Origin',(-7.50067258053605,165.837585241002,-2.));
#10127=CARTESIAN_POINT('',(-10.1410169809242,169.697259184322,-2.));
#10128=CARTESIAN_POINT('',(-10.1410169807722,169.6972591841,8.));
#10129=CARTESIAN_POINT('',(32.335604008811,107.604637020985,-2.));
#10130=CARTESIAN_POINT('Origin',(17.1455707827408,165.119333120656,-2.));
#10131=CARTESIAN_POINT('',(27.3983510252583,163.730556490927,-2.));
#10132=CARTESIAN_POINT('',(27.3983510252583,163.730556490927,-2.));
#10133=CARTESIAN_POINT('',(19.7087658420306,164.772138963405,-2.));
#10134=CARTESIAN_POINT('Origin',(27.3983510252583,163.730556490927,-2.));
#10135=CARTESIAN_POINT('',(54.1549512046225,98.4458757614824,-2.));
#10136=CARTESIAN_POINT('Origin',(71.5783106978778,141.977270848675,-2.));
#10137=CARTESIAN_POINT('',(73.8292009713959,146.44196490052,4.));
#10138=CARTESIAN_POINT('',(75.9084377168,139.477270848675,4.));
#10139=CARTESIAN_POINT('Origin',(71.5783106978778,141.977270848675,4.));
#10140=CARTESIAN_POINT('',(73.8292009713959,146.44196490052,-2.));
#10141=CARTESIAN_POINT('',(73.8292009713959,146.44196490052,-2.));
#10142=CARTESIAN_POINT('',(75.9084377168,139.477270848675,-2.));
#10143=CARTESIAN_POINT('Origin',(71.5783106978778,141.977270848675,-2.));
#10144=CARTESIAN_POINT('',(75.9084377168,139.477270848675,-2.));
#10145=CARTESIAN_POINT('Origin',(2.22044604925031E-14,110.745405024977,
4.));
#10146=CARTESIAN_POINT('',(30.8420202875198,61.4199461460544,4.));
#10147=CARTESIAN_POINT('',(79.748011495271,146.127607712396,4.));
#10148=CARTESIAN_POINT('',(24.596294043988,59.3014529274088,4.));
#10149=CARTESIAN_POINT('Origin',(26.5118932685976,63.9199461460544,4.));
#10150=CARTESIAN_POINT('',(-24.5962940439879,59.3014529274088,4.));
#10151=CARTESIAN_POINT('Origin',(0.,0.,4.));
#10152=CARTESIAN_POINT('',(-30.8420202875198,61.4199461460544,4.));
#10153=CARTESIAN_POINT('Origin',(-26.5118932685976,63.9199461460544,4.));
#10154=CARTESIAN_POINT('',(-75.9084377167999,139.477270848675,4.));
#10155=CARTESIAN_POINT('',(-25.7834085354457,52.658173575697,4.));
#10156=CARTESIAN_POINT('',(-73.8292009713959,146.44196490052,4.));
#10157=CARTESIAN_POINT('Origin',(-71.5783106978777,141.977270848675,4.));
#10158=CARTESIAN_POINT('Origin',(0.,0.,4.));
#10159=CARTESIAN_POINT('Origin',(28.5735325047532,57.4908100499533,-2.));
#10160=CARTESIAN_POINT('',(30.8420202875198,61.4199461460544,-2.));
#10161=CARTESIAN_POINT('',(12.5547154448077,29.7454050249766,-2.));
#10162=CARTESIAN_POINT('',(30.8420202875198,61.4199461460544,8.));
#10163=CARTESIAN_POINT('Origin',(26.5118932685976,63.9199461460544,8.));
#10164=CARTESIAN_POINT('',(24.596294043988,59.3014529274088,-2.));
#10165=CARTESIAN_POINT('Origin',(26.5118932685976,63.9199461460544,-2.));
#10166=CARTESIAN_POINT('',(24.596294043988,59.3014529274088,8.));
#10167=CARTESIAN_POINT('Origin',(-26.5118932685976,63.9199461460544,8.));
#10168=CARTESIAN_POINT('',(-24.5962940439879,59.3014529274088,-2.));
#10169=CARTESIAN_POINT('',(-24.5962940439879,59.3014529274088,8.));
#10170=CARTESIAN_POINT('',(-30.8420202875198,61.4199461460544,-2.));
#10171=CARTESIAN_POINT('Origin',(-26.5118932685976,63.9199461460544,-2.));
#10172=CARTESIAN_POINT('',(-30.8420202875198,61.4199461460544,8.));
#10173=CARTESIAN_POINT('Origin',(-78.511504512539,143.985914794391,-2.));
#10174=CARTESIAN_POINT('',(-75.9084377167999,139.477270848675,-2.));
#10175=CARTESIAN_POINT('',(-37.5237014487006,72.9929573971954,-2.));
#10176=CARTESIAN_POINT('',(-75.9084377167999,139.477270848675,-2.));
#10177=CARTESIAN_POINT('Origin',(-71.5783106978777,141.977270848675,-2.));
#10178=CARTESIAN_POINT('',(-73.8292009713959,146.44196490052,-2.));
#10179=CARTESIAN_POINT('Origin',(-71.5783106978777,141.977270848675,-2.));
#10180=CARTESIAN_POINT('',(-73.8292009713959,146.44196490052,-2.));
#10181=CARTESIAN_POINT('Origin',(0.,0.,-2.));
#10182=CARTESIAN_POINT('Origin',(0.,0.,-2.));
#10183=CARTESIAN_POINT('Origin',(158.745078663875,8.99999999999996,-2.));
#10184=CARTESIAN_POINT('',(163.737062269658,9.28301886792449,4.));
#10185=CARTESIAN_POINT('',(158.745078663875,3.99999999999999,4.));
#10186=CARTESIAN_POINT('Origin',(158.745078663875,8.99999999999996,4.));
#10187=CARTESIAN_POINT('',(163.737062269658,9.28301886792449,-2.));
#10188=CARTESIAN_POINT('',(163.737062269658,9.28301886792449,-2.));
#10189=CARTESIAN_POINT('',(158.745078663875,3.99999999999999,-2.));
#10190=CARTESIAN_POINT('Origin',(158.745078663875,8.99999999999996,-2.));
#10191=CARTESIAN_POINT('',(158.745078663875,3.99999999999999,-2.));
#10192=CARTESIAN_POINT('Origin',(0.,0.,-2.));
#10193=CARTESIAN_POINT('',(89.9078612982617,137.158946032596,4.));
#10194=CARTESIAN_POINT('Origin',(0.,0.,4.));
#10195=CARTESIAN_POINT('',(89.9078612982617,137.158946032596,-2.));
#10196=CARTESIAN_POINT('',(89.9078612982617,137.158946032596,-2.));
#10197=CARTESIAN_POINT('Origin',(0.,0.,-2.));
#10198=CARTESIAN_POINT('Origin',(68.6122438053151,9.00000000000001,8.));
#10199=CARTESIAN_POINT('',(68.6122438053151,4.00000000000001,4.));
#10200=CARTESIAN_POINT('',(63.6547117384571,8.34971098265896,4.));
#10201=CARTESIAN_POINT('Origin',(68.6122438053151,9.00000000000001,4.));
#10202=CARTESIAN_POINT('',(68.6122438053151,4.00000000000001,-2.));
#10203=CARTESIAN_POINT('',(68.6122438053151,4.00000000000001,8.));
#10204=CARTESIAN_POINT('',(63.6547117384571,8.34971098265896,-2.));
#10205=CARTESIAN_POINT('Origin',(68.6122438053151,9.00000000000001,-2.));
#10206=CARTESIAN_POINT('',(63.6547117384571,8.34971098265896,8.));
#10207=CARTESIAN_POINT('Origin',(99.7264739951911,71.9929573971954,4.));
#10208=CARTESIAN_POINT('',(166.424226220818,3.99999999999999,4.));
#10209=CARTESIAN_POINT('',(39.0584176944691,50.9517419447499,4.));
#10210=CARTESIAN_POINT('Origin',(0.,0.,4.));
#10211=CARTESIAN_POINT('',(37.7702235177953,57.4199461460544,4.));
#10212=CARTESIAN_POINT('Origin',(42.1003505367175,54.9199461460544,4.));
#10213=CARTESIAN_POINT('',(82.8366409470755,135.477270848675,4.));
#10214=CARTESIAN_POINT('',(32.7116117657212,48.658173575697,4.));
#10215=CARTESIAN_POINT('Origin',(87.1667679659976,132.977270848675,4.));
#10216=CARTESIAN_POINT('Origin',(0.,0.,8.));
#10217=CARTESIAN_POINT('',(39.0584176944691,50.9517419447499,-2.));
#10218=CARTESIAN_POINT('Origin',(0.,0.,-2.));
#10219=CARTESIAN_POINT('',(39.0584176944691,50.9517419447499,8.));
#10220=CARTESIAN_POINT('Origin',(42.1003505367175,54.9199461460544,8.));
#10221=CARTESIAN_POINT('',(37.7702235177953,57.4199461460544,-2.));
#10222=CARTESIAN_POINT('Origin',(42.1003505367175,54.9199461460544,-2.));
#10223=CARTESIAN_POINT('',(37.7702235177953,57.4199461460544,8.));
#10224=CARTESIAN_POINT('Origin',(85.4397077428145,139.985914794391,-2.));
#10225=CARTESIAN_POINT('',(82.8366409470755,135.477270848675,-2.));
#10226=CARTESIAN_POINT('',(44.4519046789761,68.9929573971954,-2.));
#10227=CARTESIAN_POINT('',(82.8366409470755,135.477270848675,-2.));
#10228=CARTESIAN_POINT('Origin',(87.1667679659976,132.977270848675,-2.));
#10229=CARTESIAN_POINT('Origin',(87.1667679659976,132.977270848675,-2.));
#10230=CARTESIAN_POINT('Origin',(87.1667679659975,-132.977270848675,-2.));
#10231=CARTESIAN_POINT('',(89.9078612982616,-137.158946032596,4.));
#10232=CARTESIAN_POINT('',(82.8366409470754,-135.477270848675,4.));
#10233=CARTESIAN_POINT('Origin',(87.1667679659975,-132.977270848675,4.));
#10234=CARTESIAN_POINT('',(89.9078612982616,-137.158946032596,-2.));
#10235=CARTESIAN_POINT('',(89.9078612982616,-137.158946032596,-2.));
#10236=CARTESIAN_POINT('',(82.8366409470754,-135.477270848675,-2.));
#10237=CARTESIAN_POINT('Origin',(87.1667679659975,-132.977270848675,-2.));
#10238=CARTESIAN_POINT('',(82.8366409470754,-135.477270848675,-2.));
#10239=CARTESIAN_POINT('Origin',(0.,0.,-2.));
#10240=CARTESIAN_POINT('',(163.737062269658,-9.28301886792456,4.));
#10241=CARTESIAN_POINT('Origin',(0.,0.,4.));
#10242=CARTESIAN_POINT('',(163.737062269658,-9.28301886792456,-2.));
#10243=CARTESIAN_POINT('',(163.737062269658,-9.28301886792456,-2.));
#10244=CARTESIAN_POINT('Origin',(0.,0.,-2.));
#10245=CARTESIAN_POINT('Origin',(42.1003505367175,-54.9199461460544,8.));
#10246=CARTESIAN_POINT('',(37.7702235177953,-57.4199461460544,4.));
#10247=CARTESIAN_POINT('',(39.0584176944691,-50.9517419447499,4.));
#10248=CARTESIAN_POINT('Origin',(42.1003505367175,-54.9199461460544,4.));
#10249=CARTESIAN_POINT('',(37.7702235177953,-57.4199461460544,-2.));
#10250=CARTESIAN_POINT('',(37.7702235177953,-57.4199461460544,8.));
#10251=CARTESIAN_POINT('',(39.0584176944691,-50.9517419447499,-2.));
#10252=CARTESIAN_POINT('Origin',(42.1003505367175,-54.9199461460544,-2.));
#10253=CARTESIAN_POINT('',(39.0584176944691,-50.9517419447499,8.));
#10254=CARTESIAN_POINT('Origin',(99.7264739951911,-71.9929573971954,4.));
#10255=CARTESIAN_POINT('',(86.6762147255464,-142.127607712396,4.));
#10256=CARTESIAN_POINT('',(63.6547117384571,-8.34971098265896,4.));
#10257=CARTESIAN_POINT('Origin',(0.,0.,4.));
#10258=CARTESIAN_POINT('',(68.6122438053151,-4.,4.));
#10259=CARTESIAN_POINT('Origin',(68.6122438053151,-9.,4.));
#10260=CARTESIAN_POINT('',(158.745078663875,-4.,4.));
#10261=CARTESIAN_POINT('',(58.4950203011669,-4.,4.));
#10262=CARTESIAN_POINT('Origin',(158.745078663875,-9.00000000000004,4.));
#10263=CARTESIAN_POINT('Origin',(0.,0.,8.));
#10264=CARTESIAN_POINT('',(63.6547117384571,-8.34971098265896,-2.));
#10265=CARTESIAN_POINT('Origin',(0.,0.,-2.));
#10266=CARTESIAN_POINT('',(63.6547117384571,-8.34971098265896,8.));
#10267=CARTESIAN_POINT('Origin',(68.6122438053151,-9.,8.));
#10268=CARTESIAN_POINT('',(68.6122438053151,-4.,-2.));
#10269=CARTESIAN_POINT('Origin',(68.6122438053151,-9.,-2.));
#10270=CARTESIAN_POINT('',(68.6122438053151,-4.,8.));
#10271=CARTESIAN_POINT('Origin',(163.951212255354,-4.,-2.));
#10272=CARTESIAN_POINT('',(158.745078663875,-4.,-2.));
#10273=CARTESIAN_POINT('',(81.9756061276768,-4.,-2.));
#10274=CARTESIAN_POINT('',(158.745078663875,-4.,-2.));
#10275=CARTESIAN_POINT('Origin',(158.745078663875,-9.00000000000004,-2.));
#10276=CARTESIAN_POINT('Origin',(158.745078663875,-9.00000000000004,-2.));
#10277=CARTESIAN_POINT('Origin',(-71.5783106978778,-141.977270848675,-2.));
#10278=CARTESIAN_POINT('',(-73.829200971396,-146.44196490052,4.));
#10279=CARTESIAN_POINT('',(-75.9084377168,-139.477270848675,4.));
#10280=CARTESIAN_POINT('Origin',(-71.5783106978778,-141.977270848675,4.));
#10281=CARTESIAN_POINT('',(-73.829200971396,-146.44196490052,-2.));
#10282=CARTESIAN_POINT('',(-73.829200971396,-146.44196490052,-2.));
#10283=CARTESIAN_POINT('',(-75.9084377168,-139.477270848675,-2.));
#10284=CARTESIAN_POINT('Origin',(-71.5783106978778,-141.977270848675,-2.));
#10285=CARTESIAN_POINT('',(-75.9084377168,-139.477270848675,-2.));
#10286=CARTESIAN_POINT('Origin',(0.,0.,-2.));
#10287=CARTESIAN_POINT('',(73.8292009713958,-146.44196490052,4.));
#10288=CARTESIAN_POINT('Origin',(0.,0.,4.));
#10289=CARTESIAN_POINT('',(73.8292009713958,-146.44196490052,-2.));
#10290=CARTESIAN_POINT('',(73.8292009713958,-146.44196490052,-2.));
#10291=CARTESIAN_POINT('Origin',(0.,0.,-2.));
#10292=CARTESIAN_POINT('Origin',(-26.5118932685976,-63.9199461460543,8.));
#10293=CARTESIAN_POINT('',(-30.8420202875198,-61.4199461460543,4.));
#10294=CARTESIAN_POINT('',(-24.596294043988,-59.3014529274088,4.));
#10295=CARTESIAN_POINT('Origin',(-26.5118932685976,-63.9199461460543,4.));
#10296=CARTESIAN_POINT('',(-30.8420202875198,-61.4199461460544,-2.));
#10297=CARTESIAN_POINT('',(-30.8420202875198,-61.4199461460543,8.));
#10298=CARTESIAN_POINT('',(-24.596294043988,-59.3014529274088,-2.));
#10299=CARTESIAN_POINT('Origin',(-26.5118932685976,-63.9199461460543,-2.));
#10300=CARTESIAN_POINT('',(-24.596294043988,-59.3014529274088,8.));
#10301=CARTESIAN_POINT('Origin',(-8.43769498715119E-14,-110.745405024977,
4.));
#10302=CARTESIAN_POINT('',(-79.7480114952711,-146.127607712396,4.));
#10303=CARTESIAN_POINT('',(24.5962940439879,-59.3014529274088,4.));
#10304=CARTESIAN_POINT('Origin',(0.,0.,4.));
#10305=CARTESIAN_POINT('',(30.8420202875197,-61.4199461460544,4.));
#10306=CARTESIAN_POINT('Origin',(26.5118932685975,-63.9199461460544,4.));
#10307=CARTESIAN_POINT('',(75.9084377167999,-139.477270848675,4.));
#10308=CARTESIAN_POINT('',(25.7834085354457,-52.658173575697,4.));
#10309=CARTESIAN_POINT('Origin',(71.5783106978777,-141.977270848675,4.));
#10310=CARTESIAN_POINT('Origin',(0.,0.,8.));
#10311=CARTESIAN_POINT('',(24.5962940439879,-59.3014529274088,-2.));
#10312=CARTESIAN_POINT('Origin',(0.,0.,-2.));
#10313=CARTESIAN_POINT('',(24.5962940439879,-59.3014529274088,8.));
#10314=CARTESIAN_POINT('Origin',(26.5118932685975,-63.9199461460544,8.));
#10315=CARTESIAN_POINT('',(30.8420202875197,-61.4199461460544,-2.));
#10316=CARTESIAN_POINT('Origin',(26.5118932685975,-63.9199461460544,-2.));
#10317=CARTESIAN_POINT('',(30.8420202875198,-61.4199461460544,8.));
#10318=CARTESIAN_POINT('Origin',(78.5115045125389,-143.985914794391,-2.));
#10319=CARTESIAN_POINT('',(75.9084377167999,-139.477270848675,-2.));
#10320=CARTESIAN_POINT('',(37.5237014487006,-72.9929573971954,-2.));
#10321=CARTESIAN_POINT('',(75.9084377167999,-139.477270848675,-2.));
#10322=CARTESIAN_POINT('Origin',(71.5783106978777,-141.977270848675,-2.));
#10323=CARTESIAN_POINT('Origin',(71.5783106978777,-141.977270848675,-2.));
#10324=CARTESIAN_POINT('Origin',(-158.745078663875,-8.99999999999998,-2.));
#10325=CARTESIAN_POINT('',(-163.737062269658,-9.2830188679245,4.));
#10326=CARTESIAN_POINT('',(-158.745078663875,-3.99999999999997,4.));
#10327=CARTESIAN_POINT('Origin',(-158.745078663875,-8.99999999999998,4.));
#10328=CARTESIAN_POINT('',(-163.737062269658,-9.2830188679245,-2.));
#10329=CARTESIAN_POINT('',(-163.737062269658,-9.2830188679245,-2.));
#10330=CARTESIAN_POINT('',(-158.745078663875,-3.99999999999998,-2.));
#10331=CARTESIAN_POINT('Origin',(-158.745078663875,-8.99999999999998,-2.));
#10332=CARTESIAN_POINT('',(-158.745078663875,-3.99999999999997,-2.));
#10333=CARTESIAN_POINT('Origin',(0.,0.,-2.));
#10334=CARTESIAN_POINT('',(-89.9078612982618,-137.158946032596,4.));
#10335=CARTESIAN_POINT('Origin',(0.,0.,4.));
#10336=CARTESIAN_POINT('',(-89.9078612982618,-137.158946032596,-2.));
#10337=CARTESIAN_POINT('',(-89.9078612982618,-137.158946032596,-2.));
#10338=CARTESIAN_POINT('Origin',(0.,0.,-2.));
#10339=CARTESIAN_POINT('Origin',(-68.6122438053151,-8.99999999999998,8.));
#10340=CARTESIAN_POINT('',(-68.6122438053151,-4.,4.));
#10341=CARTESIAN_POINT('',(-63.6547117384571,-8.34971098265894,4.));
#10342=CARTESIAN_POINT('Origin',(-68.6122438053151,-8.99999999999998,4.));
#10343=CARTESIAN_POINT('',(-68.6122438053151,-4.,-2.));
#10344=CARTESIAN_POINT('',(-68.6122438053151,-4.,8.));
#10345=CARTESIAN_POINT('',(-63.6547117384571,-8.34971098265894,-2.));
#10346=CARTESIAN_POINT('Origin',(-68.6122438053151,-8.99999999999998,-2.));
#10347=CARTESIAN_POINT('',(-63.6547117384571,-8.34971098265894,8.));
#10348=CARTESIAN_POINT('Origin',(-99.7264739951911,-71.9929573971953,4.));
#10349=CARTESIAN_POINT('',(-166.424226220818,-3.99999999999997,4.));
#10350=CARTESIAN_POINT('',(-39.0584176944691,-50.9517419447498,4.));
#10351=CARTESIAN_POINT('Origin',(0.,0.,4.));
#10352=CARTESIAN_POINT('',(-37.7702235177953,-57.4199461460543,4.));
#10353=CARTESIAN_POINT('Origin',(-42.1003505367175,-54.9199461460543,4.));
#10354=CARTESIAN_POINT('',(-82.8366409470755,-135.477270848675,4.));
#10355=CARTESIAN_POINT('',(-32.7116117657212,-48.658173575697,4.));
#10356=CARTESIAN_POINT('Origin',(-87.1667679659977,-132.977270848675,4.));
#10357=CARTESIAN_POINT('Origin',(0.,0.,8.));
#10358=CARTESIAN_POINT('',(-39.0584176944691,-50.9517419447498,-2.));
#10359=CARTESIAN_POINT('Origin',(0.,0.,-2.));
#10360=CARTESIAN_POINT('',(-39.0584176944691,-50.9517419447498,8.));
#10361=CARTESIAN_POINT('Origin',(-42.1003505367175,-54.9199461460543,8.));
#10362=CARTESIAN_POINT('',(-37.7702235177953,-57.4199461460543,-2.));
#10363=CARTESIAN_POINT('Origin',(-42.1003505367175,-54.9199461460543,-2.));
#10364=CARTESIAN_POINT('',(-37.7702235177953,-57.4199461460543,8.));
#10365=CARTESIAN_POINT('Origin',(-85.4397077428146,-139.985914794391,-2.));
#10366=CARTESIAN_POINT('',(-82.8366409470755,-135.477270848675,-2.));
#10367=CARTESIAN_POINT('',(-44.4519046789762,-68.9929573971954,-2.));
#10368=CARTESIAN_POINT('',(-82.8366409470755,-135.477270848675,-2.));
#10369=CARTESIAN_POINT('Origin',(-87.1667679659977,-132.977270848675,-2.));
#10370=CARTESIAN_POINT('Origin',(-87.1667679659977,-132.977270848675,-2.));
#10371=CARTESIAN_POINT('Origin',(-87.1667679659976,132.977270848675,-2.));
#10372=CARTESIAN_POINT('',(-89.9078612982617,137.158946032596,4.));
#10373=CARTESIAN_POINT('',(-82.8366409470754,135.477270848675,4.));
#10374=CARTESIAN_POINT('Origin',(-87.1667679659976,132.977270848675,4.));
#10375=CARTESIAN_POINT('',(-89.9078612982617,137.158946032596,-2.));
#10376=CARTESIAN_POINT('',(-89.9078612982617,137.158946032596,-2.));
#10377=CARTESIAN_POINT('',(-82.8366409470754,135.477270848675,-2.));
#10378=CARTESIAN_POINT('Origin',(-87.1667679659976,132.977270848675,-2.));
#10379=CARTESIAN_POINT('',(-82.8366409470754,135.477270848675,-2.));
#10380=CARTESIAN_POINT('Origin',(0.,0.,-2.));
#10381=CARTESIAN_POINT('',(-163.737062269658,9.28301886792455,4.));
#10382=CARTESIAN_POINT('Origin',(0.,0.,4.));
#10383=CARTESIAN_POINT('',(-163.737062269658,9.28301886792455,-2.));
#10384=CARTESIAN_POINT('',(-163.737062269658,9.28301886792455,-2.));
#10385=CARTESIAN_POINT('Origin',(0.,0.,-2.));
#10386=CARTESIAN_POINT('Origin',(-42.1003505367175,54.9199461460544,8.));
#10387=CARTESIAN_POINT('',(-37.7702235177953,57.4199461460544,4.));
#10388=CARTESIAN_POINT('',(-39.0584176944691,50.9517419447499,4.));
#10389=CARTESIAN_POINT('Origin',(-42.1003505367175,54.9199461460544,4.));
#10390=CARTESIAN_POINT('',(-37.7702235177953,57.4199461460544,-2.));
#10391=CARTESIAN_POINT('',(-37.7702235177953,57.4199461460544,8.));
#10392=CARTESIAN_POINT('',(-39.0584176944691,50.9517419447499,-2.));
#10393=CARTESIAN_POINT('Origin',(-42.1003505367175,54.9199461460544,-2.));
#10394=CARTESIAN_POINT('',(-39.0584176944691,50.9517419447499,8.));
#10395=CARTESIAN_POINT('Origin',(-99.7264739951911,71.9929573971954,4.));
#10396=CARTESIAN_POINT('',(-86.6762147255465,142.127607712396,4.));
#10397=CARTESIAN_POINT('',(-63.6547117384571,8.34971098265897,4.));
#10398=CARTESIAN_POINT('Origin',(0.,0.,4.));
#10399=CARTESIAN_POINT('',(-68.6122438053151,4.00000000000001,4.));
#10400=CARTESIAN_POINT('Origin',(-68.6122438053151,9.00000000000001,4.));
#10401=CARTESIAN_POINT('',(-158.745078663875,4.00000000000002,4.));
#10402=CARTESIAN_POINT('',(-58.4950203011669,4.00000000000001,4.));
#10403=CARTESIAN_POINT('Origin',(-158.745078663875,9.00000000000002,4.));
#10404=CARTESIAN_POINT('Origin',(0.,0.,8.));
#10405=CARTESIAN_POINT('',(-63.6547117384571,8.34971098265897,-2.));
#10406=CARTESIAN_POINT('Origin',(0.,0.,-2.));
#10407=CARTESIAN_POINT('',(-63.6547117384571,8.34971098265897,8.));
#10408=CARTESIAN_POINT('Origin',(-68.6122438053151,9.00000000000001,8.));
#10409=CARTESIAN_POINT('',(-68.6122438053151,4.00000000000001,-2.));
#10410=CARTESIAN_POINT('Origin',(-68.6122438053151,9.00000000000001,-2.));
#10411=CARTESIAN_POINT('',(-68.6122438053151,4.00000000000001,8.));
#10412=CARTESIAN_POINT('Origin',(-163.951212255354,4.00000000000002,-2.));
#10413=CARTESIAN_POINT('',(-158.745078663875,4.00000000000002,-2.));
#10414=CARTESIAN_POINT('',(-81.9756061276768,4.00000000000001,-2.));
#10415=CARTESIAN_POINT('',(-158.745078663875,4.00000000000002,-2.));
#10416=CARTESIAN_POINT('Origin',(-158.745078663875,9.00000000000002,-2.));
#10417=CARTESIAN_POINT('Origin',(-158.745078663875,9.00000000000002,-2.));
#10418=CARTESIAN_POINT('Origin',(0.,0.,-4.5));
#10419=CARTESIAN_POINT('',(59.2,7.24990905095233E-15,-7.));
#10420=CARTESIAN_POINT('Origin',(0.,0.,-7.));
#10421=CARTESIAN_POINT('',(64.2,-7.86223245052601E-15,-1.99999999999999));
#10422=CARTESIAN_POINT('',(61.7,-7.55607075073917E-15,-4.5));
#10423=CARTESIAN_POINT('Origin',(0.,0.,-2.));
#10424=CARTESIAN_POINT('Origin',(0.,0.,-2.));
#10425=CARTESIAN_POINT('Origin',(0.,0.,-2.));
#10426=CARTESIAN_POINT('Origin',(0.,0.,-2.));
#10427=CARTESIAN_POINT('Origin',(0.,0.,-2.));
#10428=CARTESIAN_POINT('Origin',(0.,0.,-2.));
#10429=CARTESIAN_POINT('Origin',(0.,0.,-2.));
#10430=CARTESIAN_POINT('Origin',(0.,0.,-2.));
#10431=CARTESIAN_POINT('Origin',(0.,0.,-7.));
#10432=CARTESIAN_POINT('',(45.2,5.53540353214604E-15,-7.));
#10433=CARTESIAN_POINT('Origin',(0.,0.,-7.));
#10434=CARTESIAN_POINT('Origin',(-28.5735325047532,-57.4908100499533,-2.));
#10435=CARTESIAN_POINT('',(-12.5547154448077,-29.7454050249767,-2.));
#10436=CARTESIAN_POINT('Origin',(64.0752682397819,4.00000000000001,-2.));
#10437=CARTESIAN_POINT('',(32.0376341198909,4.00000000000001,-2.));
#10438=CARTESIAN_POINT('Origin',(-35.5017357350287,53.4908100499533,-2.));
#10439=CARTESIAN_POINT('',(-19.4829186750832,25.7454050249767,-2.));
#10440=CARTESIAN_POINT('Origin',(-64.0752682397819,-4.,-2.));
#10441=CARTESIAN_POINT('',(-32.0376341198909,-4.00000000000001,-2.));
#10442=CARTESIAN_POINT('Origin',(35.5017357350287,-53.4908100499534,-2.));
#10443=CARTESIAN_POINT('',(19.4829186750832,-25.7454050249767,-2.));
#10444=CARTESIAN_POINT('Origin',(0.,0.,8.));
#10445=CARTESIAN_POINT('Origin',(0.,0.,-2.));
#10446=CARTESIAN_POINT('Origin',(0.,0.,-2.));
#10447=CARTESIAN_POINT('Origin',(-38.2,-7.01722615911433E-15,0.));
#10448=CARTESIAN_POINT('',(-38.2,3.09999999999999,0.));
#10449=CARTESIAN_POINT('Origin',(-38.2,-7.01722615911433E-15,0.));
#10450=CARTESIAN_POINT('',(-38.2,3.09999999999999,4.));
#10451=CARTESIAN_POINT('',(-38.2,3.09999999999999,0.));
#10452=CARTESIAN_POINT('Origin',(-38.2,-7.01722615911433E-15,4.));
#10453=CARTESIAN_POINT('Origin',(-38.2,-7.01722615911434E-15,4.));
#10454=CARTESIAN_POINT('Origin',(4.67815077274289E-15,-38.2,0.));
#10455=CARTESIAN_POINT('',(-3.09999999999999,-38.2,0.));
#10456=CARTESIAN_POINT('Origin',(4.67815077274289E-15,-38.2,0.));
#10457=CARTESIAN_POINT('',(-3.09999999999999,-38.2,4.));
#10458=CARTESIAN_POINT('',(-3.09999999999999,-38.2,0.));
#10459=CARTESIAN_POINT('Origin',(4.67815077274289E-15,-38.2,4.));
#10460=CARTESIAN_POINT('Origin',(4.67815077274289E-15,-38.2,4.));
#10461=CARTESIAN_POINT('Origin',(38.2,2.33907538637145E-15,0.));
#10462=CARTESIAN_POINT('',(38.2,-3.1,0.));
#10463=CARTESIAN_POINT('Origin',(38.2,2.33907538637145E-15,0.));
#10464=CARTESIAN_POINT('',(38.2,-3.1,4.));
#10465=CARTESIAN_POINT('',(38.2,-3.1,0.));
#10466=CARTESIAN_POINT('Origin',(38.2,2.33907538637145E-15,4.));
#10467=CARTESIAN_POINT('Origin',(38.2,2.33907538637145E-15,4.));
#10468=CARTESIAN_POINT('Origin',(0.,38.2,0.));
#10469=CARTESIAN_POINT('',(3.1,38.2,0.));
#10470=CARTESIAN_POINT('Origin',(0.,38.2,0.));
#10471=CARTESIAN_POINT('',(3.1,38.2,4.));
#10472=CARTESIAN_POINT('',(3.1,38.2,0.));
#10473=CARTESIAN_POINT('Origin',(0.,38.2,4.));
#10474=CARTESIAN_POINT('Origin',(0.,38.2,4.));
#10475=CARTESIAN_POINT('Origin',(0.,0.,8.));
#10476=CARTESIAN_POINT('Origin',(0.,0.,5.));
#10477=CARTESIAN_POINT('',(31.2,3.82089801333974E-15,5.));
#10478=CARTESIAN_POINT('Origin',(0.,0.,5.));
#10479=CARTESIAN_POINT('Origin',(0.,0.,0.));
#10480=CARTESIAN_POINT('',(45.2,5.53540353214604E-15,0.));
#10481=CARTESIAN_POINT('Origin',(0.,0.,0.));
#10482=CARTESIAN_POINT('',(31.2,3.82089801333974E-15,0.));
#10483=CARTESIAN_POINT('Origin',(0.,0.,0.));
#10484=CARTESIAN_POINT('Origin',(0.,0.,0.));
#10485=CARTESIAN_POINT('',(31.2,3.82089801333974E-15,0.));
#10486=CARTESIAN_POINT('Origin',(0.,0.,0.));
#10487=CARTESIAN_POINT('',(45.2,-5.53540353214604E-15,0.));
#10488=CARTESIAN_POINT('',(0.,0.,0.));
#10489=CARTESIAN_POINT('Origin',(-86.8000092490924,176.86061181246,-10.));
#10490=CARTESIAN_POINT('',(-90.7919773374028,179.302610516962,-10.));
#10491=CARTESIAN_POINT('',(-86.8000092490924,176.86061181246,-10.));
#10492=CARTESIAN_POINT('',(-90.7919773374028,179.302610516962,-10.));
#10493=CARTESIAN_POINT('',(-90.7919773374028,179.302610516962,0.));
#10494=CARTESIAN_POINT('',(-90.7919773374028,179.302610516962,0.));
#10495=CARTESIAN_POINT('',(-86.8000092490924,176.86061181246,0.));
#10496=CARTESIAN_POINT('',(-90.7919773374028,179.302610516962,0.));
#10497=CARTESIAN_POINT('',(-86.8000092490924,176.86061181246,-10.));
#10498=CARTESIAN_POINT('Origin',(-95.5844545475942,172.082168467851,-10.));
#10499=CARTESIAN_POINT('',(-95.5844545475941,172.082168467851,-10.));
#10500=CARTESIAN_POINT('',(-86.8000092490924,176.86061181246,-10.));
#10501=CARTESIAN_POINT('',(-95.5844545475941,172.082168467851,0.));
#10502=CARTESIAN_POINT('',(-86.8000092490924,176.86061181246,0.));
#10503=CARTESIAN_POINT('',(-95.5844545475941,172.082168467851,-10.));
#10504=CARTESIAN_POINT('Origin',(-95.4656056776413,176.760313595676,-10.));
#10505=CARTESIAN_POINT('',(-95.4656056776414,176.760313595676,-10.));
#10506=CARTESIAN_POINT('',(-95.5844545475941,172.082168467851,-10.));
#10507=CARTESIAN_POINT('',(-95.4656056776414,176.760313595676,0.));
#10508=CARTESIAN_POINT('',(-95.5844545475941,172.082168467851,0.));
#10509=CARTESIAN_POINT('',(-95.4656056776413,176.760313595676,0.));
#10510=CARTESIAN_POINT('Origin',(-54.0920522582825,189.268884231525,-10.));
#10511=CARTESIAN_POINT('',(-57.4840392434222,192.492793532905,-10.));
#10512=CARTESIAN_POINT('',(-54.0920522582825,189.268884231525,-10.));
#10513=CARTESIAN_POINT('',(-58.328555091793,193.29546244368,-10.));
#10514=CARTESIAN_POINT('',(-57.4840392434222,192.492793532905,0.));
#10515=CARTESIAN_POINT('',(-57.4840392434222,192.492793532905,0.));
#10516=CARTESIAN_POINT('',(-54.0920522582825,189.268884231525,0.));
#10517=CARTESIAN_POINT('',(-58.328555091793,193.29546244368,0.));
#10518=CARTESIAN_POINT('',(-54.0920522582825,189.268884231525,-10.));
#10519=CARTESIAN_POINT('Origin',(-63.6824627903035,186.43621308448,-10.));
#10520=CARTESIAN_POINT('',(-63.6824627903035,186.43621308448,-10.));
#10521=CARTESIAN_POINT('',(-54.0920522582825,189.268884231525,-10.));
#10522=CARTESIAN_POINT('',(-63.6824627903035,186.43621308448,0.));
#10523=CARTESIAN_POINT('',(-54.0920522582825,189.268884231525,0.));
#10524=CARTESIAN_POINT('',(-63.6824627903035,186.43621308448,-10.));
#10525=CARTESIAN_POINT('Origin',(-62.5864689283815,190.985714633607,-10.));
#10526=CARTESIAN_POINT('',(-62.5864689283815,190.985714633607,-10.));
#10527=CARTESIAN_POINT('',(-63.6824627903035,186.43621308448,-10.));
#10528=CARTESIAN_POINT('',(-62.5864689283815,190.985714633607,0.));
#10529=CARTESIAN_POINT('',(-63.6824627903035,186.43621308448,0.));
#10530=CARTESIAN_POINT('',(-62.5864689283815,190.985714633607,0.));
#10531=CARTESIAN_POINT('Origin',(-11.8574104897906,28.6263212190774,0.));
#10532=CARTESIAN_POINT('',(-44.3355268454878,195.596923296167,-10.));
#10533=CARTESIAN_POINT('Origin',(-11.8574104897906,28.6263212190774,-10.));
#10534=CARTESIAN_POINT('',(-44.3355268454878,195.596923296167,0.));
#10535=CARTESIAN_POINT('',(-44.3355268454878,195.596923296167,0.));
#10536=CARTESIAN_POINT('Origin',(-11.8574104897906,28.6263212190774,0.));
#10537=CARTESIAN_POINT('Origin',(-11.8574104897906,28.6263212190774,0.));
#10538=CARTESIAN_POINT('Origin',(-11.8574104897906,28.6263212190774,-10.));
#10539=CARTESIAN_POINT('Origin',(-11.8574104897906,28.6263212190774,0.));
#10540=CARTESIAN_POINT('Origin',(-11.8574104897906,28.6263212190774,0.));
#10541=CARTESIAN_POINT('',(-106.957959162022,169.657862521867,0.));
#10542=CARTESIAN_POINT('Origin',(-11.8574104897906,28.6263212190774,0.));
#10543=CARTESIAN_POINT('',(-106.957959162022,169.657862521867,-10.));
#10544=CARTESIAN_POINT('',(-106.957959162022,169.657862521867,0.));
#10545=CARTESIAN_POINT('Origin',(-11.8574104897906,28.6263212190774,-10.));
#10546=CARTESIAN_POINT('Origin',(-42.7725078079302,215.130529154503,39.));
#10547=CARTESIAN_POINT('',(-40.8649254275119,221.958758290387,38.));
#10548=CARTESIAN_POINT('',(-42.7166754146634,223.215915860823,40.));
#10549=CARTESIAN_POINT('',(-41.0661058563047,222.095340172842,38.2172868153787));
#10550=CARTESIAN_POINT('',(-43.1082539913236,220.241581276701,40.));
#10551=CARTESIAN_POINT('',(-43.763952669304,215.261055346723,40.));
#10552=CARTESIAN_POINT('',(-41.276082933005,218.83570697706,38.));
#10553=CARTESIAN_POINT('',(-31.2841442558557,211.168622767852,27.0927884361197));
#10554=CARTESIAN_POINT('',(-41.7810629465564,215.000002962283,38.));
#10555=CARTESIAN_POINT('Origin',(-44.1397375571577,197.084090588228,0.));
#10556=CARTESIAN_POINT('',(-93.010978680472,226.811399618444,40.));
#10557=CARTESIAN_POINT('',(-41.125364268576,219.980528892261,40.));
#10558=CARTESIAN_POINT('',(-82.8060871507363,202.17461208481,0.));
#10559=CARTESIAN_POINT('',(-81.687474040746,199.474041143623,-4.38461538461539));
#10560=CARTESIAN_POINT('',(-44.1397375571577,197.084090588228,0.));
#10561=CARTESIAN_POINT('',(-44.1397375571577,197.084090588228,0.));
#10562=CARTESIAN_POINT('',(-44.1397375571577,197.084090588228,0.));
#10563=CARTESIAN_POINT('Origin',(-41.125364268576,219.980528892261,40.));
#10564=CARTESIAN_POINT('',(-92.25908888829,229.738298331133,40.));
#10565=CARTESIAN_POINT('',(-40.7337856919158,222.954863476383,40.));
#10566=CARTESIAN_POINT('',(-97.2124812692002,227.686536027205,40.));
#10567=CARTESIAN_POINT('Origin',(-92.3610327653347,222.979257936857,40.));
#10568=CARTESIAN_POINT('',(-127.632236918501,188.042738629407,40.));
#10569=CARTESIAN_POINT('',(-95.3280778379882,230.142338391429,40.));
#10570=CARTESIAN_POINT('',(-125.252176897627,186.216454342381,40.));
#10571=CARTESIAN_POINT('',(-102.945053673864,169.099596668615,40.));
#10572=CARTESIAN_POINT('',(-94.6111849708546,226.148572470373,40.));
#10573=CARTESIAN_POINT('',(-94.0024235418459,226.941925810664,40.));
#10574=CARTESIAN_POINT('Origin',(-92.9819343888723,224.478247057301,40.));
#10575=CARTESIAN_POINT('Origin',(-103.553815102872,168.306243328324,39.));
#10576=CARTESIAN_POINT('',(-128.052677248402,185.844409013355,38.));
#10577=CARTESIAN_POINT('',(-125.978671629015,196.688630303978,47.8658738084036));
#10578=CARTESIAN_POINT('',(-125.553614226485,183.926810511977,38.));
#10579=CARTESIAN_POINT('',(-104.162576531881,167.512889988032,38.));
#10580=CARTESIAN_POINT('',(-126.336285075015,177.981835195344,32.8070741504054));
#10581=CARTESIAN_POINT('Origin',(-95.3280778379882,230.142338391429,40.));
#10582=CARTESIAN_POINT('',(-88.3284058484095,206.238480657187,-0.0217955081949501));
#10583=CARTESIAN_POINT('',(-96.035274219556,224.844506802233,34.696810013408));
#10584=CARTESIAN_POINT('',(-88.5576520538575,205.957706851082,0.));
#10585=CARTESIAN_POINT('Origin',(-83.7975320121101,202.30513827703,-11.9438574397082));
#10586=CARTESIAN_POINT('',(-112.908109214206,174.223573239433,0.));
#10587=CARTESIAN_POINT('',(-86.4488406043948,208.70596343856,0.));
#10588=CARTESIAN_POINT('',(-124.624550291774,183.213914681316,29.3983136357708));
#10589=CARTESIAN_POINT('Origin',(-100.868780627691,185.806832646091,-7.5));
#10590=CARTESIAN_POINT('',(-108.94134251275,171.179766094389,-10.));
#10591=CARTESIAN_POINT('',(-112.908109214206,174.223573239433,-5.));
#10592=CARTESIAN_POINT('',(-118.272567230733,178.339866651394,1.76175134594812));
#10593=CARTESIAN_POINT('',(-88.5576520538575,205.957706851082,-5.));
#10594=CARTESIAN_POINT('',(-102.852163978419,187.328736218613,-5.));
#10595=CARTESIAN_POINT('',(-84.5908853524013,202.913899706039,-10.));
#10596=CARTESIAN_POINT('',(-88.5576520538575,205.957706851082,-5.));
#10597=CARTESIAN_POINT('',(-98.8853972769625,184.284929073569,-10.));
#10598=CARTESIAN_POINT('Origin',(-83.7975320121101,202.30513827703,-7.5));
#10599=CARTESIAN_POINT('',(-83.0143748587898,208.253807445273,-5.));
#10600=CARTESIAN_POINT('Origin',(-83.7975320121101,202.30513827703,-5.));
#10601=CARTESIAN_POINT('',(-83.6670058198901,203.296583138404,-10.));
#10602=CARTESIAN_POINT('',(-83.0143748587898,208.253807445273,-5.));
#10603=CARTESIAN_POINT('Origin',(-83.7975320121101,202.30513827703,-10.));
#10604=CARTESIAN_POINT('Origin',(-81.4244535938173,205.522917938321,-7.5));
#10605=CARTESIAN_POINT('',(-43.3565804038374,203.032759756471,-5.));
#10606=CARTESIAN_POINT('',(-44.0092113649376,198.075535449602,-10.));
#10607=CARTESIAN_POINT('',(-42.473994747912,209.736663382298,1.76175134594814));
#10608=CARTESIAN_POINT('',(-81.7507690743674,203.044305784887,-10.));
#10609=CARTESIAN_POINT('',(-81.0981381132672,208.001530091756,-5.));
#10610=CARTESIAN_POINT('Origin',(-83.7975320121101,202.30513827703,0.));
#10611=CARTESIAN_POINT('',(-88.5576520538575,205.957706851082,0.));
#10612=CARTESIAN_POINT('',(-83.3750134674994,208.290242961115,-0.0217955081949501));
#10613=CARTESIAN_POINT('Origin',(-83.7975320121101,202.30513827703,1.42235857455983));
#10614=CARTESIAN_POINT('',(-83.0143748587899,208.253807445273,0.));
#10615=CARTESIAN_POINT('Origin',(-83.7975320121101,202.30513827703,-11.9438574397082));
#10616=CARTESIAN_POINT('',(-83.0143748587898,208.253807445273,0.));
#10617=CARTESIAN_POINT('Origin',(-112.908109214206,174.223573239433,0.));
#10618=CARTESIAN_POINT('',(-112.908109214206,174.223573239433,0.));
#10619=CARTESIAN_POINT('Origin',(-118.498874474488,178.513518307102,20.));
#10620=CARTESIAN_POINT('',(-106.957959162022,169.657862521867,-10.));
#10621=CARTESIAN_POINT('',(-108.147989172459,170.57100466538,0.));
#10622=CARTESIAN_POINT('',(-106.957959162022,169.657862521867,0.));
#10623=CARTESIAN_POINT('',(-112.87717056956,174.199833182424,10.3247595264192));
#10624=CARTESIAN_POINT('Origin',(-81.9135520373896,197.75680827082,-3.38461538461539));
#10625=CARTESIAN_POINT('',(-84.4062934411188,201.511784936739,0.));
#10626=CARTESIAN_POINT('Origin',(-82.7770428591365,199.841459523666,0.));
#10627=CARTESIAN_POINT('',(-83.2876803311285,198.811213995552,-4.38461538461539));
#10628=CARTESIAN_POINT('Origin',(-91.7816997513715,221.580624317416,37.3901676519177));
#10629=CARTESIAN_POINT('',(-91.0818818386458,226.896269106161,34.6968100134079));
#10630=CARTESIAN_POINT('Origin',(-40.7337856919158,222.954863476383,40.));
#10631=CARTESIAN_POINT('',(-43.3565804038374,203.032759756471,0.));
#10632=CARTESIAN_POINT('',(-40.7337856919158,222.954863476383,40.));
#10633=CARTESIAN_POINT('',(-43.3565804038374,203.032759756471,0.));
#10634=CARTESIAN_POINT('Origin',(-86.4488406043948,208.70596343856,0.));
#10635=CARTESIAN_POINT('',(-43.3565804038374,203.032759756471,0.));
#10636=CARTESIAN_POINT('Origin',(-78.1323448090219,189.181912980214,-10.));
#10637=CARTESIAN_POINT('',(-43.3565804038374,203.032759756471,-10.));
#10638=CARTESIAN_POINT('Origin',(-78.1323448090219,189.181912980214,0.));
#10639=CARTESIAN_POINT('',(-83.7975320121101,202.30513827703,0.));
#10640=CARTESIAN_POINT('',(-43.3565804038374,203.032759756471,0.));
#10641=CARTESIAN_POINT('Origin',(-83.7975320121101,202.30513827703,-1.11022302462516E-15));
#10642=CARTESIAN_POINT('Origin',(-42.4367616245368,210.019477032305,20.));
#10643=CARTESIAN_POINT('',(0.,0.,0.));
#10644=CARTESIAN_POINT('',(0.,0.,0.));
#10645=CARTESIAN_POINT('',(0.,0.,25.));
#10646=CARTESIAN_POINT('',(-1.11022302462516E-14,-30.9849068105939,33.));
#10647=CARTESIAN_POINT('',(21.9096377202042,-21.9096377202042,33.));
#10648=CARTESIAN_POINT('',(30.9849068105939,-8.88178419700125E-15,33.));
#10649=CARTESIAN_POINT('',(21.9096377202042,21.9096377202042,33.));
#10650=CARTESIAN_POINT('',(1.55431223447522E-14,30.9849068105939,33.));
#10651=CARTESIAN_POINT('',(-21.9096377202042,21.9096377202042,33.));
#10652=CARTESIAN_POINT('',(-30.9849068105939,1.33226762955019E-14,33.));
#10653=CARTESIAN_POINT('',(-21.9096377202042,-21.9096377202042,33.));
#10654=CARTESIAN_POINT('Origin',(0.,0.,0.));
#10655=UNCERTAINTY_MEASURE_WITH_UNIT(LENGTH_MEASURE(0.01),#10667,
'DISTANCE_ACCURACY_VALUE',
'Maximum model space distance between geometric entities at asserted c
onnectivities');
#10656=UNCERTAINTY_MEASURE_WITH_UNIT(LENGTH_MEASURE(0.01),#10667,
'DISTANCE_ACCURACY_VALUE',
'Maximum model space distance between geometric entities at asserted c
onnectivities');
#10657=UNCERTAINTY_MEASURE_WITH_UNIT(LENGTH_MEASURE(0.01),#10667,
'DISTANCE_ACCURACY_VALUE',
'Maximum model space distance between geometric entities at asserted c
onnectivities');
#10658=UNCERTAINTY_MEASURE_WITH_UNIT(LENGTH_MEASURE(0.01),#10667,
'DISTANCE_ACCURACY_VALUE',
'Maximum model space distance between geometric entities at asserted c
onnectivities');
#10659=UNCERTAINTY_MEASURE_WITH_UNIT(LENGTH_MEASURE(0.01),#10667,
'DISTANCE_ACCURACY_VALUE',
'Maximum model space distance between geometric entities at asserted c
onnectivities');
#10660=UNCERTAINTY_MEASURE_WITH_UNIT(LENGTH_MEASURE(0.01),#10667,
'DISTANCE_ACCURACY_VALUE',
'Maximum model space distance between geometric entities at asserted c
onnectivities');
#10661=(
GEOMETRIC_REPRESENTATION_CONTEXT(3)
GLOBAL_UNCERTAINTY_ASSIGNED_CONTEXT((#10655))
GLOBAL_UNIT_ASSIGNED_CONTEXT((#10667,#10669,#10670))
REPRESENTATION_CONTEXT('','3D')
);
#10662=(
GEOMETRIC_REPRESENTATION_CONTEXT(3)
GLOBAL_UNCERTAINTY_ASSIGNED_CONTEXT((#10656))
GLOBAL_UNIT_ASSIGNED_CONTEXT((#10667,#10669,#10670))
REPRESENTATION_CONTEXT('','3D')
);
#10663=(
GEOMETRIC_REPRESENTATION_CONTEXT(3)
GLOBAL_UNCERTAINTY_ASSIGNED_CONTEXT((#10657))
GLOBAL_UNIT_ASSIGNED_CONTEXT((#10667,#10669,#10670))
REPRESENTATION_CONTEXT('','3D')
);
#10664=(
GEOMETRIC_REPRESENTATION_CONTEXT(3)
GLOBAL_UNCERTAINTY_ASSIGNED_CONTEXT((#10658))
GLOBAL_UNIT_ASSIGNED_CONTEXT((#10667,#10669,#10670))
REPRESENTATION_CONTEXT('','3D')
);
#10665=(
GEOMETRIC_REPRESENTATION_CONTEXT(3)
GLOBAL_UNCERTAINTY_ASSIGNED_CONTEXT((#10659))
GLOBAL_UNIT_ASSIGNED_CONTEXT((#10667,#10669,#10670))
REPRESENTATION_CONTEXT('','3D')
);
#10666=(
GEOMETRIC_REPRESENTATION_CONTEXT(3)
GLOBAL_UNCERTAINTY_ASSIGNED_CONTEXT((#10660))
GLOBAL_UNIT_ASSIGNED_CONTEXT((#10667,#10669,#10670))
REPRESENTATION_CONTEXT('','3D')
);
#10667=(
LENGTH_UNIT()
NAMED_UNIT(*)
SI_UNIT(.MILLI.,.METRE.)
);
#10668=(
LENGTH_UNIT()
NAMED_UNIT(*)
SI_UNIT(.CENTI.,.METRE.)
);
#10669=(
NAMED_UNIT(*)
PLANE_ANGLE_UNIT()
SI_UNIT($,.RADIAN.)
);
#10670=(
NAMED_UNIT(*)
SI_UNIT($,.STERADIAN.)
SOLID_ANGLE_UNIT()
);
#10671=SHAPE_DEFINITION_REPRESENTATION(#10676,#10692);
#10672=SHAPE_DEFINITION_REPRESENTATION(#10677,#10693);
#10673=SHAPE_DEFINITION_REPRESENTATION(#10678,#10694);
#10674=SHAPE_DEFINITION_REPRESENTATION(#10679,#10695);
#10675=SHAPE_DEFINITION_REPRESENTATION(#10680,#10696);
#10676=PRODUCT_DEFINITION_SHAPE('',$,#10698);
#10677=PRODUCT_DEFINITION_SHAPE('',$,#10699);
#10678=PRODUCT_DEFINITION_SHAPE('',$,#10700);
#10679=PRODUCT_DEFINITION_SHAPE('',$,#10701);
#10680=PRODUCT_DEFINITION_SHAPE('',$,#10702);
#10681=PRODUCT_DEFINITION_SHAPE($,$,#47);
#10682=PRODUCT_DEFINITION_SHAPE($,$,#48);
#10683=PRODUCT_DEFINITION_SHAPE($,$,#49);
#10684=PRODUCT_DEFINITION_SHAPE($,$,#50);
#10685=PRODUCT_DEFINITION_SHAPE($,$,#51);
#10686=PRODUCT_DEFINITION_SHAPE($,$,#52);
#10687=PRODUCT_DEFINITION_SHAPE($,$,#53);
#10688=PRODUCT_DEFINITION_SHAPE($,$,#54);
#10689=PRODUCT_DEFINITION_SHAPE($,$,#55);
#10690=PRODUCT_DEFINITION_SHAPE($,$,#56);
#10691=PRODUCT_DEFINITION_SHAPE($,$,#57);
#10692=SHAPE_REPRESENTATION('',(#5504,#6062,#6063,#6064,#6065,#6066,#6067,
#6068,#6069,#6070,#6071,#6072),#10661);
#10693=SHAPE_REPRESENTATION('',(#5505),#10662);
#10694=SHAPE_REPRESENTATION('',(#5685),#10663);
#10695=SHAPE_REPRESENTATION('',(#5728),#10664);
#10696=SHAPE_REPRESENTATION('',(#6019),#10665);
#10697=PRODUCT_DEFINITION_CONTEXT('part definition',#10714,'design');
#10698=PRODUCT_DEFINITION('TurnTable','TurnTable',#10703,#10697);
#10699=PRODUCT_DEFINITION('Base','Base',#10704,#10697);
#10700=PRODUCT_DEFINITION('Bearing Lock','Bearing Lock',#10705,#10697);
#10701=PRODUCT_DEFINITION('Plate 340','Plate 340',#10706,#10697);
#10702=PRODUCT_DEFINITION('Target 340','Target 340',#10707,#10697);
#10703=PRODUCT_DEFINITION_FORMATION('',$,#10716);
#10704=PRODUCT_DEFINITION_FORMATION('',$,#10717);
#10705=PRODUCT_DEFINITION_FORMATION('',$,#10718);
#10706=PRODUCT_DEFINITION_FORMATION('',$,#10719);
#10707=PRODUCT_DEFINITION_FORMATION('',$,#10720);
#10708=PRODUCT_RELATED_PRODUCT_CATEGORY('TurnTable','TurnTable',(#10716));
#10709=PRODUCT_RELATED_PRODUCT_CATEGORY('Base','Base',(#10717));
#10710=PRODUCT_RELATED_PRODUCT_CATEGORY('Bearing Lock','Bearing Lock',(#10718));
#10711=PRODUCT_RELATED_PRODUCT_CATEGORY('Plate 340','Plate 340',(#10719));
#10712=PRODUCT_RELATED_PRODUCT_CATEGORY('Target 340','Target 340',(#10720));
#10713=APPLICATION_PROTOCOL_DEFINITION('international standard',
'automotive_design',2009,#10714);
#10714=APPLICATION_CONTEXT(
'Core Data for Automotive Mechanical Design Process');
#10715=PRODUCT_CONTEXT('part definition',#10714,'mechanical');
#10716=PRODUCT('TurnTable','TurnTable',$,(#10715));
#10717=PRODUCT('Base','Base',$,(#10715));
#10718=PRODUCT('Bearing Lock','Bearing Lock',$,(#10715));
#10719=PRODUCT('Plate 340','Plate 340',$,(#10715));
#10720=PRODUCT('Target 340','Target 340',$,(#10715));
#10721=PRESENTATION_STYLE_ASSIGNMENT((#10724));
#10722=PRESENTATION_STYLE_ASSIGNMENT((#10725));
#10723=PRESENTATION_STYLE_ASSIGNMENT((NULL_STYLE(.NULL.)));
#10724=SURFACE_STYLE_USAGE(.BOTH.,#10730);
#10725=SURFACE_STYLE_USAGE(.BOTH.,#10731);
#10726=SURFACE_STYLE_RENDERING_WITH_PROPERTIES($,#10738,(#10728));
#10727=SURFACE_STYLE_RENDERING_WITH_PROPERTIES($,#10739,(#10729));
#10728=SURFACE_STYLE_TRANSPARENT(0.);
#10729=SURFACE_STYLE_TRANSPARENT(0.480000019073486);
#10730=SURFACE_SIDE_STYLE('',(#10732,#10726));
#10731=SURFACE_SIDE_STYLE('',(#10733,#10727));
#10732=SURFACE_STYLE_FILL_AREA(#10734);
#10733=SURFACE_STYLE_FILL_AREA(#10735);
#10734=FILL_AREA_STYLE('',(#10736));
#10735=FILL_AREA_STYLE('',(#10737));
#10736=FILL_AREA_STYLE_COLOUR('',#10738);
#10737=FILL_AREA_STYLE_COLOUR('',#10739);
#10738=COLOUR_RGB('',0.501960784313725,0.501960784313725,0.501960784313725);
#10739=COLOUR_RGB('',0.831372549019608,0.811764705882353,0.);
ENDSEC;
END-ISO-10303-21;
